bucket_label,cashflow_proxy_usd,city,condition_id,event_slug,miss_bucket,notional_usd,outcome,public_playbook,replay_delta_seconds,replay_playbook,replay_size_error_ratio,timestamp_utc,trade_type
74-75°F,-4.620342,Dallas,0xb3dc595dae7ba69db03a07bde0fb3fff568c7025feafa5f75eef9bb2a7b9b16e,highest-temperature-in-dallas-on-april-1-2026,missing_quote_pair,4.620342,no,paired_under_par,,,,2026-03-28T14:30:25+00:00,buy
74-75°F,-0.075268,Dallas,0xb3dc595dae7ba69db03a07bde0fb3fff568c7025feafa5f75eef9bb2a7b9b16e,highest-temperature-in-dallas-on-april-1-2026,missing_quote_pair,0.075268,yes,paired_under_par,,,,2026-03-28T14:30:27+00:00,buy
74-75°F,-0.08129,Dallas,0xb3dc595dae7ba69db03a07bde0fb3fff568c7025feafa5f75eef9bb2a7b9b16e,highest-temperature-in-dallas-on-april-1-2026,missing_quote_pair,0.08129,yes,paired_under_par,,,,2026-03-28T14:30:27+00:00,buy
74-75°F,-0.376344,Dallas,0xb3dc595dae7ba69db03a07bde0fb3fff568c7025feafa5f75eef9bb2a7b9b16e,highest-temperature-in-dallas-on-april-1-2026,missing_quote_pair,0.376344,yes,paired_under_par,,,,2026-03-28T14:30:27+00:00,buy
74-75°F,-0.165591,Dallas,0xb3dc595dae7ba69db03a07bde0fb3fff568c7025feafa5f75eef9bb2a7b9b16e,highest-temperature-in-dallas-on-april-1-2026,missing_quote_pair,0.165591,yes,paired_under_par,,,,2026-03-28T14:30:27+00:00,buy
74-75°F,-0.376344,Dallas,0xb3dc595dae7ba69db03a07bde0fb3fff568c7025feafa5f75eef9bb2a7b9b16e,highest-temperature-in-dallas-on-april-1-2026,missing_quote_pair,0.376344,yes,paired_under_par,,,,2026-03-28T14:30:27+00:00,buy
74-75°F,-0.082795,Dallas,0xb3dc595dae7ba69db03a07bde0fb3fff568c7025feafa5f75eef9bb2a7b9b16e,highest-temperature-in-dallas-on-april-1-2026,missing_quote_pair,0.082795,yes,paired_under_par,,,,2026-03-28T14:30:27+00:00,buy
74-75°F,-0.082795,Dallas,0xb3dc595dae7ba69db03a07bde0fb3fff568c7025feafa5f75eef9bb2a7b9b16e,highest-temperature-in-dallas-on-april-1-2026,missing_quote_pair,0.082795,yes,paired_under_par,,,,2026-03-28T14:30:27+00:00,buy
74-75°F,-1.354838,Dallas,0xb3dc595dae7ba69db03a07bde0fb3fff568c7025feafa5f75eef9bb2a7b9b16e,highest-temperature-in-dallas-on-april-1-2026,missing_quote_pair,1.354838,yes,paired_under_par,,,,2026-03-28T14:30:27+00:00,buy
74-75°F,-0.174623,Dallas,0xb3dc595dae7ba69db03a07bde0fb3fff568c7025feafa5f75eef9bb2a7b9b16e,highest-temperature-in-dallas-on-april-1-2026,missing_quote_pair,0.174623,yes,paired_under_par,,,,2026-03-28T14:30:27+00:00,buy
74-75°F,-0.243118,Dallas,0xb3dc595dae7ba69db03a07bde0fb3fff568c7025feafa5f75eef9bb2a7b9b16e,highest-temperature-in-dallas-on-april-1-2026,missing_quote_pair,0.243118,yes,paired_under_par,,,,2026-03-28T14:30:29+00:00,buy
74-75°F,-0.086559,Dallas,0xb3dc595dae7ba69db03a07bde0fb3fff568c7025feafa5f75eef9bb2a7b9b16e,highest-temperature-in-dallas-on-april-1-2026,missing_quote_pair,0.086559,yes,paired_under_par,,,,2026-03-28T14:30:29+00:00,buy
74-75°F,-0.374086,Dallas,0xb3dc595dae7ba69db03a07bde0fb3fff568c7025feafa5f75eef9bb2a7b9b16e,highest-temperature-in-dallas-on-april-1-2026,missing_quote_pair,0.374086,yes,paired_under_par,,,,2026-03-28T14:30:31+00:00,buy
74-75°F,-0.071904,Dallas,0xb3dc595dae7ba69db03a07bde0fb3fff568c7025feafa5f75eef9bb2a7b9b16e,highest-temperature-in-dallas-on-april-1-2026,missing_quote_pair,0.071904,yes,paired_under_par,,,,2026-03-28T14:30:43+00:00,buy
74-75°F,-0.075268,Dallas,0xb3dc595dae7ba69db03a07bde0fb3fff568c7025feafa5f75eef9bb2a7b9b16e,highest-temperature-in-dallas-on-april-1-2026,missing_quote_pair,0.075268,yes,paired_under_par,,,,2026-03-28T14:30:43+00:00,buy
74-75°F,-4.6,Dallas,0xb3dc595dae7ba69db03a07bde0fb3fff568c7025feafa5f75eef9bb2a7b9b16e,highest-temperature-in-dallas-on-april-1-2026,missing_quote_pair,4.6,no,paired_under_par,,,,2026-03-28T14:30:47+00:00,buy
74-75°F,-0.78424,Dallas,0xb3dc595dae7ba69db03a07bde0fb3fff568c7025feafa5f75eef9bb2a7b9b16e,highest-temperature-in-dallas-on-april-1-2026,missing_quote_pair,0.78424,yes,paired_under_par,,,,2026-03-28T14:30:47+00:00,buy
74-75°F,-0.082795,Dallas,0xb3dc595dae7ba69db03a07bde0fb3fff568c7025feafa5f75eef9bb2a7b9b16e,highest-temperature-in-dallas-on-april-1-2026,missing_quote_pair,0.082795,yes,paired_under_par,,,,2026-03-28T14:30:49+00:00,buy
74-75°F,-0.376344,Dallas,0xb3dc595dae7ba69db03a07bde0fb3fff568c7025feafa5f75eef9bb2a7b9b16e,highest-temperature-in-dallas-on-april-1-2026,missing_quote_pair,0.376344,yes,paired_under_par,,,,2026-03-28T14:30:49+00:00,buy
74-75°F,-0.376344,Dallas,0xb3dc595dae7ba69db03a07bde0fb3fff568c7025feafa5f75eef9bb2a7b9b16e,highest-temperature-in-dallas-on-april-1-2026,missing_quote_pair,0.376344,yes,paired_under_par,,,,2026-03-28T14:30:49+00:00,buy
74-75°F,-0.376344,Dallas,0xb3dc595dae7ba69db03a07bde0fb3fff568c7025feafa5f75eef9bb2a7b9b16e,highest-temperature-in-dallas-on-april-1-2026,missing_quote_pair,0.376344,yes,paired_under_par,,,,2026-03-28T14:30:49+00:00,buy
74-75°F,-0.346236,Dallas,0xb3dc595dae7ba69db03a07bde0fb3fff568c7025feafa5f75eef9bb2a7b9b16e,highest-temperature-in-dallas-on-april-1-2026,missing_quote_pair,0.346236,yes,paired_under_par,,,,2026-03-28T14:30:49+00:00,buy
74-75°F,-0.24086,Dallas,0xb3dc595dae7ba69db03a07bde0fb3fff568c7025feafa5f75eef9bb2a7b9b16e,highest-temperature-in-dallas-on-april-1-2026,missing_quote_pair,0.24086,yes,paired_under_par,,,,2026-03-28T14:30:51+00:00,buy
74-75°F,-4.6,Dallas,0xb3dc595dae7ba69db03a07bde0fb3fff568c7025feafa5f75eef9bb2a7b9b16e,highest-temperature-in-dallas-on-april-1-2026,missing_quote_pair,4.6,no,paired_under_par,,,,2026-03-28T14:30:53+00:00,buy
74-75°F,-0.694911,Dallas,0xb3dc595dae7ba69db03a07bde0fb3fff568c7025feafa5f75eef9bb2a7b9b16e,highest-temperature-in-dallas-on-april-1-2026,missing_quote_pair,0.694911,yes,paired_under_par,,,,2026-03-28T14:30:53+00:00,buy
74-75°F,-0.376344,Dallas,0xb3dc595dae7ba69db03a07bde0fb3fff568c7025feafa5f75eef9bb2a7b9b16e,highest-temperature-in-dallas-on-april-1-2026,missing_quote_pair,0.376344,yes,paired_under_par,,,,2026-03-28T14:30:55+00:00,buy
74-75°F,-0.346236,Dallas,0xb3dc595dae7ba69db03a07bde0fb3fff568c7025feafa5f75eef9bb2a7b9b16e,highest-temperature-in-dallas-on-april-1-2026,missing_quote_pair,0.346236,yes,paired_under_par,,,,2026-03-28T14:30:55+00:00,buy
74-75°F,-0.082795,Dallas,0xb3dc595dae7ba69db03a07bde0fb3fff568c7025feafa5f75eef9bb2a7b9b16e,highest-temperature-in-dallas-on-april-1-2026,missing_quote_pair,0.082795,yes,paired_under_par,,,,2026-03-28T14:30:55+00:00,buy
74-75°F,-0.24086,Dallas,0xb3dc595dae7ba69db03a07bde0fb3fff568c7025feafa5f75eef9bb2a7b9b16e,highest-temperature-in-dallas-on-april-1-2026,missing_quote_pair,0.24086,yes,paired_under_par,,,,2026-03-28T14:30:57+00:00,buy
74-75°F,-4.6,Dallas,0xb3dc595dae7ba69db03a07bde0fb3fff568c7025feafa5f75eef9bb2a7b9b16e,highest-temperature-in-dallas-on-april-1-2026,missing_quote_pair,4.6,no,paired_under_par,,,,2026-03-28T14:30:57+00:00,buy
74-75°F,-0.376344,Dallas,0xb3dc595dae7ba69db03a07bde0fb3fff568c7025feafa5f75eef9bb2a7b9b16e,highest-temperature-in-dallas-on-april-1-2026,missing_quote_pair,0.376344,yes,paired_under_par,,,,2026-03-28T14:30:59+00:00,buy
74-75°F,-0.376344,Dallas,0xb3dc595dae7ba69db03a07bde0fb3fff568c7025feafa5f75eef9bb2a7b9b16e,highest-temperature-in-dallas-on-april-1-2026,missing_quote_pair,0.376344,yes,paired_under_par,,,,2026-03-28T14:30:59+00:00,buy
74-75°F,-0.376344,Dallas,0xb3dc595dae7ba69db03a07bde0fb3fff568c7025feafa5f75eef9bb2a7b9b16e,highest-temperature-in-dallas-on-april-1-2026,missing_quote_pair,0.376344,yes,paired_under_par,,,,2026-03-28T14:30:59+00:00,buy
74-75°F,-0.346236,Dallas,0xb3dc595dae7ba69db03a07bde0fb3fff568c7025feafa5f75eef9bb2a7b9b16e,highest-temperature-in-dallas-on-april-1-2026,missing_quote_pair,0.346236,yes,paired_under_par,,,,2026-03-28T14:30:59+00:00,buy
74-75°F,-0.082795,Dallas,0xb3dc595dae7ba69db03a07bde0fb3fff568c7025feafa5f75eef9bb2a7b9b16e,highest-temperature-in-dallas-on-april-1-2026,missing_quote_pair,0.082795,yes,paired_under_par,,,,2026-03-28T14:30:59+00:00,buy
74-75°F,-0.075268,Dallas,0xb3dc595dae7ba69db03a07bde0fb3fff568c7025feafa5f75eef9bb2a7b9b16e,highest-temperature-in-dallas-on-april-1-2026,missing_quote_pair,0.075268,yes,paired_under_par,,,,2026-03-28T14:30:59+00:00,buy
74-75°F,-0.24086,Dallas,0xb3dc595dae7ba69db03a07bde0fb3fff568c7025feafa5f75eef9bb2a7b9b16e,highest-temperature-in-dallas-on-april-1-2026,missing_quote_pair,0.24086,yes,paired_under_par,,,,2026-03-28T14:31:01+00:00,buy
74-75°F,-0.075268,Dallas,0xb3dc595dae7ba69db03a07bde0fb3fff568c7025feafa5f75eef9bb2a7b9b16e,highest-temperature-in-dallas-on-april-1-2026,missing_quote_pair,0.075268,yes,paired_under_par,,,,2026-03-28T14:31:03+00:00,buy
74-75°F,-0.150537,Dallas,0xb3dc595dae7ba69db03a07bde0fb3fff568c7025feafa5f75eef9bb2a7b9b16e,highest-temperature-in-dallas-on-april-1-2026,missing_quote_pair,0.150537,yes,paired_under_par,,,,2026-03-28T14:31:05+00:00,buy
74-75°F,-0.077526,Dallas,0xb3dc595dae7ba69db03a07bde0fb3fff568c7025feafa5f75eef9bb2a7b9b16e,highest-temperature-in-dallas-on-april-1-2026,missing_quote_pair,0.077526,yes,paired_under_par,,,,2026-03-28T14:31:09+00:00,buy
74-75°F,-0.165591,Dallas,0xb3dc595dae7ba69db03a07bde0fb3fff568c7025feafa5f75eef9bb2a7b9b16e,highest-temperature-in-dallas-on-april-1-2026,missing_quote_pair,0.165591,yes,paired_under_par,,,,2026-03-28T14:31:09+00:00,buy
74-75°F,-1.0304,Dallas,0xb3dc595dae7ba69db03a07bde0fb3fff568c7025feafa5f75eef9bb2a7b9b16e,highest-temperature-in-dallas-on-april-1-2026,missing_quote_pair,1.0304,no,paired_under_par,,,,2026-03-28T14:31:09+00:00,buy
74-75°F,-0.082795,Dallas,0xb3dc595dae7ba69db03a07bde0fb3fff568c7025feafa5f75eef9bb2a7b9b16e,highest-temperature-in-dallas-on-april-1-2026,missing_quote_pair,0.082795,yes,paired_under_par,,,,2026-03-28T14:31:09+00:00,buy
74-75°F,-0.075268,Dallas,0xb3dc595dae7ba69db03a07bde0fb3fff568c7025feafa5f75eef9bb2a7b9b16e,highest-temperature-in-dallas-on-april-1-2026,missing_quote_pair,0.075268,yes,paired_under_par,,,,2026-03-28T14:31:11+00:00,buy
74-75°F,-0.097849,Dallas,0xb3dc595dae7ba69db03a07bde0fb3fff568c7025feafa5f75eef9bb2a7b9b16e,highest-temperature-in-dallas-on-april-1-2026,missing_quote_pair,0.097849,yes,paired_under_par,,,,2026-03-28T14:31:17+00:00,buy
74-75°F,-0.075268,Dallas,0xb3dc595dae7ba69db03a07bde0fb3fff568c7025feafa5f75eef9bb2a7b9b16e,highest-temperature-in-dallas-on-april-1-2026,missing_quote_pair,0.075268,yes,paired_under_par,,,,2026-03-28T14:31:17+00:00,buy
74-75°F,-0.097849,Dallas,0xb3dc595dae7ba69db03a07bde0fb3fff568c7025feafa5f75eef9bb2a7b9b16e,highest-temperature-in-dallas-on-april-1-2026,missing_quote_pair,0.097849,yes,paired_under_par,,,,2026-03-28T14:31:25+00:00,buy
74-75°F,-0.097849,Dallas,0xb3dc595dae7ba69db03a07bde0fb3fff568c7025feafa5f75eef9bb2a7b9b16e,highest-temperature-in-dallas-on-april-1-2026,missing_quote_pair,0.097849,yes,paired_under_par,,,,2026-03-28T14:31:37+00:00,buy
74-75°F,-3.5696,Dallas,0xb3dc595dae7ba69db03a07bde0fb3fff568c7025feafa5f75eef9bb2a7b9b16e,highest-temperature-in-dallas-on-april-1-2026,missing_quote_pair,3.5696,no,paired_under_par,,,,2026-03-28T14:31:57+00:00,buy
76-77°F,-5.729071,Dallas,0x6d0d4f92ce29ccae6f9e43ab4a7876cd048496c4f331d3310765df88f2626de9,highest-temperature-in-dallas-on-april-1-2026,missing_quote_pair,5.729071,no,asymmetric_paired_accumulation,,,,2026-03-28T14:32:27+00:00,buy
76-77°F,-0.250434,Dallas,0x6d0d4f92ce29ccae6f9e43ab4a7876cd048496c4f331d3310765df88f2626de9,highest-temperature-in-dallas-on-april-1-2026,missing_quote_pair,0.250434,yes,asymmetric_paired_accumulation,,,,2026-03-28T14:32:29+00:00,buy
76-77°F,-0.434782,Dallas,0x6d0d4f92ce29ccae6f9e43ab4a7876cd048496c4f331d3310765df88f2626de9,highest-temperature-in-dallas-on-april-1-2026,missing_quote_pair,0.434782,yes,asymmetric_paired_accumulation,,,,2026-03-28T14:32:29+00:00,buy
76-77°F,-0.086956,Dallas,0x6d0d4f92ce29ccae6f9e43ab4a7876cd048496c4f331d3310765df88f2626de9,highest-temperature-in-dallas-on-april-1-2026,missing_quote_pair,0.086956,yes,asymmetric_paired_accumulation,,,,2026-03-28T14:32:29+00:00,buy
76-77°F,-0.348695,Dallas,0x6d0d4f92ce29ccae6f9e43ab4a7876cd048496c4f331d3310765df88f2626de9,highest-temperature-in-dallas-on-april-1-2026,missing_quote_pair,0.348695,yes,asymmetric_paired_accumulation,,,,2026-03-28T14:32:31+00:00,buy
76-77°F,-0.09913,Dallas,0x6d0d4f92ce29ccae6f9e43ab4a7876cd048496c4f331d3310765df88f2626de9,highest-temperature-in-dallas-on-april-1-2026,missing_quote_pair,0.09913,yes,asymmetric_paired_accumulation,,,,2026-03-28T14:32:31+00:00,buy
76-77°F,-0.263478,Dallas,0x6d0d4f92ce29ccae6f9e43ab4a7876cd048496c4f331d3310765df88f2626de9,highest-temperature-in-dallas-on-april-1-2026,missing_quote_pair,0.263478,yes,asymmetric_paired_accumulation,,,,2026-03-28T14:32:35+00:00,buy
76-77°F,-0.4,Dallas,0x6d0d4f92ce29ccae6f9e43ab4a7876cd048496c4f331d3310765df88f2626de9,highest-temperature-in-dallas-on-april-1-2026,missing_quote_pair,0.4,yes,asymmetric_paired_accumulation,,,,2026-03-28T14:32:35+00:00,buy
76-77°F,-0.087826,Dallas,0x6d0d4f92ce29ccae6f9e43ab4a7876cd048496c4f331d3310765df88f2626de9,highest-temperature-in-dallas-on-april-1-2026,missing_quote_pair,0.087826,yes,asymmetric_paired_accumulation,,,,2026-03-28T14:32:35+00:00,buy
76-77°F,-0.087826,Dallas,0x6d0d4f92ce29ccae6f9e43ab4a7876cd048496c4f331d3310765df88f2626de9,highest-temperature-in-dallas-on-april-1-2026,missing_quote_pair,0.087826,yes,asymmetric_paired_accumulation,,,,2026-03-28T14:32:35+00:00,buy
76-77°F,-0.215652,Dallas,0x6d0d4f92ce29ccae6f9e43ab4a7876cd048496c4f331d3310765df88f2626de9,highest-temperature-in-dallas-on-april-1-2026,missing_quote_pair,0.215652,yes,asymmetric_paired_accumulation,,,,2026-03-28T14:32:35+00:00,buy
76-77°F,-0.130434,Dallas,0x6d0d4f92ce29ccae6f9e43ab4a7876cd048496c4f331d3310765df88f2626de9,highest-temperature-in-dallas-on-april-1-2026,missing_quote_pair,0.130434,yes,asymmetric_paired_accumulation,,,,2026-03-28T14:32:35+00:00,buy
76-77°F,-10.111111,Dallas,0x6d0d4f92ce29ccae6f9e43ab4a7876cd048496c4f331d3310765df88f2626de9,highest-temperature-in-dallas-on-april-1-2026,missing_quote_pair,10.111111,no,asymmetric_paired_accumulation,,,,2026-03-28T14:32:35+00:00,buy
76-77°F,-0.087826,Dallas,0x6d0d4f92ce29ccae6f9e43ab4a7876cd048496c4f331d3310765df88f2626de9,highest-temperature-in-dallas-on-april-1-2026,missing_quote_pair,0.087826,yes,asymmetric_paired_accumulation,,,,2026-03-28T14:32:35+00:00,buy
76-77°F,-0.087826,Dallas,0x6d0d4f92ce29ccae6f9e43ab4a7876cd048496c4f331d3310765df88f2626de9,highest-temperature-in-dallas-on-april-1-2026,missing_quote_pair,0.087826,yes,asymmetric_paired_accumulation,,,,2026-03-28T14:32:35+00:00,buy
76-77°F,-0.095652,Dallas,0x6d0d4f92ce29ccae6f9e43ab4a7876cd048496c4f331d3310765df88f2626de9,highest-temperature-in-dallas-on-april-1-2026,missing_quote_pair,0.095652,yes,asymmetric_paired_accumulation,,,,2026-03-28T14:32:35+00:00,buy
76-77°F,-0.307826,Dallas,0x6d0d4f92ce29ccae6f9e43ab4a7876cd048496c4f331d3310765df88f2626de9,highest-temperature-in-dallas-on-april-1-2026,missing_quote_pair,0.307826,yes,asymmetric_paired_accumulation,,,,2026-03-28T14:32:35+00:00,buy
76-77°F,-0.087826,Dallas,0x6d0d4f92ce29ccae6f9e43ab4a7876cd048496c4f331d3310765df88f2626de9,highest-temperature-in-dallas-on-april-1-2026,missing_quote_pair,0.087826,yes,asymmetric_paired_accumulation,,,,2026-03-28T14:32:35+00:00,buy
76-77°F,-0.086956,Dallas,0x6d0d4f92ce29ccae6f9e43ab4a7876cd048496c4f331d3310765df88f2626de9,highest-temperature-in-dallas-on-april-1-2026,missing_quote_pair,0.086956,yes,asymmetric_paired_accumulation,,,,2026-03-28T14:32:37+00:00,buy
76-77°F,-0.086956,Dallas,0x6d0d4f92ce29ccae6f9e43ab4a7876cd048496c4f331d3310765df88f2626de9,highest-temperature-in-dallas-on-april-1-2026,missing_quote_pair,0.086956,yes,asymmetric_paired_accumulation,,,,2026-03-28T14:32:37+00:00,buy
76-77°F,-2.093,Dallas,0x6d0d4f92ce29ccae6f9e43ab4a7876cd048496c4f331d3310765df88f2626de9,highest-temperature-in-dallas-on-april-1-2026,missing_quote_pair,2.093,no,asymmetric_paired_accumulation,,,,2026-03-28T14:32:37+00:00,buy
76-77°F,-8.018111,Dallas,0x6d0d4f92ce29ccae6f9e43ab4a7876cd048496c4f331d3310765df88f2626de9,highest-temperature-in-dallas-on-april-1-2026,missing_quote_pair,8.018111,no,asymmetric_paired_accumulation,,,,2026-03-28T14:32:37+00:00,buy
76-77°F,-0.103478,Dallas,0x6d0d4f92ce29ccae6f9e43ab4a7876cd048496c4f331d3310765df88f2626de9,highest-temperature-in-dallas-on-april-1-2026,missing_quote_pair,0.103478,yes,asymmetric_paired_accumulation,,,,2026-03-28T14:32:37+00:00,buy
76-77°F,-0.43913,Dallas,0x6d0d4f92ce29ccae6f9e43ab4a7876cd048496c4f331d3310765df88f2626de9,highest-temperature-in-dallas-on-april-1-2026,missing_quote_pair,0.43913,yes,asymmetric_paired_accumulation,,,,2026-03-28T14:32:37+00:00,buy
76-77°F,-0.086956,Dallas,0x6d0d4f92ce29ccae6f9e43ab4a7876cd048496c4f331d3310765df88f2626de9,highest-temperature-in-dallas-on-april-1-2026,missing_quote_pair,0.086956,yes,asymmetric_paired_accumulation,,,,2026-03-28T14:32:37+00:00,buy
76-77°F,-0.347826,Dallas,0x6d0d4f92ce29ccae6f9e43ab4a7876cd048496c4f331d3310765df88f2626de9,highest-temperature-in-dallas-on-april-1-2026,missing_quote_pair,0.347826,yes,asymmetric_paired_accumulation,,,,2026-03-28T14:32:39+00:00,buy
76-77°F,-0.173913,Dallas,0x6d0d4f92ce29ccae6f9e43ab4a7876cd048496c4f331d3310765df88f2626de9,highest-temperature-in-dallas-on-april-1-2026,missing_quote_pair,0.173913,yes,asymmetric_paired_accumulation,,,,2026-03-28T14:32:39+00:00,buy
76-77°F,-0.095652,Dallas,0x6d0d4f92ce29ccae6f9e43ab4a7876cd048496c4f331d3310765df88f2626de9,highest-temperature-in-dallas-on-april-1-2026,missing_quote_pair,0.095652,yes,asymmetric_paired_accumulation,,,,2026-03-28T14:32:39+00:00,buy
76-77°F,-0.611304,Dallas,0x6d0d4f92ce29ccae6f9e43ab4a7876cd048496c4f331d3310765df88f2626de9,highest-temperature-in-dallas-on-april-1-2026,missing_quote_pair,0.611304,yes,asymmetric_paired_accumulation,,,,2026-03-28T14:32:39+00:00,buy
76-77°F,-0.113043,Dallas,0x6d0d4f92ce29ccae6f9e43ab4a7876cd048496c4f331d3310765df88f2626de9,highest-temperature-in-dallas-on-april-1-2026,missing_quote_pair,0.113043,yes,asymmetric_paired_accumulation,,,,2026-03-28T14:32:41+00:00,buy
76-77°F,-0.392173,Dallas,0x6d0d4f92ce29ccae6f9e43ab4a7876cd048496c4f331d3310765df88f2626de9,highest-temperature-in-dallas-on-april-1-2026,missing_quote_pair,0.392173,yes,asymmetric_paired_accumulation,,,,2026-03-28T14:32:41+00:00,buy
76-77°F,-0.086956,Dallas,0x6d0d4f92ce29ccae6f9e43ab4a7876cd048496c4f331d3310765df88f2626de9,highest-temperature-in-dallas-on-april-1-2026,missing_quote_pair,0.086956,yes,asymmetric_paired_accumulation,,,,2026-03-28T14:32:41+00:00,buy
76-77°F,-1.0738,Dallas,0x6d0d4f92ce29ccae6f9e43ab4a7876cd048496c4f331d3310765df88f2626de9,highest-temperature-in-dallas-on-april-1-2026,missing_quote_pair,1.0738,no,asymmetric_paired_accumulation,,,,2026-03-28T14:32:41+00:00,buy
76-77°F,-9.037311,Dallas,0x6d0d4f92ce29ccae6f9e43ab4a7876cd048496c4f331d3310765df88f2626de9,highest-temperature-in-dallas-on-april-1-2026,missing_quote_pair,9.037311,no,asymmetric_paired_accumulation,,,,2026-03-28T14:32:41+00:00,buy
76-77°F,-0.126086,Dallas,0x6d0d4f92ce29ccae6f9e43ab4a7876cd048496c4f331d3310765df88f2626de9,highest-temperature-in-dallas-on-april-1-2026,missing_quote_pair,0.126086,yes,asymmetric_paired_accumulation,,,,2026-03-28T14:32:41+00:00,buy
76-77°F,-0.116521,Dallas,0x6d0d4f92ce29ccae6f9e43ab4a7876cd048496c4f331d3310765df88f2626de9,highest-temperature-in-dallas-on-april-1-2026,missing_quote_pair,0.116521,yes,asymmetric_paired_accumulation,,,,2026-03-28T14:32:41+00:00,buy
76-77°F,-0.095652,Dallas,0x6d0d4f92ce29ccae6f9e43ab4a7876cd048496c4f331d3310765df88f2626de9,highest-temperature-in-dallas-on-april-1-2026,missing_quote_pair,0.095652,yes,asymmetric_paired_accumulation,,,,2026-03-28T14:32:43+00:00,buy
76-77°F,-0.095652,Dallas,0x6d0d4f92ce29ccae6f9e43ab4a7876cd048496c4f331d3310765df88f2626de9,highest-temperature-in-dallas-on-april-1-2026,missing_quote_pair,0.095652,yes,asymmetric_paired_accumulation,,,,2026-03-28T14:32:45+00:00,buy
76-77°F,-0.086956,Dallas,0x6d0d4f92ce29ccae6f9e43ab4a7876cd048496c4f331d3310765df88f2626de9,highest-temperature-in-dallas-on-april-1-2026,missing_quote_pair,0.086956,yes,asymmetric_paired_accumulation,,,,2026-03-28T14:32:45+00:00,buy
76-77°F,-9.1,Dallas,0x6d0d4f92ce29ccae6f9e43ab4a7876cd048496c4f331d3310765df88f2626de9,highest-temperature-in-dallas-on-april-1-2026,missing_quote_pair,9.1,no,asymmetric_paired_accumulation,,,,2026-03-28T14:32:51+00:00,buy
74-75°F,-0.064204,Dallas,0xb3dc595dae7ba69db03a07bde0fb3fff568c7025feafa5f75eef9bb2a7b9b16e,highest-temperature-in-dallas-on-april-1-2026,missing_quote_pair,0.064204,yes,paired_under_par,,,,2026-03-28T14:33:21+00:00,buy
74-75°F,-0.225806,Dallas,0xb3dc595dae7ba69db03a07bde0fb3fff568c7025feafa5f75eef9bb2a7b9b16e,highest-temperature-in-dallas-on-april-1-2026,missing_quote_pair,0.225806,yes,paired_under_par,,,,2026-03-28T14:33:21+00:00,buy
74-75°F,-9.137606,Dallas,0xb3dc595dae7ba69db03a07bde0fb3fff568c7025feafa5f75eef9bb2a7b9b16e,highest-temperature-in-dallas-on-april-1-2026,missing_quote_pair,9.137606,no,paired_under_par,,,,2026-03-28T14:33:39+00:00,buy
74-75°F,-0.35,Dallas,0xb3dc595dae7ba69db03a07bde0fb3fff568c7025feafa5f75eef9bb2a7b9b16e,highest-temperature-in-dallas-on-april-1-2026,missing_quote_pair,0.35,yes,paired_under_par,,,,2026-03-28T14:33:39+00:00,buy
74-75°F,-0.102365,Dallas,0xb3dc595dae7ba69db03a07bde0fb3fff568c7025feafa5f75eef9bb2a7b9b16e,highest-temperature-in-dallas-on-april-1-2026,missing_quote_pair,0.102365,yes,paired_under_par,,,,2026-03-28T14:33:39+00:00,buy
74-75°F,-0.082795,Dallas,0xb3dc595dae7ba69db03a07bde0fb3fff568c7025feafa5f75eef9bb2a7b9b16e,highest-temperature-in-dallas-on-april-1-2026,missing_quote_pair,0.082795,yes,paired_under_par,,,,2026-03-28T14:33:39+00:00,buy
74-75°F,-0.075268,Dallas,0xb3dc595dae7ba69db03a07bde0fb3fff568c7025feafa5f75eef9bb2a7b9b16e,highest-temperature-in-dallas-on-april-1-2026,missing_quote_pair,0.075268,yes,paired_under_par,,,,2026-03-28T14:33:39+00:00,buy
74-75°F,-0.207741,Dallas,0xb3dc595dae7ba69db03a07bde0fb3fff568c7025feafa5f75eef9bb2a7b9b16e,highest-temperature-in-dallas-on-april-1-2026,missing_quote_pair,0.207741,yes,paired_under_par,,,,2026-03-28T14:33:39+00:00,buy
74-75°F,-0.082795,Dallas,0xb3dc595dae7ba69db03a07bde0fb3fff568c7025feafa5f75eef9bb2a7b9b16e,highest-temperature-in-dallas-on-april-1-2026,missing_quote_pair,0.082795,yes,paired_under_par,,,,2026-03-28T14:33:39+00:00,buy
74-75°F,-0.692473,Dallas,0xb3dc595dae7ba69db03a07bde0fb3fff568c7025feafa5f75eef9bb2a7b9b16e,highest-temperature-in-dallas-on-april-1-2026,missing_quote_pair,0.692473,yes,paired_under_par,,,,2026-03-28T14:33:41+00:00,buy
74-75°F,-0.346236,Dallas,0xb3dc595dae7ba69db03a07bde0fb3fff568c7025feafa5f75eef9bb2a7b9b16e,highest-temperature-in-dallas-on-april-1-2026,missing_quote_pair,0.346236,yes,paired_under_par,,,,2026-03-28T14:33:41+00:00,buy
74-75°F,-0.137741,Dallas,0xb3dc595dae7ba69db03a07bde0fb3fff568c7025feafa5f75eef9bb2a7b9b16e,highest-temperature-in-dallas-on-april-1-2026,missing_quote_pair,0.137741,yes,paired_under_par,,,,2026-03-28T14:33:41+00:00,buy
74-75°F,-0.376344,Dallas,0xb3dc595dae7ba69db03a07bde0fb3fff568c7025feafa5f75eef9bb2a7b9b16e,highest-temperature-in-dallas-on-april-1-2026,missing_quote_pair,0.376344,yes,paired_under_par,,,,2026-03-28T14:33:41+00:00,buy
74-75°F,-0.086559,Dallas,0xb3dc595dae7ba69db03a07bde0fb3fff568c7025feafa5f75eef9bb2a7b9b16e,highest-temperature-in-dallas-on-april-1-2026,missing_quote_pair,0.086559,yes,paired_under_par,,,,2026-03-28T14:33:43+00:00,buy
76-77°F,-0.272222,Dallas,0x6d0d4f92ce29ccae6f9e43ab4a7876cd048496c4f331d3310765df88f2626de9,highest-temperature-in-dallas-on-april-1-2026,missing_quote_pair,0.272222,yes,asymmetric_paired_accumulation,,,,2026-03-28T14:33:43+00:00,buy
74-75°F,-0.48172,Dallas,0xb3dc595dae7ba69db03a07bde0fb3fff568c7025feafa5f75eef9bb2a7b9b16e,highest-temperature-in-dallas-on-april-1-2026,missing_quote_pair,0.48172,yes,paired_under_par,,,,2026-03-28T14:33:43+00:00,buy
76-77°F,-0.27,Dallas,0x6d0d4f92ce29ccae6f9e43ab4a7876cd048496c4f331d3310765df88f2626de9,highest-temperature-in-dallas-on-april-1-2026,missing_quote_pair,0.27,yes,asymmetric_paired_accumulation,,,,2026-03-28T14:33:55+00:00,buy
76-77°F,-0.243333,Dallas,0x6d0d4f92ce29ccae6f9e43ab4a7876cd048496c4f331d3310765df88f2626de9,highest-temperature-in-dallas-on-april-1-2026,missing_quote_pair,0.243333,yes,asymmetric_paired_accumulation,,,,2026-03-28T14:34:09+00:00,buy
78-79°F,-16.646028,Dallas,0x15e11df37779921a92411b8694ee6001e6aa6fe1168cb21daa8820628e009b69,highest-temperature-in-dallas-on-april-1-2026,missing_quote_pair,16.646028,no,paired_under_par,,,,2026-03-28T14:34:15+00:00,buy
78-79°F,-0.22909,Dallas,0x15e11df37779921a92411b8694ee6001e6aa6fe1168cb21daa8820628e009b69,highest-temperature-in-dallas-on-april-1-2026,missing_quote_pair,0.22909,yes,paired_under_par,,,,2026-03-28T14:34:17+00:00,buy
78-79°F,-0.22909,Dallas,0x15e11df37779921a92411b8694ee6001e6aa6fe1168cb21daa8820628e009b69,highest-temperature-in-dallas-on-april-1-2026,missing_quote_pair,0.22909,yes,paired_under_par,,,,2026-03-28T14:34:17+00:00,buy
78-79°F,-0.22909,Dallas,0x15e11df37779921a92411b8694ee6001e6aa6fe1168cb21daa8820628e009b69,highest-temperature-in-dallas-on-april-1-2026,missing_quote_pair,0.22909,yes,paired_under_par,,,,2026-03-28T14:34:17+00:00,buy
78-79°F,-0.136363,Dallas,0x15e11df37779921a92411b8694ee6001e6aa6fe1168cb21daa8820628e009b69,highest-temperature-in-dallas-on-april-1-2026,missing_quote_pair,0.136363,yes,paired_under_par,,,,2026-03-28T14:34:17+00:00,buy
78-79°F,-0.22909,Dallas,0x15e11df37779921a92411b8694ee6001e6aa6fe1168cb21daa8820628e009b69,highest-temperature-in-dallas-on-april-1-2026,missing_quote_pair,0.22909,yes,paired_under_par,,,,2026-03-28T14:34:17+00:00,buy
78-79°F,-1.145454,Dallas,0x15e11df37779921a92411b8694ee6001e6aa6fe1168cb21daa8820628e009b69,highest-temperature-in-dallas-on-april-1-2026,missing_quote_pair,1.145454,yes,paired_under_par,,,,2026-03-28T14:34:17+00:00,buy
78-79°F,-0.22909,Dallas,0x15e11df37779921a92411b8694ee6001e6aa6fe1168cb21daa8820628e009b69,highest-temperature-in-dallas-on-april-1-2026,missing_quote_pair,0.22909,yes,paired_under_par,,,,2026-03-28T14:34:17+00:00,buy
78-79°F,-0.22909,Dallas,0x15e11df37779921a92411b8694ee6001e6aa6fe1168cb21daa8820628e009b69,highest-temperature-in-dallas-on-april-1-2026,missing_quote_pair,0.22909,yes,paired_under_par,,,,2026-03-28T14:34:17+00:00,buy
74-75°F,-0.692473,Dallas,0xb3dc595dae7ba69db03a07bde0fb3fff568c7025feafa5f75eef9bb2a7b9b16e,highest-temperature-in-dallas-on-april-1-2026,missing_quote_pair,0.692473,yes,paired_under_par,,,,2026-03-28T14:34:19+00:00,buy
74-75°F,-0.082795,Dallas,0xb3dc595dae7ba69db03a07bde0fb3fff568c7025feafa5f75eef9bb2a7b9b16e,highest-temperature-in-dallas-on-april-1-2026,missing_quote_pair,0.082795,yes,paired_under_par,,,,2026-03-28T14:34:19+00:00,buy
78-79°F,-1.59,Dallas,0x15e11df37779921a92411b8694ee6001e6aa6fe1168cb21daa8820628e009b69,highest-temperature-in-dallas-on-april-1-2026,missing_quote_pair,1.59,yes,paired_under_par,,,,2026-03-28T14:34:19+00:00,buy
74-75°F,-0.075268,Dallas,0xb3dc595dae7ba69db03a07bde0fb3fff568c7025feafa5f75eef9bb2a7b9b16e,highest-temperature-in-dallas-on-april-1-2026,missing_quote_pair,0.075268,yes,paired_under_par,,,,2026-03-28T14:34:19+00:00,buy
78-79°F,-0.238636,Dallas,0x15e11df37779921a92411b8694ee6001e6aa6fe1168cb21daa8820628e009b69,highest-temperature-in-dallas-on-april-1-2026,missing_quote_pair,0.238636,yes,paired_under_par,,,,2026-03-28T14:34:19+00:00,buy
78-79°F,-0.45409,Dallas,0x15e11df37779921a92411b8694ee6001e6aa6fe1168cb21daa8820628e009b69,highest-temperature-in-dallas-on-april-1-2026,missing_quote_pair,0.45409,yes,paired_under_par,,,,2026-03-28T14:34:19+00:00,buy
74-75°F,-0.102365,Dallas,0xb3dc595dae7ba69db03a07bde0fb3fff568c7025feafa5f75eef9bb2a7b9b16e,highest-temperature-in-dallas-on-april-1-2026,missing_quote_pair,0.102365,yes,paired_under_par,,,,2026-03-28T14:34:19+00:00,buy
74-75°F,-0.346236,Dallas,0xb3dc595dae7ba69db03a07bde0fb3fff568c7025feafa5f75eef9bb2a7b9b16e,highest-temperature-in-dallas-on-april-1-2026,missing_quote_pair,0.346236,yes,paired_under_par,,,,2026-03-28T14:34:19+00:00,buy
74-75°F,-0.35,Dallas,0xb3dc595dae7ba69db03a07bde0fb3fff568c7025feafa5f75eef9bb2a7b9b16e,highest-temperature-in-dallas-on-april-1-2026,missing_quote_pair,0.35,yes,paired_under_par,,,,2026-03-28T14:34:19+00:00,buy
74-75°F,-0.082795,Dallas,0xb3dc595dae7ba69db03a07bde0fb3fff568c7025feafa5f75eef9bb2a7b9b16e,highest-temperature-in-dallas-on-april-1-2026,missing_quote_pair,0.082795,yes,paired_under_par,,,,2026-03-28T14:34:19+00:00,buy
74-75°F,-9.2,Dallas,0xb3dc595dae7ba69db03a07bde0fb3fff568c7025feafa5f75eef9bb2a7b9b16e,highest-temperature-in-dallas-on-april-1-2026,missing_quote_pair,9.2,no,paired_under_par,,,,2026-03-28T14:34:19+00:00,buy
74-75°F,-0.48172,Dallas,0xb3dc595dae7ba69db03a07bde0fb3fff568c7025feafa5f75eef9bb2a7b9b16e,highest-temperature-in-dallas-on-april-1-2026,missing_quote_pair,0.48172,yes,paired_under_par,,,,2026-03-28T14:34:21+00:00,buy
74-75°F,-0.137741,Dallas,0xb3dc595dae7ba69db03a07bde0fb3fff568c7025feafa5f75eef9bb2a7b9b16e,highest-temperature-in-dallas-on-april-1-2026,missing_quote_pair,0.137741,yes,paired_under_par,,,,2026-03-28T14:34:23+00:00,buy
76-77°F,-0.298888,Dallas,0x6d0d4f92ce29ccae6f9e43ab4a7876cd048496c4f331d3310765df88f2626de9,highest-temperature-in-dallas-on-april-1-2026,missing_quote_pair,0.298888,yes,asymmetric_paired_accumulation,,,,2026-03-28T14:34:27+00:00,buy
78-79°F,-0.6,Dallas,0x15e11df37779921a92411b8694ee6001e6aa6fe1168cb21daa8820628e009b69,highest-temperature-in-dallas-on-april-1-2026,missing_quote_pair,0.6,yes,paired_under_par,,,,2026-03-28T14:34:33+00:00,buy
78-79°F,-0.2376,Dallas,0x15e11df37779921a92411b8694ee6001e6aa6fe1168cb21daa8820628e009b69,highest-temperature-in-dallas-on-april-1-2026,missing_quote_pair,0.2376,yes,paired_under_par,,,,2026-03-28T14:34:47+00:00,buy
78-79°F,-1.1571,Dallas,0x15e11df37779921a92411b8694ee6001e6aa6fe1168cb21daa8820628e009b69,highest-temperature-in-dallas-on-april-1-2026,missing_quote_pair,1.1571,no,paired_under_par,,,,2026-03-28T14:34:49+00:00,buy
74-75°F,-0.185913,Dallas,0xb3dc595dae7ba69db03a07bde0fb3fff568c7025feafa5f75eef9bb2a7b9b16e,highest-temperature-in-dallas-on-april-1-2026,missing_quote_pair,0.185913,yes,paired_under_par,,,,2026-03-28T14:34:51+00:00,buy
78-79°F,-0.136363,Dallas,0x15e11df37779921a92411b8694ee6001e6aa6fe1168cb21daa8820628e009b69,highest-temperature-in-dallas-on-april-1-2026,missing_quote_pair,0.136363,yes,paired_under_par,,,,2026-03-28T14:34:51+00:00,buy
80-81°F,-5.251781,Dallas,0x21e679503465f7f609a31862105795194bd85731363b3d90e93dec9e7091df3f,highest-temperature-in-dallas-on-april-1-2026,missing_quote_pair,5.251781,no,paired_under_par,,,,2026-03-28T14:34:51+00:00,buy
78-79°F,-0.15,Dallas,0x15e11df37779921a92411b8694ee6001e6aa6fe1168cb21daa8820628e009b69,highest-temperature-in-dallas-on-april-1-2026,missing_quote_pair,0.15,yes,paired_under_par,,,,2026-03-28T14:34:51+00:00,buy
78-79°F,-0.156818,Dallas,0x15e11df37779921a92411b8694ee6001e6aa6fe1168cb21daa8820628e009b69,highest-temperature-in-dallas-on-april-1-2026,missing_quote_pair,0.156818,yes,paired_under_par,,,,2026-03-28T14:34:51+00:00,buy
80-81°F,-0.4,Dallas,0x21e679503465f7f609a31862105795194bd85731363b3d90e93dec9e7091df3f,highest-temperature-in-dallas-on-april-1-2026,missing_quote_pair,0.4,yes,paired_under_par,,,,2026-03-28T14:34:53+00:00,buy
80-81°F,-0.095652,Dallas,0x21e679503465f7f609a31862105795194bd85731363b3d90e93dec9e7091df3f,highest-temperature-in-dallas-on-april-1-2026,missing_quote_pair,0.095652,yes,paired_under_par,,,,2026-03-28T14:34:53+00:00,buy
80-81°F,-0.095652,Dallas,0x21e679503465f7f609a31862105795194bd85731363b3d90e93dec9e7091df3f,highest-temperature-in-dallas-on-april-1-2026,missing_quote_pair,0.095652,yes,paired_under_par,,,,2026-03-28T14:34:53+00:00,buy
80-81°F,-0.229565,Dallas,0x21e679503465f7f609a31862105795194bd85731363b3d90e93dec9e7091df3f,highest-temperature-in-dallas-on-april-1-2026,missing_quote_pair,0.229565,yes,paired_under_par,,,,2026-03-28T14:34:53+00:00,buy
80-81°F,-0.086956,Dallas,0x21e679503465f7f609a31862105795194bd85731363b3d90e93dec9e7091df3f,highest-temperature-in-dallas-on-april-1-2026,missing_quote_pair,0.086956,yes,paired_under_par,,,,2026-03-28T14:34:55+00:00,buy
80-81°F,-0.31913,Dallas,0x21e679503465f7f609a31862105795194bd85731363b3d90e93dec9e7091df3f,highest-temperature-in-dallas-on-april-1-2026,missing_quote_pair,0.31913,yes,paired_under_par,,,,2026-03-28T14:34:55+00:00,buy
80-81°F,-0.104347,Dallas,0x21e679503465f7f609a31862105795194bd85731363b3d90e93dec9e7091df3f,highest-temperature-in-dallas-on-april-1-2026,missing_quote_pair,0.104347,yes,paired_under_par,,,,2026-03-28T14:34:55+00:00,buy
74-75°F,-0.185913,Dallas,0xb3dc595dae7ba69db03a07bde0fb3fff568c7025feafa5f75eef9bb2a7b9b16e,highest-temperature-in-dallas-on-april-1-2026,missing_quote_pair,0.185913,yes,paired_under_par,,,,2026-03-28T14:34:59+00:00,buy
74-75°F,-1.272908,Dallas,0xb3dc595dae7ba69db03a07bde0fb3fff568c7025feafa5f75eef9bb2a7b9b16e,highest-temperature-in-dallas-on-april-1-2026,missing_quote_pair,1.272908,yes,paired_under_par,,,,2026-03-28T14:35:09+00:00,buy
78-79°F,-0.508636,Dallas,0x15e11df37779921a92411b8694ee6001e6aa6fe1168cb21daa8820628e009b69,highest-temperature-in-dallas-on-april-1-2026,missing_quote_pair,0.508636,yes,paired_under_par,,,,2026-03-28T14:35:27+00:00,buy
76-77°F,-0.333333,Dallas,0x6d0d4f92ce29ccae6f9e43ab4a7876cd048496c4f331d3310765df88f2626de9,highest-temperature-in-dallas-on-april-1-2026,missing_quote_pair,0.333333,yes,asymmetric_paired_accumulation,,,,2026-03-28T14:35:29+00:00,buy
76-77°F,-0.333333,Dallas,0x6d0d4f92ce29ccae6f9e43ab4a7876cd048496c4f331d3310765df88f2626de9,highest-temperature-in-dallas-on-april-1-2026,missing_quote_pair,0.333333,yes,asymmetric_paired_accumulation,,,,2026-03-28T14:35:29+00:00,buy
74-75°F,-5.191071,Dallas,0xb3dc595dae7ba69db03a07bde0fb3fff568c7025feafa5f75eef9bb2a7b9b16e,highest-temperature-in-dallas-on-april-1-2026,missing_quote_pair,5.191071,no,paired_under_par,,,,2026-03-28T14:35:49+00:00,buy
74-75°F,-0.075268,Dallas,0xb3dc595dae7ba69db03a07bde0fb3fff568c7025feafa5f75eef9bb2a7b9b16e,highest-temperature-in-dallas-on-april-1-2026,missing_quote_pair,0.075268,yes,paired_under_par,,,,2026-03-28T14:35:53+00:00,buy
74-75°F,-0.137741,Dallas,0xb3dc595dae7ba69db03a07bde0fb3fff568c7025feafa5f75eef9bb2a7b9b16e,highest-temperature-in-dallas-on-april-1-2026,missing_quote_pair,0.137741,yes,paired_under_par,,,,2026-03-28T14:35:53+00:00,buy
74-75°F,-18.275211,Dallas,0xb3dc595dae7ba69db03a07bde0fb3fff568c7025feafa5f75eef9bb2a7b9b16e,highest-temperature-in-dallas-on-april-1-2026,missing_quote_pair,18.275211,no,paired_under_par,,,,2026-03-28T14:35:53+00:00,buy
74-75°F,-0.137741,Dallas,0xb3dc595dae7ba69db03a07bde0fb3fff568c7025feafa5f75eef9bb2a7b9b16e,highest-temperature-in-dallas-on-april-1-2026,missing_quote_pair,0.137741,yes,paired_under_par,,,,2026-03-28T14:35:53+00:00,buy
74-75°F,-0.205483,Dallas,0xb3dc595dae7ba69db03a07bde0fb3fff568c7025feafa5f75eef9bb2a7b9b16e,highest-temperature-in-dallas-on-april-1-2026,missing_quote_pair,0.205483,yes,paired_under_par,,,,2026-03-28T14:35:53+00:00,buy
74-75°F,-0.137741,Dallas,0xb3dc595dae7ba69db03a07bde0fb3fff568c7025feafa5f75eef9bb2a7b9b16e,highest-temperature-in-dallas-on-april-1-2026,missing_quote_pair,0.137741,yes,paired_under_par,,,,2026-03-28T14:35:53+00:00,buy
74-75°F,-0.137741,Dallas,0xb3dc595dae7ba69db03a07bde0fb3fff568c7025feafa5f75eef9bb2a7b9b16e,highest-temperature-in-dallas-on-april-1-2026,missing_quote_pair,0.137741,yes,paired_under_par,,,,2026-03-28T14:35:53+00:00,buy
74-75°F,-0.964193,Dallas,0xb3dc595dae7ba69db03a07bde0fb3fff568c7025feafa5f75eef9bb2a7b9b16e,highest-temperature-in-dallas-on-april-1-2026,missing_quote_pair,0.964193,yes,paired_under_par,,,,2026-03-28T14:35:55+00:00,buy
74-75°F,-0.752688,Dallas,0xb3dc595dae7ba69db03a07bde0fb3fff568c7025feafa5f75eef9bb2a7b9b16e,highest-temperature-in-dallas-on-april-1-2026,missing_quote_pair,0.752688,yes,paired_under_par,,,,2026-03-28T14:35:55+00:00,buy
74-75°F,-0.376344,Dallas,0xb3dc595dae7ba69db03a07bde0fb3fff568c7025feafa5f75eef9bb2a7b9b16e,highest-temperature-in-dallas-on-april-1-2026,missing_quote_pair,0.376344,yes,paired_under_par,,,,2026-03-28T14:35:55+00:00,buy
74-75°F,-0.275483,Dallas,0xb3dc595dae7ba69db03a07bde0fb3fff568c7025feafa5f75eef9bb2a7b9b16e,highest-temperature-in-dallas-on-april-1-2026,missing_quote_pair,0.275483,yes,paired_under_par,,,,2026-03-28T14:35:55+00:00,buy
74-75°F,-0.138494,Dallas,0xb3dc595dae7ba69db03a07bde0fb3fff568c7025feafa5f75eef9bb2a7b9b16e,highest-temperature-in-dallas-on-april-1-2026,missing_quote_pair,0.138494,yes,paired_under_par,,,,2026-03-28T14:35:55+00:00,buy
74-75°F,-0.082795,Dallas,0xb3dc595dae7ba69db03a07bde0fb3fff568c7025feafa5f75eef9bb2a7b9b16e,highest-temperature-in-dallas-on-april-1-2026,missing_quote_pair,0.082795,yes,paired_under_par,,,,2026-03-28T14:35:55+00:00,buy
74-75°F,-0.10387,Dallas,0xb3dc595dae7ba69db03a07bde0fb3fff568c7025feafa5f75eef9bb2a7b9b16e,highest-temperature-in-dallas-on-april-1-2026,missing_quote_pair,0.10387,yes,paired_under_par,,,,2026-03-28T14:35:57+00:00,buy
74-75°F,-0.35,Dallas,0xb3dc595dae7ba69db03a07bde0fb3fff568c7025feafa5f75eef9bb2a7b9b16e,highest-temperature-in-dallas-on-april-1-2026,missing_quote_pair,0.35,yes,paired_under_par,,,,2026-03-28T14:36:25+00:00,buy
74-75°F,-0.1295,Dallas,0xb3dc595dae7ba69db03a07bde0fb3fff568c7025feafa5f75eef9bb2a7b9b16e,highest-temperature-in-dallas-on-april-1-2026,missing_quote_pair,0.1295,yes,paired_under_par,,,,2026-03-28T14:36:27+00:00,buy
74-75°F,-0.1169,Dallas,0xb3dc595dae7ba69db03a07bde0fb3fff568c7025feafa5f75eef9bb2a7b9b16e,highest-temperature-in-dallas-on-april-1-2026,missing_quote_pair,0.1169,yes,paired_under_par,,,,2026-03-28T14:36:29+00:00,buy
76-77°F,-8.9,Dallas,0x6d0d4f92ce29ccae6f9e43ab4a7876cd048496c4f331d3310765df88f2626de9,highest-temperature-in-dallas-on-april-1-2026,missing_quote_pair,8.9,no,asymmetric_paired_accumulation,,,,2026-03-28T14:37:11+00:00,buy
22°C,-0.067853,Mexico City,0x547fee7ce34ec6a2bb35972ce79f57d3fbf8907208e62b1f0575631e0fde1fb4,highest-temperature-in-mexico-city-on-april-1-2026,missing_quote_pair,0.067853,yes,asymmetric_paired_accumulation,,,,2026-03-28T14:38:47+00:00,buy
22°C,-47.75,Mexico City,0x547fee7ce34ec6a2bb35972ce79f57d3fbf8907208e62b1f0575631e0fde1fb4,highest-temperature-in-mexico-city-on-april-1-2026,missing_quote_pair,47.75,no,asymmetric_paired_accumulation,,,,2026-03-28T14:38:47+00:00,buy
22°C,-0.224764,Mexico City,0x547fee7ce34ec6a2bb35972ce79f57d3fbf8907208e62b1f0575631e0fde1fb4,highest-temperature-in-mexico-city-on-april-1-2026,missing_quote_pair,0.224764,yes,asymmetric_paired_accumulation,,,,2026-03-28T14:38:47+00:00,buy
22°C,-0.224764,Mexico City,0x547fee7ce34ec6a2bb35972ce79f57d3fbf8907208e62b1f0575631e0fde1fb4,highest-temperature-in-mexico-city-on-april-1-2026,missing_quote_pair,0.224764,yes,asymmetric_paired_accumulation,,,,2026-03-28T14:38:47+00:00,buy
22°C,-0.224764,Mexico City,0x547fee7ce34ec6a2bb35972ce79f57d3fbf8907208e62b1f0575631e0fde1fb4,highest-temperature-in-mexico-city-on-april-1-2026,missing_quote_pair,0.224764,yes,asymmetric_paired_accumulation,,,,2026-03-28T14:38:47+00:00,buy
22°C,-0.04712,Mexico City,0x547fee7ce34ec6a2bb35972ce79f57d3fbf8907208e62b1f0575631e0fde1fb4,highest-temperature-in-mexico-city-on-april-1-2026,missing_quote_pair,0.04712,yes,asymmetric_paired_accumulation,,,,2026-03-28T14:38:47+00:00,buy
22°C,-1.124764,Mexico City,0x547fee7ce34ec6a2bb35972ce79f57d3fbf8907208e62b1f0575631e0fde1fb4,highest-temperature-in-mexico-city-on-april-1-2026,missing_quote_pair,1.124764,yes,asymmetric_paired_accumulation,,,,2026-03-28T14:38:47+00:00,buy
22°C,-0.054188,Mexico City,0x547fee7ce34ec6a2bb35972ce79f57d3fbf8907208e62b1f0575631e0fde1fb4,highest-temperature-in-mexico-city-on-april-1-2026,missing_quote_pair,0.054188,yes,asymmetric_paired_accumulation,,,,2026-03-28T14:38:47+00:00,buy
22°C,-0.051832,Mexico City,0x547fee7ce34ec6a2bb35972ce79f57d3fbf8907208e62b1f0575631e0fde1fb4,highest-temperature-in-mexico-city-on-april-1-2026,missing_quote_pair,0.051832,yes,asymmetric_paired_accumulation,,,,2026-03-28T14:38:47+00:00,buy
22°C,-0.112617,Mexico City,0x547fee7ce34ec6a2bb35972ce79f57d3fbf8907208e62b1f0575631e0fde1fb4,highest-temperature-in-mexico-city-on-april-1-2026,missing_quote_pair,0.112617,yes,asymmetric_paired_accumulation,,,,2026-03-28T14:38:47+00:00,buy
22°C,-0.05089,Mexico City,0x547fee7ce34ec6a2bb35972ce79f57d3fbf8907208e62b1f0575631e0fde1fb4,highest-temperature-in-mexico-city-on-april-1-2026,missing_quote_pair,0.05089,yes,asymmetric_paired_accumulation,,,,2026-03-28T14:38:47+00:00,buy
22°C,-0.224764,Mexico City,0x547fee7ce34ec6a2bb35972ce79f57d3fbf8907208e62b1f0575631e0fde1fb4,highest-temperature-in-mexico-city-on-april-1-2026,missing_quote_pair,0.224764,yes,asymmetric_paired_accumulation,,,,2026-03-28T14:38:47+00:00,buy
22°C,-0.067382,Mexico City,0x547fee7ce34ec6a2bb35972ce79f57d3fbf8907208e62b1f0575631e0fde1fb4,highest-temperature-in-mexico-city-on-april-1-2026,missing_quote_pair,0.067382,yes,asymmetric_paired_accumulation,,,,2026-03-28T14:38:47+00:00,buy
22°C,-0.224764,Mexico City,0x547fee7ce34ec6a2bb35972ce79f57d3fbf8907208e62b1f0575631e0fde1fb4,highest-temperature-in-mexico-city-on-april-1-2026,missing_quote_pair,0.224764,yes,asymmetric_paired_accumulation,,,,2026-03-28T14:38:47+00:00,buy
22°C,-0.078219,Mexico City,0x547fee7ce34ec6a2bb35972ce79f57d3fbf8907208e62b1f0575631e0fde1fb4,highest-temperature-in-mexico-city-on-april-1-2026,missing_quote_pair,0.078219,yes,asymmetric_paired_accumulation,,,,2026-03-28T14:38:49+00:00,buy
22°C,-1.569581,Mexico City,0x547fee7ce34ec6a2bb35972ce79f57d3fbf8907208e62b1f0575631e0fde1fb4,highest-temperature-in-mexico-city-on-april-1-2026,missing_quote_pair,1.569581,yes,asymmetric_paired_accumulation,,,,2026-03-28T14:38:49+00:00,buy
22°C,-0.112146,Mexico City,0x547fee7ce34ec6a2bb35972ce79f57d3fbf8907208e62b1f0575631e0fde1fb4,highest-temperature-in-mexico-city-on-april-1-2026,missing_quote_pair,0.112146,yes,asymmetric_paired_accumulation,,,,2026-03-28T14:38:51+00:00,buy
22°C,-0.448115,Mexico City,0x547fee7ce34ec6a2bb35972ce79f57d3fbf8907208e62b1f0575631e0fde1fb4,highest-temperature-in-mexico-city-on-april-1-2026,missing_quote_pair,0.448115,yes,asymmetric_paired_accumulation,,,,2026-03-28T14:38:51+00:00,buy
22°C,-9.54,Mexico City,0x547fee7ce34ec6a2bb35972ce79f57d3fbf8907208e62b1f0575631e0fde1fb4,highest-temperature-in-mexico-city-on-april-1-2026,missing_quote_pair,9.54,no,asymmetric_paired_accumulation,,,,2026-03-28T14:38:55+00:00,buy
22°C,-0.051832,Mexico City,0x547fee7ce34ec6a2bb35972ce79f57d3fbf8907208e62b1f0575631e0fde1fb4,highest-temperature-in-mexico-city-on-april-1-2026,missing_quote_pair,0.051832,yes,asymmetric_paired_accumulation,,,,2026-03-28T14:38:55+00:00,buy
22°C,-0.04712,Mexico City,0x547fee7ce34ec6a2bb35972ce79f57d3fbf8907208e62b1f0575631e0fde1fb4,highest-temperature-in-mexico-city-on-april-1-2026,missing_quote_pair,0.04712,yes,asymmetric_paired_accumulation,,,,2026-03-28T14:38:55+00:00,buy
22°C,-2.25,Mexico City,0x547fee7ce34ec6a2bb35972ce79f57d3fbf8907208e62b1f0575631e0fde1fb4,highest-temperature-in-mexico-city-on-april-1-2026,missing_quote_pair,2.25,yes,asymmetric_paired_accumulation,,,,2026-03-28T14:38:55+00:00,buy
22°C,-0.04712,Mexico City,0x547fee7ce34ec6a2bb35972ce79f57d3fbf8907208e62b1f0575631e0fde1fb4,highest-temperature-in-mexico-city-on-april-1-2026,missing_quote_pair,0.04712,yes,asymmetric_paired_accumulation,,,,2026-03-28T14:38:55+00:00,buy
22°C,-0.04712,Mexico City,0x547fee7ce34ec6a2bb35972ce79f57d3fbf8907208e62b1f0575631e0fde1fb4,highest-temperature-in-mexico-city-on-april-1-2026,missing_quote_pair,0.04712,yes,asymmetric_paired_accumulation,,,,2026-03-28T14:38:55+00:00,buy
22°C,-0.051832,Mexico City,0x547fee7ce34ec6a2bb35972ce79f57d3fbf8907208e62b1f0575631e0fde1fb4,highest-temperature-in-mexico-city-on-april-1-2026,missing_quote_pair,0.051832,yes,asymmetric_paired_accumulation,,,,2026-03-28T14:38:55+00:00,buy
22°C,-0.04712,Mexico City,0x547fee7ce34ec6a2bb35972ce79f57d3fbf8907208e62b1f0575631e0fde1fb4,highest-temperature-in-mexico-city-on-april-1-2026,missing_quote_pair,0.04712,yes,asymmetric_paired_accumulation,,,,2026-03-28T14:38:55+00:00,buy
22°C,-0.05089,Mexico City,0x547fee7ce34ec6a2bb35972ce79f57d3fbf8907208e62b1f0575631e0fde1fb4,highest-temperature-in-mexico-city-on-april-1-2026,missing_quote_pair,0.05089,yes,asymmetric_paired_accumulation,,,,2026-03-28T14:38:55+00:00,buy
22°C,-0.706806,Mexico City,0x547fee7ce34ec6a2bb35972ce79f57d3fbf8907208e62b1f0575631e0fde1fb4,highest-temperature-in-mexico-city-on-april-1-2026,missing_quote_pair,0.706806,yes,asymmetric_paired_accumulation,,,,2026-03-28T14:38:55+00:00,buy
22°C,-0.312879,Mexico City,0x547fee7ce34ec6a2bb35972ce79f57d3fbf8907208e62b1f0575631e0fde1fb4,highest-temperature-in-mexico-city-on-april-1-2026,missing_quote_pair,0.312879,yes,asymmetric_paired_accumulation,,,,2026-03-28T14:38:57+00:00,buy
22°C,-0.089057,Mexico City,0x547fee7ce34ec6a2bb35972ce79f57d3fbf8907208e62b1f0575631e0fde1fb4,highest-temperature-in-mexico-city-on-april-1-2026,missing_quote_pair,0.089057,yes,asymmetric_paired_accumulation,,,,2026-03-28T14:38:57+00:00,buy
22°C,-9.54,Mexico City,0x547fee7ce34ec6a2bb35972ce79f57d3fbf8907208e62b1f0575631e0fde1fb4,highest-temperature-in-mexico-city-on-april-1-2026,missing_quote_pair,9.54,no,asymmetric_paired_accumulation,,,,2026-03-28T14:39:01+00:00,buy
22°C,-0.18,Mexico City,0x547fee7ce34ec6a2bb35972ce79f57d3fbf8907208e62b1f0575631e0fde1fb4,highest-temperature-in-mexico-city-on-april-1-2026,missing_quote_pair,0.18,yes,asymmetric_paired_accumulation,,,,2026-03-28T14:39:01+00:00,buy
22°C,-0.05089,Mexico City,0x547fee7ce34ec6a2bb35972ce79f57d3fbf8907208e62b1f0575631e0fde1fb4,highest-temperature-in-mexico-city-on-april-1-2026,missing_quote_pair,0.05089,yes,asymmetric_paired_accumulation,,,,2026-03-28T14:39:03+00:00,buy
22°C,-0.04712,Mexico City,0x547fee7ce34ec6a2bb35972ce79f57d3fbf8907208e62b1f0575631e0fde1fb4,highest-temperature-in-mexico-city-on-april-1-2026,missing_quote_pair,0.04712,yes,asymmetric_paired_accumulation,,,,2026-03-28T14:39:03+00:00,buy
22°C,-0.04712,Mexico City,0x547fee7ce34ec6a2bb35972ce79f57d3fbf8907208e62b1f0575631e0fde1fb4,highest-temperature-in-mexico-city-on-april-1-2026,missing_quote_pair,0.04712,yes,asymmetric_paired_accumulation,,,,2026-03-28T14:39:03+00:00,buy
22°C,-0.04712,Mexico City,0x547fee7ce34ec6a2bb35972ce79f57d3fbf8907208e62b1f0575631e0fde1fb4,highest-temperature-in-mexico-city-on-april-1-2026,missing_quote_pair,0.04712,yes,asymmetric_paired_accumulation,,,,2026-03-28T14:39:03+00:00,buy
22°C,-0.051832,Mexico City,0x547fee7ce34ec6a2bb35972ce79f57d3fbf8907208e62b1f0575631e0fde1fb4,highest-temperature-in-mexico-city-on-april-1-2026,missing_quote_pair,0.051832,yes,asymmetric_paired_accumulation,,,,2026-03-28T14:39:03+00:00,buy
22°C,-0.051832,Mexico City,0x547fee7ce34ec6a2bb35972ce79f57d3fbf8907208e62b1f0575631e0fde1fb4,highest-temperature-in-mexico-city-on-april-1-2026,missing_quote_pair,0.051832,yes,asymmetric_paired_accumulation,,,,2026-03-28T14:39:03+00:00,buy
22°C,-0.04712,Mexico City,0x547fee7ce34ec6a2bb35972ce79f57d3fbf8907208e62b1f0575631e0fde1fb4,highest-temperature-in-mexico-city-on-april-1-2026,missing_quote_pair,0.04712,yes,asymmetric_paired_accumulation,,,,2026-03-28T14:39:03+00:00,buy
22°C,-0.04712,Mexico City,0x547fee7ce34ec6a2bb35972ce79f57d3fbf8907208e62b1f0575631e0fde1fb4,highest-temperature-in-mexico-city-on-april-1-2026,missing_quote_pair,0.04712,yes,asymmetric_paired_accumulation,,,,2026-03-28T14:39:03+00:00,buy
22°C,-0.089057,Mexico City,0x547fee7ce34ec6a2bb35972ce79f57d3fbf8907208e62b1f0575631e0fde1fb4,highest-temperature-in-mexico-city-on-april-1-2026,missing_quote_pair,0.089057,yes,asymmetric_paired_accumulation,,,,2026-03-28T14:39:05+00:00,buy
22°C,-0.312879,Mexico City,0x547fee7ce34ec6a2bb35972ce79f57d3fbf8907208e62b1f0575631e0fde1fb4,highest-temperature-in-mexico-city-on-april-1-2026,missing_quote_pair,0.312879,yes,asymmetric_paired_accumulation,,,,2026-03-28T14:39:05+00:00,buy
22°C,-0.067382,Mexico City,0x547fee7ce34ec6a2bb35972ce79f57d3fbf8907208e62b1f0575631e0fde1fb4,highest-temperature-in-mexico-city-on-april-1-2026,missing_quote_pair,0.067382,yes,asymmetric_paired_accumulation,,,,2026-03-28T14:39:05+00:00,buy
22°C,-0.18,Mexico City,0x547fee7ce34ec6a2bb35972ce79f57d3fbf8907208e62b1f0575631e0fde1fb4,highest-temperature-in-mexico-city-on-april-1-2026,missing_quote_pair,0.18,yes,asymmetric_paired_accumulation,,,,2026-03-28T14:39:07+00:00,buy
22°C,-0.225,Mexico City,0x547fee7ce34ec6a2bb35972ce79f57d3fbf8907208e62b1f0575631e0fde1fb4,highest-temperature-in-mexico-city-on-april-1-2026,missing_quote_pair,0.225,yes,asymmetric_paired_accumulation,,,,2026-03-28T14:39:09+00:00,buy
22°C,-0.051832,Mexico City,0x547fee7ce34ec6a2bb35972ce79f57d3fbf8907208e62b1f0575631e0fde1fb4,highest-temperature-in-mexico-city-on-april-1-2026,missing_quote_pair,0.051832,yes,asymmetric_paired_accumulation,,,,2026-03-28T14:39:15+00:00,buy
22°C,-0.04712,Mexico City,0x547fee7ce34ec6a2bb35972ce79f57d3fbf8907208e62b1f0575631e0fde1fb4,highest-temperature-in-mexico-city-on-april-1-2026,missing_quote_pair,0.04712,yes,asymmetric_paired_accumulation,,,,2026-03-28T14:39:15+00:00,buy
22°C,-0.05089,Mexico City,0x547fee7ce34ec6a2bb35972ce79f57d3fbf8907208e62b1f0575631e0fde1fb4,highest-temperature-in-mexico-city-on-april-1-2026,missing_quote_pair,0.05089,yes,asymmetric_paired_accumulation,,,,2026-03-28T14:39:15+00:00,buy
22°C,-5.88618,Mexico City,0x547fee7ce34ec6a2bb35972ce79f57d3fbf8907208e62b1f0575631e0fde1fb4,highest-temperature-in-mexico-city-on-april-1-2026,missing_quote_pair,5.88618,no,asymmetric_paired_accumulation,,,,2026-03-28T14:39:15+00:00,buy
22°C,-0.051832,Mexico City,0x547fee7ce34ec6a2bb35972ce79f57d3fbf8907208e62b1f0575631e0fde1fb4,highest-temperature-in-mexico-city-on-april-1-2026,missing_quote_pair,0.051832,yes,asymmetric_paired_accumulation,,,,2026-03-28T14:39:15+00:00,buy
22°C,-0.235602,Mexico City,0x547fee7ce34ec6a2bb35972ce79f57d3fbf8907208e62b1f0575631e0fde1fb4,highest-temperature-in-mexico-city-on-april-1-2026,missing_quote_pair,0.235602,yes,asymmetric_paired_accumulation,,,,2026-03-28T14:39:15+00:00,buy
22°C,-3.65382,Mexico City,0x547fee7ce34ec6a2bb35972ce79f57d3fbf8907208e62b1f0575631e0fde1fb4,highest-temperature-in-mexico-city-on-april-1-2026,missing_quote_pair,3.65382,no,asymmetric_paired_accumulation,,,,2026-03-28T14:39:17+00:00,buy
22°C,-0.05089,Mexico City,0x547fee7ce34ec6a2bb35972ce79f57d3fbf8907208e62b1f0575631e0fde1fb4,highest-temperature-in-mexico-city-on-april-1-2026,missing_quote_pair,0.05089,yes,asymmetric_paired_accumulation,,,,2026-03-28T14:39:17+00:00,buy
22°C,-0.051832,Mexico City,0x547fee7ce34ec6a2bb35972ce79f57d3fbf8907208e62b1f0575631e0fde1fb4,highest-temperature-in-mexico-city-on-april-1-2026,missing_quote_pair,0.051832,yes,asymmetric_paired_accumulation,,,,2026-03-28T14:39:17+00:00,buy
22°C,-0.054659,Mexico City,0x547fee7ce34ec6a2bb35972ce79f57d3fbf8907208e62b1f0575631e0fde1fb4,highest-temperature-in-mexico-city-on-april-1-2026,missing_quote_pair,0.054659,yes,asymmetric_paired_accumulation,,,,2026-03-28T14:39:17+00:00,buy
22°C,-0.193193,Mexico City,0x547fee7ce34ec6a2bb35972ce79f57d3fbf8907208e62b1f0575631e0fde1fb4,highest-temperature-in-mexico-city-on-april-1-2026,missing_quote_pair,0.193193,yes,asymmetric_paired_accumulation,,,,2026-03-28T14:39:17+00:00,buy
22°C,-0.225,Mexico City,0x547fee7ce34ec6a2bb35972ce79f57d3fbf8907208e62b1f0575631e0fde1fb4,highest-temperature-in-mexico-city-on-april-1-2026,missing_quote_pair,0.225,yes,asymmetric_paired_accumulation,,,,2026-03-28T14:39:19+00:00,buy
22°C,-0.119685,Mexico City,0x547fee7ce34ec6a2bb35972ce79f57d3fbf8907208e62b1f0575631e0fde1fb4,highest-temperature-in-mexico-city-on-april-1-2026,missing_quote_pair,0.119685,yes,asymmetric_paired_accumulation,,,,2026-03-28T14:39:19+00:00,buy
23°C,-1.19764,Mexico City,0x9815d8a0a736bd3f2bd05e1d0c0b7fd7872aedaa1ef65754f080af06c14455dd,highest-temperature-in-mexico-city-on-april-1-2026,missing_quote_pair,1.19764,yes,paired_under_par,,,,2026-03-28T14:39:59+00:00,buy
23°C,-1.19764,Mexico City,0x9815d8a0a736bd3f2bd05e1d0c0b7fd7872aedaa1ef65754f080af06c14455dd,highest-temperature-in-mexico-city-on-april-1-2026,missing_quote_pair,1.19764,yes,paired_under_par,,,,2026-03-28T14:39:59+00:00,buy
23°C,-1.19764,Mexico City,0x9815d8a0a736bd3f2bd05e1d0c0b7fd7872aedaa1ef65754f080af06c14455dd,highest-temperature-in-mexico-city-on-april-1-2026,missing_quote_pair,1.19764,yes,paired_under_par,,,,2026-03-28T14:39:59+00:00,buy
23°C,-1.19764,Mexico City,0x9815d8a0a736bd3f2bd05e1d0c0b7fd7872aedaa1ef65754f080af06c14455dd,highest-temperature-in-mexico-city-on-april-1-2026,missing_quote_pair,1.19764,yes,paired_under_par,,,,2026-03-28T14:39:59+00:00,buy
23°C,-95.801481,Mexico City,0x9815d8a0a736bd3f2bd05e1d0c0b7fd7872aedaa1ef65754f080af06c14455dd,highest-temperature-in-mexico-city-on-april-1-2026,missing_quote_pair,95.801481,no,paired_under_par,,,,2026-03-28T14:39:59+00:00,buy
23°C,-0.126067,Mexico City,0x9815d8a0a736bd3f2bd05e1d0c0b7fd7872aedaa1ef65754f080af06c14455dd,highest-temperature-in-mexico-city-on-april-1-2026,missing_quote_pair,0.126067,yes,paired_under_par,,,,2026-03-28T14:39:59+00:00,buy
23°C,-4.94382,Mexico City,0x9815d8a0a736bd3f2bd05e1d0c0b7fd7872aedaa1ef65754f080af06c14455dd,highest-temperature-in-mexico-city-on-april-1-2026,missing_quote_pair,4.94382,yes,paired_under_par,,,,2026-03-28T14:39:59+00:00,buy
23°C,-0.238539,Mexico City,0x9815d8a0a736bd3f2bd05e1d0c0b7fd7872aedaa1ef65754f080af06c14455dd,highest-temperature-in-mexico-city-on-april-1-2026,missing_quote_pair,0.238539,yes,paired_under_par,,,,2026-03-28T14:40:01+00:00,buy
23°C,-0.234831,Mexico City,0x9815d8a0a736bd3f2bd05e1d0c0b7fd7872aedaa1ef65754f080af06c14455dd,highest-temperature-in-mexico-city-on-april-1-2026,missing_quote_pair,0.234831,yes,paired_under_par,,,,2026-03-28T14:40:01+00:00,buy
23°C,-0.599438,Mexico City,0x9815d8a0a736bd3f2bd05e1d0c0b7fd7872aedaa1ef65754f080af06c14455dd,highest-temperature-in-mexico-city-on-april-1-2026,missing_quote_pair,0.599438,yes,paired_under_par,,,,2026-03-28T14:40:01+00:00,buy
23°C,-5.989438,Mexico City,0x9815d8a0a736bd3f2bd05e1d0c0b7fd7872aedaa1ef65754f080af06c14455dd,highest-temperature-in-mexico-city-on-april-1-2026,missing_quote_pair,5.989438,yes,paired_under_par,,,,2026-03-28T14:40:01+00:00,buy
23°C,-0.289213,Mexico City,0x9815d8a0a736bd3f2bd05e1d0c0b7fd7872aedaa1ef65754f080af06c14455dd,highest-temperature-in-mexico-city-on-april-1-2026,missing_quote_pair,0.289213,yes,paired_under_par,,,,2026-03-28T14:40:01+00:00,buy
23°C,-0.358426,Mexico City,0x9815d8a0a736bd3f2bd05e1d0c0b7fd7872aedaa1ef65754f080af06c14455dd,highest-temperature-in-mexico-city-on-april-1-2026,missing_quote_pair,0.358426,yes,paired_under_par,,,,2026-03-28T14:40:01+00:00,buy
23°C,-0.362134,Mexico City,0x9815d8a0a736bd3f2bd05e1d0c0b7fd7872aedaa1ef65754f080af06c14455dd,highest-temperature-in-mexico-city-on-april-1-2026,missing_quote_pair,0.362134,yes,paired_under_par,,,,2026-03-28T14:40:01+00:00,buy
23°C,-2.376741,Mexico City,0x9815d8a0a736bd3f2bd05e1d0c0b7fd7872aedaa1ef65754f080af06c14455dd,highest-temperature-in-mexico-city-on-april-1-2026,missing_quote_pair,2.376741,yes,paired_under_par,,,,2026-03-28T14:40:03+00:00,buy
23°C,-8.319213,Mexico City,0x9815d8a0a736bd3f2bd05e1d0c0b7fd7872aedaa1ef65754f080af06c14455dd,highest-temperature-in-mexico-city-on-april-1-2026,missing_quote_pair,8.319213,yes,paired_under_par,,,,2026-03-28T14:40:03+00:00,buy
23°C,-0.598202,Mexico City,0x9815d8a0a736bd3f2bd05e1d0c0b7fd7872aedaa1ef65754f080af06c14455dd,highest-temperature-in-mexico-city-on-april-1-2026,missing_quote_pair,0.598202,yes,paired_under_par,,,,2026-03-28T14:40:03+00:00,buy
23°C,-0.177977,Mexico City,0x9815d8a0a736bd3f2bd05e1d0c0b7fd7872aedaa1ef65754f080af06c14455dd,highest-temperature-in-mexico-city-on-april-1-2026,missing_quote_pair,0.177977,yes,paired_under_par,,,,2026-03-28T14:40:03+00:00,buy
23°C,-8.726666,Mexico City,0x9815d8a0a736bd3f2bd05e1d0c0b7fd7872aedaa1ef65754f080af06c14455dd,highest-temperature-in-mexico-city-on-april-1-2026,missing_quote_pair,8.726666,no,paired_under_par,,,,2026-03-28T14:40:07+00:00,buy
23°C,-0.498089,Mexico City,0x9815d8a0a736bd3f2bd05e1d0c0b7fd7872aedaa1ef65754f080af06c14455dd,highest-temperature-in-mexico-city-on-april-1-2026,missing_quote_pair,0.498089,yes,paired_under_par,,,,2026-03-28T14:40:07+00:00,buy
23°C,-0.135955,Mexico City,0x9815d8a0a736bd3f2bd05e1d0c0b7fd7872aedaa1ef65754f080af06c14455dd,highest-temperature-in-mexico-city-on-april-1-2026,missing_quote_pair,0.135955,yes,paired_under_par,,,,2026-03-28T14:40:07+00:00,buy
23°C,-0.617977,Mexico City,0x9815d8a0a736bd3f2bd05e1d0c0b7fd7872aedaa1ef65754f080af06c14455dd,highest-temperature-in-mexico-city-on-april-1-2026,missing_quote_pair,0.617977,yes,paired_under_par,,,,2026-03-28T14:40:07+00:00,buy
23°C,-8.066666,Mexico City,0x9815d8a0a736bd3f2bd05e1d0c0b7fd7872aedaa1ef65754f080af06c14455dd,highest-temperature-in-mexico-city-on-april-1-2026,missing_quote_pair,8.066666,no,paired_under_par,,,,2026-03-28T14:40:07+00:00,buy
23°C,-0.135955,Mexico City,0x9815d8a0a736bd3f2bd05e1d0c0b7fd7872aedaa1ef65754f080af06c14455dd,highest-temperature-in-mexico-city-on-april-1-2026,missing_quote_pair,0.135955,yes,paired_under_par,,,,2026-03-28T14:40:07+00:00,buy
23°C,-1.077752,Mexico City,0x9815d8a0a736bd3f2bd05e1d0c0b7fd7872aedaa1ef65754f080af06c14455dd,highest-temperature-in-mexico-city-on-april-1-2026,missing_quote_pair,1.077752,yes,paired_under_par,,,,2026-03-28T14:40:07+00:00,buy
23°C,-0.538876,Mexico City,0x9815d8a0a736bd3f2bd05e1d0c0b7fd7872aedaa1ef65754f080af06c14455dd,highest-temperature-in-mexico-city-on-april-1-2026,missing_quote_pair,0.538876,yes,paired_under_par,,,,2026-03-28T14:40:07+00:00,buy
23°C,-0.135955,Mexico City,0x9815d8a0a736bd3f2bd05e1d0c0b7fd7872aedaa1ef65754f080af06c14455dd,highest-temperature-in-mexico-city-on-april-1-2026,missing_quote_pair,0.135955,yes,paired_under_par,,,,2026-03-28T14:40:09+00:00,buy
23°C,-0.996179,Mexico City,0x9815d8a0a736bd3f2bd05e1d0c0b7fd7872aedaa1ef65754f080af06c14455dd,highest-temperature-in-mexico-city-on-april-1-2026,missing_quote_pair,0.996179,yes,paired_under_par,,,,2026-03-28T14:40:09+00:00,buy
23°C,-0.747752,Mexico City,0x9815d8a0a736bd3f2bd05e1d0c0b7fd7872aedaa1ef65754f080af06c14455dd,highest-temperature-in-mexico-city-on-april-1-2026,missing_quote_pair,0.747752,yes,paired_under_par,,,,2026-03-28T14:40:09+00:00,buy
23°C,-0.138426,Mexico City,0x9815d8a0a736bd3f2bd05e1d0c0b7fd7872aedaa1ef65754f080af06c14455dd,highest-temperature-in-mexico-city-on-april-1-2026,missing_quote_pair,0.138426,yes,paired_under_par,,,,2026-03-28T14:40:11+00:00,buy
23°C,-0.697078,Mexico City,0x9815d8a0a736bd3f2bd05e1d0c0b7fd7872aedaa1ef65754f080af06c14455dd,highest-temperature-in-mexico-city-on-april-1-2026,missing_quote_pair,0.697078,yes,paired_under_par,,,,2026-03-28T14:40:11+00:00,buy
23°C,-0.138426,Mexico City,0x9815d8a0a736bd3f2bd05e1d0c0b7fd7872aedaa1ef65754f080af06c14455dd,highest-temperature-in-mexico-city-on-april-1-2026,missing_quote_pair,0.138426,yes,paired_under_par,,,,2026-03-28T14:40:11+00:00,buy
23°C,-11.293333,Mexico City,0x9815d8a0a736bd3f2bd05e1d0c0b7fd7872aedaa1ef65754f080af06c14455dd,highest-temperature-in-mexico-city-on-april-1-2026,missing_quote_pair,11.293333,no,paired_under_par,,,,2026-03-28T14:40:11+00:00,buy
23°C,-0.135955,Mexico City,0x9815d8a0a736bd3f2bd05e1d0c0b7fd7872aedaa1ef65754f080af06c14455dd,highest-temperature-in-mexico-city-on-april-1-2026,missing_quote_pair,0.135955,yes,paired_under_par,,,,2026-03-28T14:40:11+00:00,buy
23°C,-0.124831,Mexico City,0x9815d8a0a736bd3f2bd05e1d0c0b7fd7872aedaa1ef65754f080af06c14455dd,highest-temperature-in-mexico-city-on-april-1-2026,missing_quote_pair,0.124831,yes,paired_under_par,,,,2026-03-28T14:40:11+00:00,buy
23°C,-1.235955,Mexico City,0x9815d8a0a736bd3f2bd05e1d0c0b7fd7872aedaa1ef65754f080af06c14455dd,highest-temperature-in-mexico-city-on-april-1-2026,missing_quote_pair,1.235955,yes,paired_under_par,,,,2026-03-28T14:40:11+00:00,buy
23°C,-0.690898,Mexico City,0x9815d8a0a736bd3f2bd05e1d0c0b7fd7872aedaa1ef65754f080af06c14455dd,highest-temperature-in-mexico-city-on-april-1-2026,missing_quote_pair,0.690898,yes,paired_under_par,,,,2026-03-28T14:40:11+00:00,buy
23°C,-0.138426,Mexico City,0x9815d8a0a736bd3f2bd05e1d0c0b7fd7872aedaa1ef65754f080af06c14455dd,highest-temperature-in-mexico-city-on-april-1-2026,missing_quote_pair,0.138426,yes,paired_under_par,,,,2026-03-28T14:40:13+00:00,buy
23°C,-0.138426,Mexico City,0x9815d8a0a736bd3f2bd05e1d0c0b7fd7872aedaa1ef65754f080af06c14455dd,highest-temperature-in-mexico-city-on-april-1-2026,missing_quote_pair,0.138426,yes,paired_under_par,,,,2026-03-28T14:40:13+00:00,buy
23°C,-0.212584,Mexico City,0x9815d8a0a736bd3f2bd05e1d0c0b7fd7872aedaa1ef65754f080af06c14455dd,highest-temperature-in-mexico-city-on-april-1-2026,missing_quote_pair,0.212584,yes,paired_under_par,,,,2026-03-28T14:40:13+00:00,buy
23°C,-0.138426,Mexico City,0x9815d8a0a736bd3f2bd05e1d0c0b7fd7872aedaa1ef65754f080af06c14455dd,highest-temperature-in-mexico-city-on-april-1-2026,missing_quote_pair,0.138426,yes,paired_under_par,,,,2026-03-28T14:40:13+00:00,buy
23°C,-0.196516,Mexico City,0x9815d8a0a736bd3f2bd05e1d0c0b7fd7872aedaa1ef65754f080af06c14455dd,highest-temperature-in-mexico-city-on-april-1-2026,missing_quote_pair,0.196516,yes,paired_under_par,,,,2026-03-28T14:40:15+00:00,buy
23°C,-0.55,Mexico City,0x9815d8a0a736bd3f2bd05e1d0c0b7fd7872aedaa1ef65754f080af06c14455dd,highest-temperature-in-mexico-city-on-april-1-2026,missing_quote_pair,0.55,yes,paired_under_par,,,,2026-03-28T14:40:23+00:00,buy
23°C,-0.9592,Mexico City,0x9815d8a0a736bd3f2bd05e1d0c0b7fd7872aedaa1ef65754f080af06c14455dd,highest-temperature-in-mexico-city-on-april-1-2026,missing_quote_pair,0.9592,no,paired_under_par,,,,2026-03-28T14:40:27+00:00,buy
23°C,-0.9592,Mexico City,0x9815d8a0a736bd3f2bd05e1d0c0b7fd7872aedaa1ef65754f080af06c14455dd,highest-temperature-in-mexico-city-on-april-1-2026,missing_quote_pair,0.9592,no,paired_under_par,,,,2026-03-28T14:40:27+00:00,buy
23°C,-0.88,Mexico City,0x9815d8a0a736bd3f2bd05e1d0c0b7fd7872aedaa1ef65754f080af06c14455dd,highest-temperature-in-mexico-city-on-april-1-2026,missing_quote_pair,0.88,yes,paired_under_par,,,,2026-03-28T14:40:27+00:00,buy
23°C,-0.135955,Mexico City,0x9815d8a0a736bd3f2bd05e1d0c0b7fd7872aedaa1ef65754f080af06c14455dd,highest-temperature-in-mexico-city-on-april-1-2026,missing_quote_pair,0.135955,yes,paired_under_par,,,,2026-03-28T14:40:29+00:00,buy
23°C,-0.135955,Mexico City,0x9815d8a0a736bd3f2bd05e1d0c0b7fd7872aedaa1ef65754f080af06c14455dd,highest-temperature-in-mexico-city-on-april-1-2026,missing_quote_pair,0.135955,yes,paired_under_par,,,,2026-03-28T14:40:29+00:00,buy
23°C,-0.135955,Mexico City,0x9815d8a0a736bd3f2bd05e1d0c0b7fd7872aedaa1ef65754f080af06c14455dd,highest-temperature-in-mexico-city-on-april-1-2026,missing_quote_pair,0.135955,yes,paired_under_par,,,,2026-03-28T14:40:29+00:00,buy
23°C,-0.135955,Mexico City,0x9815d8a0a736bd3f2bd05e1d0c0b7fd7872aedaa1ef65754f080af06c14455dd,highest-temperature-in-mexico-city-on-april-1-2026,missing_quote_pair,0.135955,yes,paired_under_par,,,,2026-03-28T14:40:29+00:00,buy
23°C,-0.365842,Mexico City,0x9815d8a0a736bd3f2bd05e1d0c0b7fd7872aedaa1ef65754f080af06c14455dd,highest-temperature-in-mexico-city-on-april-1-2026,missing_quote_pair,0.365842,yes,paired_under_par,,,,2026-03-28T14:40:29+00:00,buy
23°C,-0.135955,Mexico City,0x9815d8a0a736bd3f2bd05e1d0c0b7fd7872aedaa1ef65754f080af06c14455dd,highest-temperature-in-mexico-city-on-april-1-2026,missing_quote_pair,0.135955,yes,paired_under_par,,,,2026-03-28T14:40:29+00:00,buy
23°C,-2.9656,Mexico City,0x9815d8a0a736bd3f2bd05e1d0c0b7fd7872aedaa1ef65754f080af06c14455dd,highest-temperature-in-mexico-city-on-april-1-2026,missing_quote_pair,2.9656,no,paired_under_par,,,,2026-03-28T14:40:29+00:00,buy
23°C,-0.9856,Mexico City,0x9815d8a0a736bd3f2bd05e1d0c0b7fd7872aedaa1ef65754f080af06c14455dd,highest-temperature-in-mexico-city-on-april-1-2026,missing_quote_pair,0.9856,no,paired_under_par,,,,2026-03-28T14:40:29+00:00,buy
23°C,-0.135955,Mexico City,0x9815d8a0a736bd3f2bd05e1d0c0b7fd7872aedaa1ef65754f080af06c14455dd,highest-temperature-in-mexico-city-on-april-1-2026,missing_quote_pair,0.135955,yes,paired_under_par,,,,2026-03-28T14:40:29+00:00,buy
23°C,-0.135955,Mexico City,0x9815d8a0a736bd3f2bd05e1d0c0b7fd7872aedaa1ef65754f080af06c14455dd,highest-temperature-in-mexico-city-on-april-1-2026,missing_quote_pair,0.135955,yes,paired_under_par,,,,2026-03-28T14:40:29+00:00,buy
23°C,-0.135955,Mexico City,0x9815d8a0a736bd3f2bd05e1d0c0b7fd7872aedaa1ef65754f080af06c14455dd,highest-temperature-in-mexico-city-on-april-1-2026,missing_quote_pair,0.135955,yes,paired_under_par,,,,2026-03-28T14:40:29+00:00,buy
23°C,-0.9592,Mexico City,0x9815d8a0a736bd3f2bd05e1d0c0b7fd7872aedaa1ef65754f080af06c14455dd,highest-temperature-in-mexico-city-on-april-1-2026,missing_quote_pair,0.9592,no,paired_under_par,,,,2026-03-28T14:40:29+00:00,buy
23°C,-0.9592,Mexico City,0x9815d8a0a736bd3f2bd05e1d0c0b7fd7872aedaa1ef65754f080af06c14455dd,highest-temperature-in-mexico-city-on-april-1-2026,missing_quote_pair,0.9592,no,paired_under_par,,,,2026-03-28T14:40:29+00:00,buy
23°C,-0.135955,Mexico City,0x9815d8a0a736bd3f2bd05e1d0c0b7fd7872aedaa1ef65754f080af06c14455dd,highest-temperature-in-mexico-city-on-april-1-2026,missing_quote_pair,0.135955,yes,paired_under_par,,,,2026-03-28T14:40:29+00:00,buy
23°C,-0.124831,Mexico City,0x9815d8a0a736bd3f2bd05e1d0c0b7fd7872aedaa1ef65754f080af06c14455dd,highest-temperature-in-mexico-city-on-april-1-2026,missing_quote_pair,0.124831,yes,paired_under_par,,,,2026-03-28T14:40:31+00:00,buy
23°C,-0.25337,Mexico City,0x9815d8a0a736bd3f2bd05e1d0c0b7fd7872aedaa1ef65754f080af06c14455dd,highest-temperature-in-mexico-city-on-april-1-2026,missing_quote_pair,0.25337,yes,paired_under_par,,,,2026-03-28T14:40:33+00:00,buy
23°C,-2.4717,Mexico City,0x9815d8a0a736bd3f2bd05e1d0c0b7fd7872aedaa1ef65754f080af06c14455dd,highest-temperature-in-mexico-city-on-april-1-2026,missing_quote_pair,2.4717,yes,paired_under_par,,,,2026-03-28T14:40:43+00:00,buy
23°C,-4.7872,Mexico City,0x9815d8a0a736bd3f2bd05e1d0c0b7fd7872aedaa1ef65754f080af06c14455dd,highest-temperature-in-mexico-city-on-april-1-2026,missing_quote_pair,4.7872,no,paired_under_par,,,,2026-03-28T14:40:49+00:00,buy
23°C,-1.9008,Mexico City,0x9815d8a0a736bd3f2bd05e1d0c0b7fd7872aedaa1ef65754f080af06c14455dd,highest-temperature-in-mexico-city-on-april-1-2026,missing_quote_pair,1.9008,no,paired_under_par,,,,2026-03-28T14:40:49+00:00,buy
23°C,-0.373258,Mexico City,0x9815d8a0a736bd3f2bd05e1d0c0b7fd7872aedaa1ef65754f080af06c14455dd,highest-temperature-in-mexico-city-on-april-1-2026,missing_quote_pair,0.373258,yes,paired_under_par,,,,2026-03-28T14:40:49+00:00,buy
23°C,-0.186629,Mexico City,0x9815d8a0a736bd3f2bd05e1d0c0b7fd7872aedaa1ef65754f080af06c14455dd,highest-temperature-in-mexico-city-on-april-1-2026,missing_quote_pair,0.186629,yes,paired_under_par,,,,2026-03-28T14:40:49+00:00,buy
23°C,-0.135955,Mexico City,0x9815d8a0a736bd3f2bd05e1d0c0b7fd7872aedaa1ef65754f080af06c14455dd,highest-temperature-in-mexico-city-on-april-1-2026,missing_quote_pair,0.135955,yes,paired_under_par,,,,2026-03-28T14:40:49+00:00,buy
23°C,-0.295393,Mexico City,0x9815d8a0a736bd3f2bd05e1d0c0b7fd7872aedaa1ef65754f080af06c14455dd,highest-temperature-in-mexico-city-on-april-1-2026,missing_quote_pair,0.295393,yes,paired_under_par,,,,2026-03-28T14:40:49+00:00,buy
23°C,-3.0272,Mexico City,0x9815d8a0a736bd3f2bd05e1d0c0b7fd7872aedaa1ef65754f080af06c14455dd,highest-temperature-in-mexico-city-on-april-1-2026,missing_quote_pair,3.0272,no,paired_under_par,,,,2026-03-28T14:40:49+00:00,buy
23°C,-3.6256,Mexico City,0x9815d8a0a736bd3f2bd05e1d0c0b7fd7872aedaa1ef65754f080af06c14455dd,highest-temperature-in-mexico-city-on-april-1-2026,missing_quote_pair,3.6256,no,paired_under_par,,,,2026-03-28T14:40:49+00:00,buy
23°C,-0.135955,Mexico City,0x9815d8a0a736bd3f2bd05e1d0c0b7fd7872aedaa1ef65754f080af06c14455dd,highest-temperature-in-mexico-city-on-april-1-2026,missing_quote_pair,0.135955,yes,paired_under_par,,,,2026-03-28T14:40:49+00:00,buy
23°C,-0.590786,Mexico City,0x9815d8a0a736bd3f2bd05e1d0c0b7fd7872aedaa1ef65754f080af06c14455dd,highest-temperature-in-mexico-city-on-april-1-2026,missing_quote_pair,0.590786,yes,paired_under_par,,,,2026-03-28T14:40:49+00:00,buy
23°C,-0.135955,Mexico City,0x9815d8a0a736bd3f2bd05e1d0c0b7fd7872aedaa1ef65754f080af06c14455dd,highest-temperature-in-mexico-city-on-april-1-2026,missing_quote_pair,0.135955,yes,paired_under_par,,,,2026-03-28T14:40:51+00:00,buy
23°C,-0.9856,Mexico City,0x9815d8a0a736bd3f2bd05e1d0c0b7fd7872aedaa1ef65754f080af06c14455dd,highest-temperature-in-mexico-city-on-april-1-2026,missing_quote_pair,0.9856,no,paired_under_par,,,,2026-03-28T14:40:51+00:00,buy
23°C,-0.16191,Mexico City,0x9815d8a0a736bd3f2bd05e1d0c0b7fd7872aedaa1ef65754f080af06c14455dd,highest-temperature-in-mexico-city-on-april-1-2026,missing_quote_pair,0.16191,yes,paired_under_par,,,,2026-03-28T14:40:51+00:00,buy
23°C,-0.234831,Mexico City,0x9815d8a0a736bd3f2bd05e1d0c0b7fd7872aedaa1ef65754f080af06c14455dd,highest-temperature-in-mexico-city-on-april-1-2026,missing_quote_pair,0.234831,yes,paired_under_par,,,,2026-03-28T14:40:51+00:00,buy
23°C,-0.1408,Mexico City,0x9815d8a0a736bd3f2bd05e1d0c0b7fd7872aedaa1ef65754f080af06c14455dd,highest-temperature-in-mexico-city-on-april-1-2026,missing_quote_pair,0.1408,yes,paired_under_par,,,,2026-03-28T14:40:51+00:00,buy
23°C,-0.135955,Mexico City,0x9815d8a0a736bd3f2bd05e1d0c0b7fd7872aedaa1ef65754f080af06c14455dd,highest-temperature-in-mexico-city-on-april-1-2026,missing_quote_pair,0.135955,yes,paired_under_par,,,,2026-03-28T14:40:53+00:00,buy
23°C,-0.135955,Mexico City,0x9815d8a0a736bd3f2bd05e1d0c0b7fd7872aedaa1ef65754f080af06c14455dd,highest-temperature-in-mexico-city-on-april-1-2026,missing_quote_pair,0.135955,yes,paired_under_par,,,,2026-03-28T14:40:53+00:00,buy
23°C,-0.258314,Mexico City,0x9815d8a0a736bd3f2bd05e1d0c0b7fd7872aedaa1ef65754f080af06c14455dd,highest-temperature-in-mexico-city-on-april-1-2026,missing_quote_pair,0.258314,yes,paired_under_par,,,,2026-03-28T14:40:55+00:00,buy
23°C,-1.98,Mexico City,0x9815d8a0a736bd3f2bd05e1d0c0b7fd7872aedaa1ef65754f080af06c14455dd,highest-temperature-in-mexico-city-on-april-1-2026,missing_quote_pair,1.98,no,paired_under_par,,,,2026-03-28T14:41:09+00:00,buy
23°C,-0.244719,Mexico City,0x9815d8a0a736bd3f2bd05e1d0c0b7fd7872aedaa1ef65754f080af06c14455dd,highest-temperature-in-mexico-city-on-april-1-2026,missing_quote_pair,0.244719,yes,paired_under_par,,,,2026-03-28T14:41:11+00:00,buy
23°C,-0.135955,Mexico City,0x9815d8a0a736bd3f2bd05e1d0c0b7fd7872aedaa1ef65754f080af06c14455dd,highest-temperature-in-mexico-city-on-april-1-2026,missing_quote_pair,0.135955,yes,paired_under_par,,,,2026-03-28T14:41:11+00:00,buy
23°C,-0.124831,Mexico City,0x9815d8a0a736bd3f2bd05e1d0c0b7fd7872aedaa1ef65754f080af06c14455dd,highest-temperature-in-mexico-city-on-april-1-2026,missing_quote_pair,0.124831,yes,paired_under_par,,,,2026-03-28T14:41:13+00:00,buy
24°C,-8.715032,Mexico City,0x5b317eba2d33da2d594c1dd6eef399cd3ee430be44103d6169172f7feca05e9c,highest-temperature-in-mexico-city-on-april-1-2026,missing_quote_pair,8.715032,no,asymmetric_paired_accumulation,,,,2026-03-28T14:41:23+00:00,buy
24°C,-0.678888,Mexico City,0x5b317eba2d33da2d594c1dd6eef399cd3ee430be44103d6169172f7feca05e9c,highest-temperature-in-mexico-city-on-april-1-2026,missing_quote_pair,0.678888,yes,asymmetric_paired_accumulation,,,,2026-03-28T14:41:25+00:00,buy
24°C,-0.488888,Mexico City,0x5b317eba2d33da2d594c1dd6eef399cd3ee430be44103d6169172f7feca05e9c,highest-temperature-in-mexico-city-on-april-1-2026,missing_quote_pair,0.488888,yes,asymmetric_paired_accumulation,,,,2026-03-28T14:41:25+00:00,buy
24°C,-0.113,Mexico City,0x5b317eba2d33da2d594c1dd6eef399cd3ee430be44103d6169172f7feca05e9c,highest-temperature-in-mexico-city-on-april-1-2026,missing_quote_pair,0.113,yes,asymmetric_paired_accumulation,,,,2026-03-28T14:41:49+00:00,buy
78-79°F,-2.7276,Dallas,0x15e11df37779921a92411b8694ee6001e6aa6fe1168cb21daa8820628e009b69,highest-temperature-in-dallas-on-april-1-2026,missing_quote_pair,2.7276,yes,paired_under_par,,,,2026-03-28T14:42:39+00:00,buy
21°C,-0.027755,Mexico City,0xe24bd4951da746f43b71514ac28f23c2ff4881a79815f4f9dbd19e6ab44f8a25,highest-temperature-in-mexico-city-on-april-1-2026,missing_quote_pair,0.027755,yes,asymmetric_paired_accumulation,,,,2026-03-28T14:42:47+00:00,buy
21°C,-0.02204,Mexico City,0xe24bd4951da746f43b71514ac28f23c2ff4881a79815f4f9dbd19e6ab44f8a25,highest-temperature-in-mexico-city-on-april-1-2026,missing_quote_pair,0.02204,yes,asymmetric_paired_accumulation,,,,2026-03-28T14:42:47+00:00,buy
21°C,-0.027755,Mexico City,0xe24bd4951da746f43b71514ac28f23c2ff4881a79815f4f9dbd19e6ab44f8a25,highest-temperature-in-mexico-city-on-april-1-2026,missing_quote_pair,0.027755,yes,asymmetric_paired_accumulation,,,,2026-03-28T14:42:47+00:00,buy
21°C,-0.025955,Mexico City,0xe24bd4951da746f43b71514ac28f23c2ff4881a79815f4f9dbd19e6ab44f8a25,highest-temperature-in-mexico-city-on-april-1-2026,missing_quote_pair,0.025955,yes,asymmetric_paired_accumulation,,,,2026-03-28T14:42:47+00:00,buy
21°C,-0.027755,Mexico City,0xe24bd4951da746f43b71514ac28f23c2ff4881a79815f4f9dbd19e6ab44f8a25,highest-temperature-in-mexico-city-on-april-1-2026,missing_quote_pair,0.027755,yes,asymmetric_paired_accumulation,,,,2026-03-28T14:42:47+00:00,buy
21°C,-13.67,Mexico City,0xe24bd4951da746f43b71514ac28f23c2ff4881a79815f4f9dbd19e6ab44f8a25,highest-temperature-in-mexico-city-on-april-1-2026,missing_quote_pair,13.67,no,asymmetric_paired_accumulation,,,,2026-03-28T14:42:47+00:00,buy
21°C,-0.027755,Mexico City,0xe24bd4951da746f43b71514ac28f23c2ff4881a79815f4f9dbd19e6ab44f8a25,highest-temperature-in-mexico-city-on-april-1-2026,missing_quote_pair,0.027755,yes,asymmetric_paired_accumulation,,,,2026-03-28T14:42:47+00:00,buy
21°C,-0.022448,Mexico City,0xe24bd4951da746f43b71514ac28f23c2ff4881a79815f4f9dbd19e6ab44f8a25,highest-temperature-in-mexico-city-on-april-1-2026,missing_quote_pair,0.022448,yes,asymmetric_paired_accumulation,,,,2026-03-28T14:42:49+00:00,buy
21°C,-0.10204,Mexico City,0xe24bd4951da746f43b71514ac28f23c2ff4881a79815f4f9dbd19e6ab44f8a25,highest-temperature-in-mexico-city-on-april-1-2026,missing_quote_pair,0.10204,yes,asymmetric_paired_accumulation,,,,2026-03-28T14:42:49+00:00,buy
21°C,-0.194693,Mexico City,0xe24bd4951da746f43b71514ac28f23c2ff4881a79815f4f9dbd19e6ab44f8a25,highest-temperature-in-mexico-city-on-april-1-2026,missing_quote_pair,0.194693,yes,asymmetric_paired_accumulation,,,,2026-03-28T14:42:51+00:00,buy
21°C,-0.28,Mexico City,0xe24bd4951da746f43b71514ac28f23c2ff4881a79815f4f9dbd19e6ab44f8a25,highest-temperature-in-mexico-city-on-april-1-2026,missing_quote_pair,0.28,yes,asymmetric_paired_accumulation,,,,2026-03-28T14:42:55+00:00,buy
21°C,-0.18102,Mexico City,0xe24bd4951da746f43b71514ac28f23c2ff4881a79815f4f9dbd19e6ab44f8a25,highest-temperature-in-mexico-city-on-april-1-2026,missing_quote_pair,0.18102,yes,asymmetric_paired_accumulation,,,,2026-03-28T14:43:03+00:00,buy
21°C,-0.04,Mexico City,0xe24bd4951da746f43b71514ac28f23c2ff4881a79815f4f9dbd19e6ab44f8a25,highest-temperature-in-mexico-city-on-april-1-2026,missing_quote_pair,0.04,yes,asymmetric_paired_accumulation,,,,2026-03-28T14:43:03+00:00,buy
21°C,-0.1,Mexico City,0xe24bd4951da746f43b71514ac28f23c2ff4881a79815f4f9dbd19e6ab44f8a25,highest-temperature-in-mexico-city-on-april-1-2026,missing_quote_pair,0.1,yes,asymmetric_paired_accumulation,,,,2026-03-28T14:43:05+00:00,buy
78-79°F,-1.9749,Dallas,0x15e11df37779921a92411b8694ee6001e6aa6fe1168cb21daa8820628e009b69,highest-temperature-in-dallas-on-april-1-2026,missing_quote_pair,1.9749,no,paired_under_par,,,,2026-03-28T14:43:07+00:00,buy
78-79°F,-0.15,Dallas,0x15e11df37779921a92411b8694ee6001e6aa6fe1168cb21daa8820628e009b69,highest-temperature-in-dallas-on-april-1-2026,missing_quote_pair,0.15,yes,paired_under_par,,,,2026-03-28T14:43:09+00:00,buy
78-79°F,-0.268636,Dallas,0x15e11df37779921a92411b8694ee6001e6aa6fe1168cb21daa8820628e009b69,highest-temperature-in-dallas-on-april-1-2026,missing_quote_pair,0.268636,yes,paired_under_par,,,,2026-03-28T14:43:09+00:00,buy
78-79°F,-0.18409,Dallas,0x15e11df37779921a92411b8694ee6001e6aa6fe1168cb21daa8820628e009b69,highest-temperature-in-dallas-on-april-1-2026,missing_quote_pair,0.18409,yes,paired_under_par,,,,2026-03-28T14:43:11+00:00,buy
21°C,-0.028,Mexico City,0xe24bd4951da746f43b71514ac28f23c2ff4881a79815f4f9dbd19e6ab44f8a25,highest-temperature-in-mexico-city-on-april-1-2026,missing_quote_pair,0.028,yes,asymmetric_paired_accumulation,,,,2026-03-28T14:43:29+00:00,buy
21°C,-1.358,Mexico City,0xe24bd4951da746f43b71514ac28f23c2ff4881a79815f4f9dbd19e6ab44f8a25,highest-temperature-in-mexico-city-on-april-1-2026,missing_quote_pair,1.358,no,asymmetric_paired_accumulation,,,,2026-03-28T14:43:29+00:00,buy
21°C,-0.022448,Mexico City,0xe24bd4951da746f43b71514ac28f23c2ff4881a79815f4f9dbd19e6ab44f8a25,highest-temperature-in-mexico-city-on-april-1-2026,missing_quote_pair,0.022448,yes,asymmetric_paired_accumulation,,,,2026-03-28T14:43:31+00:00,buy
78-79°F,-2.7276,Dallas,0x15e11df37779921a92411b8694ee6001e6aa6fe1168cb21daa8820628e009b69,highest-temperature-in-dallas-on-april-1-2026,missing_quote_pair,2.7276,yes,paired_under_par,,,,2026-03-28T14:45:35+00:00,buy
80-81°F,-0.3248,Dallas,0x21e679503465f7f609a31862105795194bd85731363b3d90e93dec9e7091df3f,highest-temperature-in-dallas-on-april-1-2026,missing_quote_pair,0.3248,yes,cheap_bucket_accumulation,,,,2026-03-28T14:45:53+00:00,buy
78-79°F,-0.4872,Dallas,0x15e11df37779921a92411b8694ee6001e6aa6fe1168cb21daa8820628e009b69,highest-temperature-in-dallas-on-april-1-2026,missing_quote_pair,0.4872,yes,paired_under_par,,,,2026-03-28T14:45:53+00:00,buy
78-79°F,-1.9749,Dallas,0x15e11df37779921a92411b8694ee6001e6aa6fe1168cb21daa8820628e009b69,highest-temperature-in-dallas-on-april-1-2026,missing_quote_pair,1.9749,no,paired_under_par,,,,2026-03-28T14:46:07+00:00,buy
78-79°F,-0.15,Dallas,0x15e11df37779921a92411b8694ee6001e6aa6fe1168cb21daa8820628e009b69,highest-temperature-in-dallas-on-april-1-2026,missing_quote_pair,0.15,yes,paired_under_par,,,,2026-03-28T14:46:09+00:00,buy
78-79°F,-0.268636,Dallas,0x15e11df37779921a92411b8694ee6001e6aa6fe1168cb21daa8820628e009b69,highest-temperature-in-dallas-on-april-1-2026,missing_quote_pair,0.268636,yes,paired_under_par,,,,2026-03-28T14:46:09+00:00,buy
78-79°F,-0.136363,Dallas,0x15e11df37779921a92411b8694ee6001e6aa6fe1168cb21daa8820628e009b69,highest-temperature-in-dallas-on-april-1-2026,missing_quote_pair,0.136363,yes,paired_under_par,,,,2026-03-28T14:46:09+00:00,buy
78-79°F,-0.18409,Dallas,0x15e11df37779921a92411b8694ee6001e6aa6fe1168cb21daa8820628e009b69,highest-temperature-in-dallas-on-april-1-2026,missing_quote_pair,0.18409,yes,paired_under_par,,,,2026-03-28T14:46:11+00:00,buy
78-79°F,-2.7276,Dallas,0x15e11df37779921a92411b8694ee6001e6aa6fe1168cb21daa8820628e009b69,highest-temperature-in-dallas-on-april-1-2026,missing_quote_pair,2.7276,yes,paired_under_par,,,,2026-03-28T14:47:25+00:00,buy
78-79°F,-0.15,Dallas,0x15e11df37779921a92411b8694ee6001e6aa6fe1168cb21daa8820628e009b69,highest-temperature-in-dallas-on-april-1-2026,missing_quote_pair,0.15,yes,paired_under_par,,,,2026-03-28T14:47:47+00:00,buy
78-79°F,-1.9749,Dallas,0x15e11df37779921a92411b8694ee6001e6aa6fe1168cb21daa8820628e009b69,highest-temperature-in-dallas-on-april-1-2026,missing_quote_pair,1.9749,no,paired_under_par,,,,2026-03-28T14:47:47+00:00,buy
78-79°F,-0.268636,Dallas,0x15e11df37779921a92411b8694ee6001e6aa6fe1168cb21daa8820628e009b69,highest-temperature-in-dallas-on-april-1-2026,missing_quote_pair,0.268636,yes,paired_under_par,,,,2026-03-28T14:47:49+00:00,buy
78-79°F,-0.136363,Dallas,0x15e11df37779921a92411b8694ee6001e6aa6fe1168cb21daa8820628e009b69,highest-temperature-in-dallas-on-april-1-2026,missing_quote_pair,0.136363,yes,paired_under_par,,,,2026-03-28T14:47:49+00:00,buy
78-79°F,-0.18409,Dallas,0x15e11df37779921a92411b8694ee6001e6aa6fe1168cb21daa8820628e009b69,highest-temperature-in-dallas-on-april-1-2026,missing_quote_pair,0.18409,yes,paired_under_par,,,,2026-03-28T14:47:51+00:00,buy
23°C,-4.092,Mexico City,0x9815d8a0a736bd3f2bd05e1d0c0b7fd7872aedaa1ef65754f080af06c14455dd,highest-temperature-in-mexico-city-on-april-1-2026,missing_quote_pair,4.092,no,paired_under_par,,,,2026-03-28T14:49:17+00:00,buy
23°C,-0.308,Mexico City,0x9815d8a0a736bd3f2bd05e1d0c0b7fd7872aedaa1ef65754f080af06c14455dd,highest-temperature-in-mexico-city-on-april-1-2026,missing_quote_pair,0.308,no,paired_under_par,,,,2026-03-28T14:49:17+00:00,buy
23°C,-0.135955,Mexico City,0x9815d8a0a736bd3f2bd05e1d0c0b7fd7872aedaa1ef65754f080af06c14455dd,highest-temperature-in-mexico-city-on-april-1-2026,missing_quote_pair,0.135955,yes,paired_under_par,,,,2026-03-28T14:49:19+00:00,buy
23°C,-0.135955,Mexico City,0x9815d8a0a736bd3f2bd05e1d0c0b7fd7872aedaa1ef65754f080af06c14455dd,highest-temperature-in-mexico-city-on-april-1-2026,missing_quote_pair,0.135955,yes,paired_under_par,,,,2026-03-28T14:49:19+00:00,buy
23°C,-0.617977,Mexico City,0x9815d8a0a736bd3f2bd05e1d0c0b7fd7872aedaa1ef65754f080af06c14455dd,highest-temperature-in-mexico-city-on-april-1-2026,missing_quote_pair,0.617977,yes,paired_under_par,,,,2026-03-28T14:49:19+00:00,buy
23°C,-0.123595,Mexico City,0x9815d8a0a736bd3f2bd05e1d0c0b7fd7872aedaa1ef65754f080af06c14455dd,highest-temperature-in-mexico-city-on-april-1-2026,missing_quote_pair,0.123595,yes,paired_under_par,,,,2026-03-28T14:49:19+00:00,buy
78-79°F,-2.2008,Dallas,0x15e11df37779921a92411b8694ee6001e6aa6fe1168cb21daa8820628e009b69,highest-temperature-in-dallas-on-april-1-2026,missing_quote_pair,2.2008,yes,paired_under_par,,,,2026-03-28T14:50:47+00:00,buy
78-79°F,-1.5921,Dallas,0x15e11df37779921a92411b8694ee6001e6aa6fe1168cb21daa8820628e009b69,highest-temperature-in-dallas-on-april-1-2026,missing_quote_pair,1.5921,no,paired_under_par,,,,2026-03-28T14:51:09+00:00,buy
78-79°F,-0.216818,Dallas,0x15e11df37779921a92411b8694ee6001e6aa6fe1168cb21daa8820628e009b69,highest-temperature-in-dallas-on-april-1-2026,missing_quote_pair,0.216818,yes,paired_under_par,,,,2026-03-28T14:51:09+00:00,buy
78-79°F,-0.15,Dallas,0x15e11df37779921a92411b8694ee6001e6aa6fe1168cb21daa8820628e009b69,highest-temperature-in-dallas-on-april-1-2026,missing_quote_pair,0.15,yes,paired_under_par,,,,2026-03-28T14:51:11+00:00,buy
76-77°F,-0.190588,Dallas,0x6d0d4f92ce29ccae6f9e43ab4a7876cd048496c4f331d3310765df88f2626de9,highest-temperature-in-dallas-on-april-1-2026,missing_quote_pair,0.190588,yes,paired_under_par,,,,2026-03-28T15:42:31+00:00,buy
76-77°F,-9.266538,Dallas,0x6d0d4f92ce29ccae6f9e43ab4a7876cd048496c4f331d3310765df88f2626de9,highest-temperature-in-dallas-on-april-1-2026,missing_quote_pair,9.266538,no,paired_under_par,,,,2026-03-28T15:42:31+00:00,buy
76-77°F,-0.194117,Dallas,0x6d0d4f92ce29ccae6f9e43ab4a7876cd048496c4f331d3310765df88f2626de9,highest-temperature-in-dallas-on-april-1-2026,missing_quote_pair,0.194117,yes,paired_under_par,,,,2026-03-28T15:42:33+00:00,buy
76-77°F,-1.141764,Dallas,0x6d0d4f92ce29ccae6f9e43ab4a7876cd048496c4f331d3310765df88f2626de9,highest-temperature-in-dallas-on-april-1-2026,missing_quote_pair,1.141764,yes,paired_under_par,,,,2026-03-28T15:42:35+00:00,buy
76-77°F,-0.495882,Dallas,0x6d0d4f92ce29ccae6f9e43ab4a7876cd048496c4f331d3310765df88f2626de9,highest-temperature-in-dallas-on-april-1-2026,missing_quote_pair,0.495882,yes,paired_under_par,,,,2026-03-28T15:42:37+00:00,buy
76-77°F,-0.194117,Dallas,0x6d0d4f92ce29ccae6f9e43ab4a7876cd048496c4f331d3310765df88f2626de9,highest-temperature-in-dallas-on-april-1-2026,missing_quote_pair,0.194117,yes,paired_under_par,,,,2026-03-28T15:42:55+00:00,buy
76-77°F,-4.2,Dallas,0x6d0d4f92ce29ccae6f9e43ab4a7876cd048496c4f331d3310765df88f2626de9,highest-temperature-in-dallas-on-april-1-2026,missing_quote_pair,4.2,no,paired_under_par,,,,2026-03-28T15:42:55+00:00,buy
76-77°F,-0.1635,Dallas,0x6d0d4f92ce29ccae6f9e43ab4a7876cd048496c4f331d3310765df88f2626de9,highest-temperature-in-dallas-on-april-1-2026,missing_quote_pair,0.1635,yes,paired_under_par,,,,2026-03-28T15:42:55+00:00,buy
76-77°F,-0.511764,Dallas,0x6d0d4f92ce29ccae6f9e43ab4a7876cd048496c4f331d3310765df88f2626de9,highest-temperature-in-dallas-on-april-1-2026,missing_quote_pair,0.511764,yes,paired_under_par,,,,2026-03-28T15:42:57+00:00,buy
76-77°F,-0.201176,Dallas,0x6d0d4f92ce29ccae6f9e43ab4a7876cd048496c4f331d3310765df88f2626de9,highest-temperature-in-dallas-on-april-1-2026,missing_quote_pair,0.201176,yes,paired_under_par,,,,2026-03-28T15:42:59+00:00,buy
23°C,-5.628664,Mexico City,0x9815d8a0a736bd3f2bd05e1d0c0b7fd7872aedaa1ef65754f080af06c14455dd,highest-temperature-in-mexico-city-on-april-1-2026,missing_quote_pair,5.628664,no,unsupported_public_behavior,,,,2026-03-28T16:10:41+00:00,buy
58-59°F,-2.591925,New York City,0x6b041ef9b1b971cabd427a76182f43408fb018ade06ee65c0774d1afac986ef3,highest-temperature-in-nyc-on-march-31-2026,missing_quote_pair,2.591925,yes,asymmetric_paired_accumulation,,,,2026-03-28T21:10:52+00:00,buy
58-59°F,-29.5368,New York City,0x6b041ef9b1b971cabd427a76182f43408fb018ade06ee65c0774d1afac986ef3,highest-temperature-in-nyc-on-march-31-2026,missing_quote_pair,29.5368,no,asymmetric_paired_accumulation,,,,2026-03-28T21:10:56+00:00,buy
58-59°F,-24.0,New York City,0x6b041ef9b1b971cabd427a76182f43408fb018ade06ee65c0774d1afac986ef3,highest-temperature-in-nyc-on-march-31-2026,missing_quote_pair,24.0,no,asymmetric_paired_accumulation,,,,2026-03-28T21:10:56+00:00,buy
58-59°F,-0.506783,New York City,0x6b041ef9b1b971cabd427a76182f43408fb018ade06ee65c0774d1afac986ef3,highest-temperature-in-nyc-on-march-31-2026,missing_quote_pair,0.506783,yes,asymmetric_paired_accumulation,,,,2026-03-28T21:11:28+00:00,buy
58-59°F,-0.39,New York City,0x6b041ef9b1b971cabd427a76182f43408fb018ade06ee65c0774d1afac986ef3,highest-temperature-in-nyc-on-march-31-2026,missing_quote_pair,0.39,yes,asymmetric_paired_accumulation,,,,2026-03-28T21:11:28+00:00,buy
58-59°F,-0.043829,New York City,0x6b041ef9b1b971cabd427a76182f43408fb018ade06ee65c0774d1afac986ef3,highest-temperature-in-nyc-on-march-31-2026,missing_quote_pair,0.043829,yes,asymmetric_paired_accumulation,,,,2026-03-28T21:11:30+00:00,buy
58-59°F,-26.4,New York City,0x6b041ef9b1b971cabd427a76182f43408fb018ade06ee65c0774d1afac986ef3,highest-temperature-in-nyc-on-march-31-2026,missing_quote_pair,26.4,no,asymmetric_paired_accumulation,,,,2026-03-28T21:11:30+00:00,buy
58-59°F,-0.04464,New York City,0x6b041ef9b1b971cabd427a76182f43408fb018ade06ee65c0774d1afac986ef3,highest-temperature-in-nyc-on-march-31-2026,missing_quote_pair,0.04464,yes,asymmetric_paired_accumulation,,,,2026-03-28T21:11:30+00:00,buy
58-59°F,-26.4,New York City,0x6b041ef9b1b971cabd427a76182f43408fb018ade06ee65c0774d1afac986ef3,highest-temperature-in-nyc-on-march-31-2026,missing_quote_pair,26.4,no,asymmetric_paired_accumulation,,,,2026-03-28T21:11:30+00:00,buy
58-59°F,-0.043829,New York City,0x6b041ef9b1b971cabd427a76182f43408fb018ade06ee65c0774d1afac986ef3,highest-temperature-in-nyc-on-march-31-2026,missing_quote_pair,0.043829,yes,asymmetric_paired_accumulation,,,,2026-03-28T21:11:30+00:00,buy
58-59°F,-0.107138,New York City,0x6b041ef9b1b971cabd427a76182f43408fb018ade06ee65c0774d1afac986ef3,highest-temperature-in-nyc-on-march-31-2026,missing_quote_pair,0.107138,yes,asymmetric_paired_accumulation,,,,2026-03-28T21:11:32+00:00,buy
58-59°F,-0.12012,New York City,0x6b041ef9b1b971cabd427a76182f43408fb018ade06ee65c0774d1afac986ef3,highest-temperature-in-nyc-on-march-31-2026,missing_quote_pair,0.12012,yes,asymmetric_paired_accumulation,,,,2026-03-28T21:11:32+00:00,buy
58-59°F,-24.0,New York City,0x6b041ef9b1b971cabd427a76182f43408fb018ade06ee65c0774d1afac986ef3,highest-temperature-in-nyc-on-march-31-2026,missing_quote_pair,24.0,no,asymmetric_paired_accumulation,,,,2026-03-28T21:11:32+00:00,buy
58-59°F,-0.107138,New York City,0x6b041ef9b1b971cabd427a76182f43408fb018ade06ee65c0774d1afac986ef3,highest-temperature-in-nyc-on-march-31-2026,missing_quote_pair,0.107138,yes,asymmetric_paired_accumulation,,,,2026-03-28T21:11:32+00:00,buy
58-59°F,-0.0975,New York City,0x6b041ef9b1b971cabd427a76182f43408fb018ade06ee65c0774d1afac986ef3,highest-temperature-in-nyc-on-march-31-2026,missing_quote_pair,0.0975,yes,asymmetric_paired_accumulation,,,,2026-03-28T21:11:32+00:00,buy
58-59°F,-0.043829,New York City,0x6b041ef9b1b971cabd427a76182f43408fb018ade06ee65c0774d1afac986ef3,highest-temperature-in-nyc-on-march-31-2026,missing_quote_pair,0.043829,yes,asymmetric_paired_accumulation,,,,2026-03-28T21:11:34+00:00,buy
58-59°F,-24.0,New York City,0x6b041ef9b1b971cabd427a76182f43408fb018ade06ee65c0774d1afac986ef3,highest-temperature-in-nyc-on-march-31-2026,missing_quote_pair,24.0,no,asymmetric_paired_accumulation,,,,2026-03-28T21:11:34+00:00,buy
58-59°F,-0.043829,New York City,0x6b041ef9b1b971cabd427a76182f43408fb018ade06ee65c0774d1afac986ef3,highest-temperature-in-nyc-on-march-31-2026,missing_quote_pair,0.043829,yes,asymmetric_paired_accumulation,,,,2026-03-28T21:11:34+00:00,buy
58-59°F,-24.0,New York City,0x6b041ef9b1b971cabd427a76182f43408fb018ade06ee65c0774d1afac986ef3,highest-temperature-in-nyc-on-march-31-2026,missing_quote_pair,24.0,no,asymmetric_paired_accumulation,,,,2026-03-28T21:11:34+00:00,buy
58-59°F,-0.060874,New York City,0x6b041ef9b1b971cabd427a76182f43408fb018ade06ee65c0774d1afac986ef3,highest-temperature-in-nyc-on-march-31-2026,missing_quote_pair,0.060874,yes,asymmetric_paired_accumulation,,,,2026-03-28T21:11:34+00:00,buy
58-59°F,-0.321415,New York City,0x6b041ef9b1b971cabd427a76182f43408fb018ade06ee65c0774d1afac986ef3,highest-temperature-in-nyc-on-march-31-2026,missing_quote_pair,0.321415,yes,asymmetric_paired_accumulation,,,,2026-03-28T21:11:36+00:00,buy
58-59°F,-0.14586,New York City,0x6b041ef9b1b971cabd427a76182f43408fb018ade06ee65c0774d1afac986ef3,highest-temperature-in-nyc-on-march-31-2026,missing_quote_pair,0.14586,yes,asymmetric_paired_accumulation,,,,2026-03-28T21:11:36+00:00,buy
58-59°F,-0.175555,New York City,0x6b041ef9b1b971cabd427a76182f43408fb018ade06ee65c0774d1afac986ef3,highest-temperature-in-nyc-on-march-31-2026,missing_quote_pair,0.175555,yes,asymmetric_paired_accumulation,,,,2026-03-28T21:11:36+00:00,buy
58-59°F,-0.040582,New York City,0x6b041ef9b1b971cabd427a76182f43408fb018ade06ee65c0774d1afac986ef3,highest-temperature-in-nyc-on-march-31-2026,missing_quote_pair,0.040582,yes,asymmetric_paired_accumulation,,,,2026-03-28T21:11:36+00:00,buy
58-59°F,-0.043829,New York City,0x6b041ef9b1b971cabd427a76182f43408fb018ade06ee65c0774d1afac986ef3,highest-temperature-in-nyc-on-march-31-2026,missing_quote_pair,0.043829,yes,asymmetric_paired_accumulation,,,,2026-03-28T21:11:36+00:00,buy
58-59°F,-24.0,New York City,0x6b041ef9b1b971cabd427a76182f43408fb018ade06ee65c0774d1afac986ef3,highest-temperature-in-nyc-on-march-31-2026,missing_quote_pair,24.0,no,asymmetric_paired_accumulation,,,,2026-03-28T21:11:36+00:00,buy
58-59°F,-0.292195,New York City,0x6b041ef9b1b971cabd427a76182f43408fb018ade06ee65c0774d1afac986ef3,highest-temperature-in-nyc-on-march-31-2026,missing_quote_pair,0.292195,yes,asymmetric_paired_accumulation,,,,2026-03-28T21:11:38+00:00,buy
58-59°F,-0.292195,New York City,0x6b041ef9b1b971cabd427a76182f43408fb018ade06ee65c0774d1afac986ef3,highest-temperature-in-nyc-on-march-31-2026,missing_quote_pair,0.292195,yes,asymmetric_paired_accumulation,,,,2026-03-28T21:11:40+00:00,buy
58-59°F,-0.292195,New York City,0x6b041ef9b1b971cabd427a76182f43408fb018ade06ee65c0774d1afac986ef3,highest-temperature-in-nyc-on-march-31-2026,missing_quote_pair,0.292195,yes,asymmetric_paired_accumulation,,,,2026-03-28T21:11:40+00:00,buy
58-59°F,-0.292195,New York City,0x6b041ef9b1b971cabd427a76182f43408fb018ade06ee65c0774d1afac986ef3,highest-temperature-in-nyc-on-march-31-2026,missing_quote_pair,0.292195,yes,asymmetric_paired_accumulation,,,,2026-03-28T21:11:42+00:00,buy
58-59°F,-0.78,New York City,0x6b041ef9b1b971cabd427a76182f43408fb018ade06ee65c0774d1afac986ef3,highest-temperature-in-nyc-on-march-31-2026,missing_quote_pair,0.78,yes,asymmetric_paired_accumulation,,,,2026-03-28T21:11:46+00:00,buy
58-59°F,-1.38411,New York City,0x6b041ef9b1b971cabd427a76182f43408fb018ade06ee65c0774d1afac986ef3,highest-temperature-in-nyc-on-march-31-2026,missing_quote_pair,1.38411,yes,asymmetric_paired_accumulation,,,,2026-03-28T21:11:46+00:00,buy
58-59°F,-59.459,New York City,0x6b041ef9b1b971cabd427a76182f43408fb018ade06ee65c0774d1afac986ef3,highest-temperature-in-nyc-on-march-31-2026,missing_quote_pair,59.459,no,asymmetric_paired_accumulation,,,,2026-03-28T21:12:16+00:00,buy
58-59°F,-292.62182,New York City,0x6b041ef9b1b971cabd427a76182f43408fb018ade06ee65c0774d1afac986ef3,highest-temperature-in-nyc-on-march-31-2026,missing_quote_pair,292.62182,no,asymmetric_paired_accumulation,,,,2026-03-28T21:12:20+00:00,buy
60-61°F,-1.24461,New York City,0x732559df9ab91f68ea1a3243a32a4dfd8d3ee8e503021d9319e11c0e716741d2,highest-temperature-in-nyc-on-march-31-2026,missing_quote_pair,1.24461,yes,asymmetric_paired_accumulation,,,,2026-03-28T21:13:04+00:00,buy
60-61°F,-0.44,New York City,0x732559df9ab91f68ea1a3243a32a4dfd8d3ee8e503021d9319e11c0e716741d2,highest-temperature-in-nyc-on-march-31-2026,missing_quote_pair,0.44,yes,asymmetric_paired_accumulation,,,,2026-03-28T21:13:06+00:00,buy
60-61°F,-23.344444,New York City,0x732559df9ab91f68ea1a3243a32a4dfd8d3ee8e503021d9319e11c0e716741d2,highest-temperature-in-nyc-on-march-31-2026,missing_quote_pair,23.344444,no,asymmetric_paired_accumulation,,,,2026-03-28T21:13:06+00:00,buy
60-61°F,-23.344444,New York City,0x732559df9ab91f68ea1a3243a32a4dfd8d3ee8e503021d9319e11c0e716741d2,highest-temperature-in-nyc-on-march-31-2026,missing_quote_pair,23.344444,no,asymmetric_paired_accumulation,,,,2026-03-28T21:13:06+00:00,buy
60-61°F,-0.050627,New York City,0x732559df9ab91f68ea1a3243a32a4dfd8d3ee8e503021d9319e11c0e716741d2,highest-temperature-in-nyc-on-march-31-2026,missing_quote_pair,0.050627,yes,asymmetric_paired_accumulation,,,,2026-03-28T21:13:06+00:00,buy
60-61°F,-59.21,New York City,0x732559df9ab91f68ea1a3243a32a4dfd8d3ee8e503021d9319e11c0e716741d2,highest-temperature-in-nyc-on-march-31-2026,missing_quote_pair,59.21,no,asymmetric_paired_accumulation,,,,2026-03-28T21:13:08+00:00,buy
60-61°F,-0.45584,New York City,0x732559df9ab91f68ea1a3243a32a4dfd8d3ee8e503021d9319e11c0e716741d2,highest-temperature-in-nyc-on-march-31-2026,missing_quote_pair,0.45584,yes,asymmetric_paired_accumulation,,,,2026-03-28T21:13:08+00:00,buy
60-61°F,-1.1946,New York City,0x732559df9ab91f68ea1a3243a32a4dfd8d3ee8e503021d9319e11c0e716741d2,highest-temperature-in-nyc-on-march-31-2026,missing_quote_pair,1.1946,yes,asymmetric_paired_accumulation,,,,2026-03-28T21:13:08+00:00,buy
60-61°F,-0.050627,New York City,0x732559df9ab91f68ea1a3243a32a4dfd8d3ee8e503021d9319e11c0e716741d2,highest-temperature-in-nyc-on-march-31-2026,missing_quote_pair,0.050627,yes,asymmetric_paired_accumulation,,,,2026-03-28T21:13:08+00:00,buy
60-61°F,-0.176,New York City,0x732559df9ab91f68ea1a3243a32a4dfd8d3ee8e503021d9319e11c0e716741d2,highest-temperature-in-nyc-on-march-31-2026,missing_quote_pair,0.176,yes,asymmetric_paired_accumulation,,,,2026-03-28T21:13:08+00:00,buy
60-61°F,-21.222222,New York City,0x732559df9ab91f68ea1a3243a32a4dfd8d3ee8e503021d9319e11c0e716741d2,highest-temperature-in-nyc-on-march-31-2026,missing_quote_pair,21.222222,no,asymmetric_paired_accumulation,,,,2026-03-28T21:13:10+00:00,buy
60-61°F,-0.02816,New York City,0x732559df9ab91f68ea1a3243a32a4dfd8d3ee8e503021d9319e11c0e716741d2,highest-temperature-in-nyc-on-march-31-2026,missing_quote_pair,0.02816,yes,asymmetric_paired_accumulation,,,,2026-03-28T21:13:10+00:00,buy
60-61°F,-11.454906,New York City,0x732559df9ab91f68ea1a3243a32a4dfd8d3ee8e503021d9319e11c0e716741d2,highest-temperature-in-nyc-on-march-31-2026,missing_quote_pair,11.454906,no,asymmetric_paired_accumulation,,,,2026-03-28T21:13:12+00:00,buy
60-61°F,-0.079163,New York City,0x732559df9ab91f68ea1a3243a32a4dfd8d3ee8e503021d9319e11c0e716741d2,highest-temperature-in-nyc-on-march-31-2026,missing_quote_pair,0.079163,yes,asymmetric_paired_accumulation,,,,2026-03-28T21:13:12+00:00,buy
60-61°F,-0.136234,New York City,0x732559df9ab91f68ea1a3243a32a4dfd8d3ee8e503021d9319e11c0e716741d2,highest-temperature-in-nyc-on-march-31-2026,missing_quote_pair,0.136234,yes,asymmetric_paired_accumulation,,,,2026-03-28T21:13:12+00:00,buy
60-61°F,-0.046025,New York City,0x732559df9ab91f68ea1a3243a32a4dfd8d3ee8e503021d9319e11c0e716741d2,highest-temperature-in-nyc-on-march-31-2026,missing_quote_pair,0.046025,yes,asymmetric_paired_accumulation,,,,2026-03-28T21:13:12+00:00,buy
60-61°F,-21.222222,New York City,0x732559df9ab91f68ea1a3243a32a4dfd8d3ee8e503021d9319e11c0e716741d2,highest-temperature-in-nyc-on-march-31-2026,missing_quote_pair,21.222222,no,asymmetric_paired_accumulation,,,,2026-03-28T21:13:12+00:00,buy
60-61°F,-21.222222,New York City,0x732559df9ab91f68ea1a3243a32a4dfd8d3ee8e503021d9319e11c0e716741d2,highest-temperature-in-nyc-on-march-31-2026,missing_quote_pair,21.222222,no,asymmetric_paired_accumulation,,,,2026-03-28T21:13:14+00:00,buy
60-61°F,-0.048786,New York City,0x732559df9ab91f68ea1a3243a32a4dfd8d3ee8e503021d9319e11c0e716741d2,highest-temperature-in-nyc-on-march-31-2026,missing_quote_pair,0.048786,yes,asymmetric_paired_accumulation,,,,2026-03-28T21:13:14+00:00,buy
60-61°F,-21.222222,New York City,0x732559df9ab91f68ea1a3243a32a4dfd8d3ee8e503021d9319e11c0e716741d2,highest-temperature-in-nyc-on-march-31-2026,missing_quote_pair,21.222222,no,asymmetric_paired_accumulation,,,,2026-03-28T21:13:14+00:00,buy
60-61°F,-0.048786,New York City,0x732559df9ab91f68ea1a3243a32a4dfd8d3ee8e503021d9319e11c0e716741d2,highest-temperature-in-nyc-on-march-31-2026,missing_quote_pair,0.048786,yes,asymmetric_paired_accumulation,,,,2026-03-28T21:13:14+00:00,buy
60-61°F,-0.176,New York City,0x732559df9ab91f68ea1a3243a32a4dfd8d3ee8e503021d9319e11c0e716741d2,highest-temperature-in-nyc-on-march-31-2026,missing_quote_pair,0.176,yes,asymmetric_paired_accumulation,,,,2026-03-28T21:13:16+00:00,buy
60-61°F,-0.057991,New York City,0x732559df9ab91f68ea1a3243a32a4dfd8d3ee8e503021d9319e11c0e716741d2,highest-temperature-in-nyc-on-march-31-2026,missing_quote_pair,0.057991,yes,asymmetric_paired_accumulation,,,,2026-03-28T21:13:16+00:00,buy
60-61°F,-0.72644,New York City,0x732559df9ab91f68ea1a3243a32a4dfd8d3ee8e503021d9319e11c0e716741d2,highest-temperature-in-nyc-on-march-31-2026,missing_quote_pair,0.72644,yes,asymmetric_paired_accumulation,,,,2026-03-28T21:13:22+00:00,buy
60-61°F,-0.88,New York City,0x732559df9ab91f68ea1a3243a32a4dfd8d3ee8e503021d9319e11c0e716741d2,highest-temperature-in-nyc-on-march-31-2026,missing_quote_pair,0.88,yes,asymmetric_paired_accumulation,,,,2026-03-28T21:13:22+00:00,buy
60-61°F,-1.32,New York City,0x732559df9ab91f68ea1a3243a32a4dfd8d3ee8e503021d9319e11c0e716741d2,highest-temperature-in-nyc-on-march-31-2026,missing_quote_pair,1.32,yes,asymmetric_paired_accumulation,,,,2026-03-28T21:13:28+00:00,buy
60-61°F,-0.9932,New York City,0x732559df9ab91f68ea1a3243a32a4dfd8d3ee8e503021d9319e11c0e716741d2,highest-temperature-in-nyc-on-march-31-2026,missing_quote_pair,0.9932,no,asymmetric_paired_accumulation,,,,2026-03-28T21:13:32+00:00,buy
60-61°F,-1.19375,New York City,0x732559df9ab91f68ea1a3243a32a4dfd8d3ee8e503021d9319e11c0e716741d2,highest-temperature-in-nyc-on-march-31-2026,missing_quote_pair,1.19375,no,asymmetric_paired_accumulation,,,,2026-03-28T21:13:32+00:00,buy
60-61°F,-1.57575,New York City,0x732559df9ab91f68ea1a3243a32a4dfd8d3ee8e503021d9319e11c0e716741d2,highest-temperature-in-nyc-on-march-31-2026,missing_quote_pair,1.57575,no,asymmetric_paired_accumulation,,,,2026-03-28T21:13:34+00:00,buy
60-61°F,-1.91,New York City,0x732559df9ab91f68ea1a3243a32a4dfd8d3ee8e503021d9319e11c0e716741d2,highest-temperature-in-nyc-on-march-31-2026,missing_quote_pair,1.91,no,asymmetric_paired_accumulation,,,,2026-03-28T21:13:34+00:00,buy
74-75°F,-14.230769,Miami,0x34c90dc8fde04aaff9fd9daa225452c00222e49be81084ef6a26e8567997293b,highest-temperature-in-miami-on-april-1-2026,missing_quote_pair,14.230769,no,asymmetric_paired_accumulation,,,,2026-03-28T21:16:06+00:00,buy
74-75°F,-14.230769,Miami,0x34c90dc8fde04aaff9fd9daa225452c00222e49be81084ef6a26e8567997293b,highest-temperature-in-miami-on-april-1-2026,missing_quote_pair,14.230769,no,asymmetric_paired_accumulation,,,,2026-03-28T21:16:06+00:00,buy
74-75°F,-2.871769,Miami,0x34c90dc8fde04aaff9fd9daa225452c00222e49be81084ef6a26e8567997293b,highest-temperature-in-miami-on-april-1-2026,missing_quote_pair,2.871769,no,asymmetric_paired_accumulation,,,,2026-03-28T21:16:06+00:00,buy
74-75°F,-1.542895,Miami,0x34c90dc8fde04aaff9fd9daa225452c00222e49be81084ef6a26e8567997293b,highest-temperature-in-miami-on-april-1-2026,missing_quote_pair,1.542895,yes,asymmetric_paired_accumulation,,,,2026-03-28T21:16:06+00:00,buy
74-75°F,-14.230769,Miami,0x34c90dc8fde04aaff9fd9daa225452c00222e49be81084ef6a26e8567997293b,highest-temperature-in-miami-on-april-1-2026,missing_quote_pair,14.230769,no,asymmetric_paired_accumulation,,,,2026-03-28T21:16:06+00:00,buy
74-75°F,-2.463083,Miami,0x34c90dc8fde04aaff9fd9daa225452c00222e49be81084ef6a26e8567997293b,highest-temperature-in-miami-on-april-1-2026,missing_quote_pair,2.463083,yes,asymmetric_paired_accumulation,,,,2026-03-28T21:16:10+00:00,buy
74-75°F,-17.105757,Miami,0x34c90dc8fde04aaff9fd9daa225452c00222e49be81084ef6a26e8567997293b,highest-temperature-in-miami-on-april-1-2026,missing_quote_pair,17.105757,no,asymmetric_paired_accumulation,,,,2026-03-28T21:16:22+00:00,buy
73°F or below,-1.666844,Miami,0x17711651978d4779cb964acbebb6c06e67ee00799632036485bbf48bd5bfbe72,highest-temperature-in-miami-on-april-1-2026,missing_quote_pair,1.666844,yes,asymmetric_paired_accumulation,,,,2026-03-28T21:17:22+00:00,buy
73°F or below,-1.383288,Miami,0x17711651978d4779cb964acbebb6c06e67ee00799632036485bbf48bd5bfbe72,highest-temperature-in-miami-on-april-1-2026,missing_quote_pair,1.383288,yes,asymmetric_paired_accumulation,,,,2026-03-28T21:17:46+00:00,buy
73°F or below,-29.127527,Miami,0x17711651978d4779cb964acbebb6c06e67ee00799632036485bbf48bd5bfbe72,highest-temperature-in-miami-on-april-1-2026,missing_quote_pair,29.127527,no,asymmetric_paired_accumulation,,,,2026-03-28T21:17:46+00:00,buy
73°F or below,-0.048601,Miami,0x17711651978d4779cb964acbebb6c06e67ee00799632036485bbf48bd5bfbe72,highest-temperature-in-miami-on-april-1-2026,missing_quote_pair,0.048601,yes,asymmetric_paired_accumulation,,,,2026-03-28T21:17:52+00:00,buy
73°F or below,-29.455555,Miami,0x17711651978d4779cb964acbebb6c06e67ee00799632036485bbf48bd5bfbe72,highest-temperature-in-miami-on-april-1-2026,missing_quote_pair,29.455555,no,asymmetric_paired_accumulation,,,,2026-03-28T21:17:52+00:00,buy
73°F or below,-0.181347,Miami,0x17711651978d4779cb964acbebb6c06e67ee00799632036485bbf48bd5bfbe72,highest-temperature-in-miami-on-april-1-2026,missing_quote_pair,0.181347,yes,asymmetric_paired_accumulation,,,,2026-03-28T21:17:52+00:00,buy
73°F or below,-0.039896,Miami,0x17711651978d4779cb964acbebb6c06e67ee00799632036485bbf48bd5bfbe72,highest-temperature-in-miami-on-april-1-2026,missing_quote_pair,0.039896,yes,asymmetric_paired_accumulation,,,,2026-03-28T21:17:52+00:00,buy
73°F or below,-0.0434,Miami,0x17711651978d4779cb964acbebb6c06e67ee00799632036485bbf48bd5bfbe72,highest-temperature-in-miami-on-april-1-2026,missing_quote_pair,0.0434,yes,asymmetric_paired_accumulation,,,,2026-03-28T21:17:52+00:00,buy
73°F or below,-0.036269,Miami,0x17711651978d4779cb964acbebb6c06e67ee00799632036485bbf48bd5bfbe72,highest-temperature-in-miami-on-april-1-2026,missing_quote_pair,0.036269,yes,asymmetric_paired_accumulation,,,,2026-03-28T21:17:52+00:00,buy
73°F or below,-26.777777,Miami,0x17711651978d4779cb964acbebb6c06e67ee00799632036485bbf48bd5bfbe72,highest-temperature-in-miami-on-april-1-2026,missing_quote_pair,26.777777,no,asymmetric_paired_accumulation,,,,2026-03-28T21:17:52+00:00,buy
73°F or below,-7.712,Miami,0x17711651978d4779cb964acbebb6c06e67ee00799632036485bbf48bd5bfbe72,highest-temperature-in-miami-on-april-1-2026,missing_quote_pair,7.712,no,asymmetric_paired_accumulation,,,,2026-03-28T21:17:52+00:00,buy
73°F or below,-40.78684,Miami,0x17711651978d4779cb964acbebb6c06e67ee00799632036485bbf48bd5bfbe72,highest-temperature-in-miami-on-april-1-2026,missing_quote_pair,40.78684,no,asymmetric_paired_accumulation,,,,2026-03-28T21:17:54+00:00,buy
73°F or below,-29.455555,Miami,0x17711651978d4779cb964acbebb6c06e67ee00799632036485bbf48bd5bfbe72,highest-temperature-in-miami-on-april-1-2026,missing_quote_pair,29.455555,no,asymmetric_paired_accumulation,,,,2026-03-28T21:17:54+00:00,buy
73°F or below,-133.888888,Miami,0x17711651978d4779cb964acbebb6c06e67ee00799632036485bbf48bd5bfbe72,highest-temperature-in-miami-on-april-1-2026,missing_quote_pair,133.888888,no,asymmetric_paired_accumulation,,,,2026-03-28T21:17:54+00:00,buy
73°F or below,-29.455555,Miami,0x17711651978d4779cb964acbebb6c06e67ee00799632036485bbf48bd5bfbe72,highest-temperature-in-miami-on-april-1-2026,missing_quote_pair,29.455555,no,asymmetric_paired_accumulation,,,,2026-03-28T21:17:54+00:00,buy
73°F or below,-29.455555,Miami,0x17711651978d4779cb964acbebb6c06e67ee00799632036485bbf48bd5bfbe72,highest-temperature-in-miami-on-april-1-2026,missing_quote_pair,29.455555,no,asymmetric_paired_accumulation,,,,2026-03-28T21:17:54+00:00,buy
73°F or below,-29.455555,Miami,0x17711651978d4779cb964acbebb6c06e67ee00799632036485bbf48bd5bfbe72,highest-temperature-in-miami-on-april-1-2026,missing_quote_pair,29.455555,no,asymmetric_paired_accumulation,,,,2026-03-28T21:17:54+00:00,buy
73°F or below,-0.392,Miami,0x17711651978d4779cb964acbebb6c06e67ee00799632036485bbf48bd5bfbe72,highest-temperature-in-miami-on-april-1-2026,missing_quote_pair,0.392,yes,asymmetric_paired_accumulation,,,,2026-03-28T21:18:14+00:00,buy
73°F or below,-0.00196,Miami,0x17711651978d4779cb964acbebb6c06e67ee00799632036485bbf48bd5bfbe72,highest-temperature-in-miami-on-april-1-2026,missing_quote_pair,0.00196,yes,asymmetric_paired_accumulation,,,,2026-03-28T21:18:14+00:00,buy
73°F or below,-0.14994,Miami,0x17711651978d4779cb964acbebb6c06e67ee00799632036485bbf48bd5bfbe72,highest-temperature-in-miami-on-april-1-2026,missing_quote_pair,0.14994,yes,asymmetric_paired_accumulation,,,,2026-03-28T21:18:14+00:00,buy
73°F or below,-0.25529,Miami,0x17711651978d4779cb964acbebb6c06e67ee00799632036485bbf48bd5bfbe72,highest-temperature-in-miami-on-april-1-2026,missing_quote_pair,0.25529,yes,asymmetric_paired_accumulation,,,,2026-03-28T21:18:14+00:00,buy
73°F or below,-0.14994,Miami,0x17711651978d4779cb964acbebb6c06e67ee00799632036485bbf48bd5bfbe72,highest-temperature-in-miami-on-april-1-2026,missing_quote_pair,0.14994,yes,asymmetric_paired_accumulation,,,,2026-03-28T21:18:14+00:00,buy
73°F or below,-0.14994,Miami,0x17711651978d4779cb964acbebb6c06e67ee00799632036485bbf48bd5bfbe72,highest-temperature-in-miami-on-april-1-2026,missing_quote_pair,0.14994,yes,asymmetric_paired_accumulation,,,,2026-03-28T21:18:14+00:00,buy
73°F or below,-20.9,Miami,0x17711651978d4779cb964acbebb6c06e67ee00799632036485bbf48bd5bfbe72,highest-temperature-in-miami-on-april-1-2026,missing_quote_pair,20.9,no,asymmetric_paired_accumulation,,,,2026-03-28T21:18:14+00:00,buy
73°F or below,-0.257623,Miami,0x17711651978d4779cb964acbebb6c06e67ee00799632036485bbf48bd5bfbe72,highest-temperature-in-miami-on-april-1-2026,missing_quote_pair,0.257623,yes,asymmetric_paired_accumulation,,,,2026-03-28T21:18:14+00:00,buy
73°F or below,-0.14994,Miami,0x17711651978d4779cb964acbebb6c06e67ee00799632036485bbf48bd5bfbe72,highest-temperature-in-miami-on-april-1-2026,missing_quote_pair,0.14994,yes,asymmetric_paired_accumulation,,,,2026-03-28T21:18:14+00:00,buy
73°F or below,-0.13622,Miami,0x17711651978d4779cb964acbebb6c06e67ee00799632036485bbf48bd5bfbe72,highest-temperature-in-miami-on-april-1-2026,missing_quote_pair,0.13622,yes,asymmetric_paired_accumulation,,,,2026-03-28T21:18:14+00:00,buy
73°F or below,-20.9,Miami,0x17711651978d4779cb964acbebb6c06e67ee00799632036485bbf48bd5bfbe72,highest-temperature-in-miami-on-april-1-2026,missing_quote_pair,20.9,no,asymmetric_paired_accumulation,,,,2026-03-28T21:18:14+00:00,buy
73°F or below,-20.9,Miami,0x17711651978d4779cb964acbebb6c06e67ee00799632036485bbf48bd5bfbe72,highest-temperature-in-miami-on-april-1-2026,missing_quote_pair,20.9,no,asymmetric_paired_accumulation,,,,2026-03-28T21:18:14+00:00,buy
73°F or below,-0.20727,Miami,0x17711651978d4779cb964acbebb6c06e67ee00799632036485bbf48bd5bfbe72,highest-temperature-in-miami-on-april-1-2026,missing_quote_pair,0.20727,yes,asymmetric_paired_accumulation,,,,2026-03-28T21:18:14+00:00,buy
73°F or below,-0.109747,Miami,0x17711651978d4779cb964acbebb6c06e67ee00799632036485bbf48bd5bfbe72,highest-temperature-in-miami-on-april-1-2026,missing_quote_pair,0.109747,yes,asymmetric_paired_accumulation,,,,2026-03-28T21:18:14+00:00,buy
73°F or below,-20.9,Miami,0x17711651978d4779cb964acbebb6c06e67ee00799632036485bbf48bd5bfbe72,highest-temperature-in-miami-on-april-1-2026,missing_quote_pair,20.9,no,asymmetric_paired_accumulation,,,,2026-03-28T21:18:16+00:00,buy
73°F or below,-20.9,Miami,0x17711651978d4779cb964acbebb6c06e67ee00799632036485bbf48bd5bfbe72,highest-temperature-in-miami-on-april-1-2026,missing_quote_pair,20.9,no,asymmetric_paired_accumulation,,,,2026-03-28T21:18:16+00:00,buy
73°F or below,-20.9,Miami,0x17711651978d4779cb964acbebb6c06e67ee00799632036485bbf48bd5bfbe72,highest-temperature-in-miami-on-april-1-2026,missing_quote_pair,20.9,no,asymmetric_paired_accumulation,,,,2026-03-28T21:18:16+00:00,buy
73°F or below,-1.462067,Miami,0x17711651978d4779cb964acbebb6c06e67ee00799632036485bbf48bd5bfbe72,highest-temperature-in-miami-on-april-1-2026,missing_quote_pair,1.462067,yes,asymmetric_paired_accumulation,,,,2026-03-28T21:18:18+00:00,buy
73°F or below,-2.777927,Miami,0x17711651978d4779cb964acbebb6c06e67ee00799632036485bbf48bd5bfbe72,highest-temperature-in-miami-on-april-1-2026,missing_quote_pair,2.777927,yes,asymmetric_paired_accumulation,,,,2026-03-28T21:18:20+00:00,buy
73°F or below,-20.9,Miami,0x17711651978d4779cb964acbebb6c06e67ee00799632036485bbf48bd5bfbe72,highest-temperature-in-miami-on-april-1-2026,missing_quote_pair,20.9,no,asymmetric_paired_accumulation,,,,2026-03-28T21:18:22+00:00,buy
73°F or below,-0.0541,Miami,0x17711651978d4779cb964acbebb6c06e67ee00799632036485bbf48bd5bfbe72,highest-temperature-in-miami-on-april-1-2026,missing_quote_pair,0.0541,yes,asymmetric_paired_accumulation,,,,2026-03-28T21:18:22+00:00,buy
73°F or below,-0.323059,Miami,0x17711651978d4779cb964acbebb6c06e67ee00799632036485bbf48bd5bfbe72,highest-temperature-in-miami-on-april-1-2026,missing_quote_pair,0.323059,yes,asymmetric_paired_accumulation,,,,2026-03-28T21:18:22+00:00,buy
73°F or below,-0.245,Miami,0x17711651978d4779cb964acbebb6c06e67ee00799632036485bbf48bd5bfbe72,highest-temperature-in-miami-on-april-1-2026,missing_quote_pair,0.245,yes,asymmetric_paired_accumulation,,,,2026-03-28T21:18:22+00:00,buy
73°F or below,-0.323059,Miami,0x17711651978d4779cb964acbebb6c06e67ee00799632036485bbf48bd5bfbe72,highest-temperature-in-miami-on-april-1-2026,missing_quote_pair,0.323059,yes,asymmetric_paired_accumulation,,,,2026-03-28T21:18:22+00:00,buy
73°F or below,-20.9,Miami,0x17711651978d4779cb964acbebb6c06e67ee00799632036485bbf48bd5bfbe72,highest-temperature-in-miami-on-april-1-2026,missing_quote_pair,20.9,no,asymmetric_paired_accumulation,,,,2026-03-28T21:18:22+00:00,buy
73°F or below,-1.16081,Miami,0x17711651978d4779cb964acbebb6c06e67ee00799632036485bbf48bd5bfbe72,highest-temperature-in-miami-on-april-1-2026,missing_quote_pair,1.16081,yes,asymmetric_paired_accumulation,,,,2026-03-28T21:18:22+00:00,buy
73°F or below,-4.873556,Miami,0x17711651978d4779cb964acbebb6c06e67ee00799632036485bbf48bd5bfbe72,highest-temperature-in-miami-on-april-1-2026,missing_quote_pair,4.873556,yes,asymmetric_paired_accumulation,,,,2026-03-28T21:18:24+00:00,buy
73°F or below,-4.66643,Miami,0x17711651978d4779cb964acbebb6c06e67ee00799632036485bbf48bd5bfbe72,highest-temperature-in-miami-on-april-1-2026,missing_quote_pair,4.66643,yes,asymmetric_paired_accumulation,,,,2026-03-28T21:18:32+00:00,buy
73°F or below,-20.9,Miami,0x17711651978d4779cb964acbebb6c06e67ee00799632036485bbf48bd5bfbe72,highest-temperature-in-miami-on-april-1-2026,missing_quote_pair,20.9,no,asymmetric_paired_accumulation,,,,2026-03-28T21:18:32+00:00,buy
73°F or below,-0.1078,Miami,0x17711651978d4779cb964acbebb6c06e67ee00799632036485bbf48bd5bfbe72,highest-temperature-in-miami-on-april-1-2026,missing_quote_pair,0.1078,yes,asymmetric_paired_accumulation,,,,2026-03-28T21:18:34+00:00,buy
73°F or below,-0.1078,Miami,0x17711651978d4779cb964acbebb6c06e67ee00799632036485bbf48bd5bfbe72,highest-temperature-in-miami-on-april-1-2026,missing_quote_pair,0.1078,yes,asymmetric_paired_accumulation,,,,2026-03-28T21:18:34+00:00,buy
73°F or below,-20.9,Miami,0x17711651978d4779cb964acbebb6c06e67ee00799632036485bbf48bd5bfbe72,highest-temperature-in-miami-on-april-1-2026,missing_quote_pair,20.9,no,asymmetric_paired_accumulation,,,,2026-03-28T21:18:34+00:00,buy
73°F or below,-2.831,Miami,0x17711651978d4779cb964acbebb6c06e67ee00799632036485bbf48bd5bfbe72,highest-temperature-in-miami-on-april-1-2026,missing_quote_pair,2.831,no,asymmetric_paired_accumulation,,,,2026-03-28T21:18:34+00:00,buy
73°F or below,-0.1078,Miami,0x17711651978d4779cb964acbebb6c06e67ee00799632036485bbf48bd5bfbe72,highest-temperature-in-miami-on-april-1-2026,missing_quote_pair,0.1078,yes,asymmetric_paired_accumulation,,,,2026-03-28T21:18:34+00:00,buy
73°F or below,-0.1078,Miami,0x17711651978d4779cb964acbebb6c06e67ee00799632036485bbf48bd5bfbe72,highest-temperature-in-miami-on-april-1-2026,missing_quote_pair,0.1078,yes,asymmetric_paired_accumulation,,,,2026-03-28T21:18:34+00:00,buy
73°F or below,-0.056677,Miami,0x17711651978d4779cb964acbebb6c06e67ee00799632036485bbf48bd5bfbe72,highest-temperature-in-miami-on-april-1-2026,missing_quote_pair,0.056677,yes,asymmetric_paired_accumulation,,,,2026-03-28T21:18:34+00:00,buy
73°F or below,-0.1078,Miami,0x17711651978d4779cb964acbebb6c06e67ee00799632036485bbf48bd5bfbe72,highest-temperature-in-miami-on-april-1-2026,missing_quote_pair,0.1078,yes,asymmetric_paired_accumulation,,,,2026-03-28T21:18:34+00:00,buy
73°F or below,-0.1078,Miami,0x17711651978d4779cb964acbebb6c06e67ee00799632036485bbf48bd5bfbe72,highest-temperature-in-miami-on-april-1-2026,missing_quote_pair,0.1078,yes,asymmetric_paired_accumulation,,,,2026-03-28T21:18:34+00:00,buy
73°F or below,-0.082954,Miami,0x17711651978d4779cb964acbebb6c06e67ee00799632036485bbf48bd5bfbe72,highest-temperature-in-miami-on-april-1-2026,missing_quote_pair,0.082954,yes,asymmetric_paired_accumulation,,,,2026-03-28T21:18:36+00:00,buy
73°F or below,-2.2515,Miami,0x17711651978d4779cb964acbebb6c06e67ee00799632036485bbf48bd5bfbe72,highest-temperature-in-miami-on-april-1-2026,missing_quote_pair,2.2515,no,asymmetric_paired_accumulation,,,,2026-03-28T21:18:36+00:00,buy
73°F or below,-0.1078,Miami,0x17711651978d4779cb964acbebb6c06e67ee00799632036485bbf48bd5bfbe72,highest-temperature-in-miami-on-april-1-2026,missing_quote_pair,0.1078,yes,asymmetric_paired_accumulation,,,,2026-03-28T21:18:36+00:00,buy
73°F or below,-5.3865,Miami,0x17711651978d4779cb964acbebb6c06e67ee00799632036485bbf48bd5bfbe72,highest-temperature-in-miami-on-april-1-2026,missing_quote_pair,5.3865,no,asymmetric_paired_accumulation,,,,2026-03-28T21:18:36+00:00,buy
73°F or below,-0.1078,Miami,0x17711651978d4779cb964acbebb6c06e67ee00799632036485bbf48bd5bfbe72,highest-temperature-in-miami-on-april-1-2026,missing_quote_pair,0.1078,yes,asymmetric_paired_accumulation,,,,2026-03-28T21:18:36+00:00,buy
73°F or below,-7.6,Miami,0x17711651978d4779cb964acbebb6c06e67ee00799632036485bbf48bd5bfbe72,highest-temperature-in-miami-on-april-1-2026,missing_quote_pair,7.6,no,asymmetric_paired_accumulation,,,,2026-03-28T21:18:36+00:00,buy
73°F or below,-26.79,Miami,0x17711651978d4779cb964acbebb6c06e67ee00799632036485bbf48bd5bfbe72,highest-temperature-in-miami-on-april-1-2026,missing_quote_pair,26.79,no,asymmetric_paired_accumulation,,,,2026-03-28T21:18:38+00:00,buy
73°F or below,-0.323059,Miami,0x17711651978d4779cb964acbebb6c06e67ee00799632036485bbf48bd5bfbe72,highest-temperature-in-miami-on-april-1-2026,missing_quote_pair,0.323059,yes,asymmetric_paired_accumulation,,,,2026-03-28T21:18:38+00:00,buy
73°F or below,-0.323059,Miami,0x17711651978d4779cb964acbebb6c06e67ee00799632036485bbf48bd5bfbe72,highest-temperature-in-miami-on-april-1-2026,missing_quote_pair,0.323059,yes,asymmetric_paired_accumulation,,,,2026-03-28T21:18:40+00:00,buy
73°F or below,-0.117476,Miami,0x17711651978d4779cb964acbebb6c06e67ee00799632036485bbf48bd5bfbe72,highest-temperature-in-miami-on-april-1-2026,missing_quote_pair,0.117476,yes,asymmetric_paired_accumulation,,,,2026-03-28T21:18:42+00:00,buy
73°F or below,-0.43862,Miami,0x17711651978d4779cb964acbebb6c06e67ee00799632036485bbf48bd5bfbe72,highest-temperature-in-miami-on-april-1-2026,missing_quote_pair,0.43862,yes,asymmetric_paired_accumulation,,,,2026-03-28T21:18:44+00:00,buy
73°F or below,-0.414258,Miami,0x17711651978d4779cb964acbebb6c06e67ee00799632036485bbf48bd5bfbe72,highest-temperature-in-miami-on-april-1-2026,missing_quote_pair,0.414258,yes,asymmetric_paired_accumulation,,,,2026-03-28T21:18:44+00:00,buy
73°F or below,-2.77291,Miami,0x17711651978d4779cb964acbebb6c06e67ee00799632036485bbf48bd5bfbe72,highest-temperature-in-miami-on-april-1-2026,missing_quote_pair,2.77291,yes,asymmetric_paired_accumulation,,,,2026-03-28T21:18:44+00:00,buy
73°F or below,-4.9,Miami,0x17711651978d4779cb964acbebb6c06e67ee00799632036485bbf48bd5bfbe72,highest-temperature-in-miami-on-april-1-2026,missing_quote_pair,4.9,yes,asymmetric_paired_accumulation,,,,2026-03-28T21:18:44+00:00,buy
73°F or below,-27.93,Miami,0x17711651978d4779cb964acbebb6c06e67ee00799632036485bbf48bd5bfbe72,highest-temperature-in-miami-on-april-1-2026,missing_quote_pair,27.93,no,asymmetric_paired_accumulation,,,,2026-03-28T21:18:48+00:00,buy
73°F or below,-27.93,Miami,0x17711651978d4779cb964acbebb6c06e67ee00799632036485bbf48bd5bfbe72,highest-temperature-in-miami-on-april-1-2026,missing_quote_pair,27.93,no,asymmetric_paired_accumulation,,,,2026-03-28T21:18:50+00:00,buy
73°F or below,-4.04446,Miami,0x17711651978d4779cb964acbebb6c06e67ee00799632036485bbf48bd5bfbe72,highest-temperature-in-miami-on-april-1-2026,missing_quote_pair,4.04446,yes,asymmetric_paired_accumulation,,,,2026-03-28T21:18:50+00:00,buy
73°F or below,-22.99,Miami,0x17711651978d4779cb964acbebb6c06e67ee00799632036485bbf48bd5bfbe72,highest-temperature-in-miami-on-april-1-2026,missing_quote_pair,22.99,no,asymmetric_paired_accumulation,,,,2026-03-28T21:18:56+00:00,buy
73°F or below,-0.35552,Miami,0x17711651978d4779cb964acbebb6c06e67ee00799632036485bbf48bd5bfbe72,highest-temperature-in-miami-on-april-1-2026,missing_quote_pair,0.35552,yes,asymmetric_paired_accumulation,,,,2026-03-28T21:19:02+00:00,buy
73°F or below,-1.11426,Miami,0x17711651978d4779cb964acbebb6c06e67ee00799632036485bbf48bd5bfbe72,highest-temperature-in-miami-on-april-1-2026,missing_quote_pair,1.11426,yes,asymmetric_paired_accumulation,,,,2026-03-28T21:19:02+00:00,buy
73°F or below,-0.35382,Miami,0x17711651978d4779cb964acbebb6c06e67ee00799632036485bbf48bd5bfbe72,highest-temperature-in-miami-on-april-1-2026,missing_quote_pair,0.35382,yes,asymmetric_paired_accumulation,,,,2026-03-28T21:19:06+00:00,buy
73°F or below,-7.6,Miami,0x17711651978d4779cb964acbebb6c06e67ee00799632036485bbf48bd5bfbe72,highest-temperature-in-miami-on-april-1-2026,missing_quote_pair,7.6,no,asymmetric_paired_accumulation,,,,2026-03-28T21:19:12+00:00,buy
73°F or below,-0.1078,Miami,0x17711651978d4779cb964acbebb6c06e67ee00799632036485bbf48bd5bfbe72,highest-temperature-in-miami-on-april-1-2026,missing_quote_pair,0.1078,yes,asymmetric_paired_accumulation,,,,2026-03-28T21:19:12+00:00,buy
73°F or below,-7.6,Miami,0x17711651978d4779cb964acbebb6c06e67ee00799632036485bbf48bd5bfbe72,highest-temperature-in-miami-on-april-1-2026,missing_quote_pair,7.6,no,asymmetric_paired_accumulation,,,,2026-03-28T21:19:14+00:00,buy
73°F or below,-7.6,Miami,0x17711651978d4779cb964acbebb6c06e67ee00799632036485bbf48bd5bfbe72,highest-temperature-in-miami-on-april-1-2026,missing_quote_pair,7.6,no,asymmetric_paired_accumulation,,,,2026-03-28T21:19:14+00:00,buy
73°F or below,-0.1078,Miami,0x17711651978d4779cb964acbebb6c06e67ee00799632036485bbf48bd5bfbe72,highest-temperature-in-miami-on-april-1-2026,missing_quote_pair,0.1078,yes,asymmetric_paired_accumulation,,,,2026-03-28T21:19:14+00:00,buy
73°F or below,-0.13818,Miami,0x17711651978d4779cb964acbebb6c06e67ee00799632036485bbf48bd5bfbe72,highest-temperature-in-miami-on-april-1-2026,missing_quote_pair,0.13818,yes,asymmetric_paired_accumulation,,,,2026-03-28T21:19:14+00:00,buy
73°F or below,-5.377,Miami,0x17711651978d4779cb964acbebb6c06e67ee00799632036485bbf48bd5bfbe72,highest-temperature-in-miami-on-april-1-2026,missing_quote_pair,5.377,no,asymmetric_paired_accumulation,,,,2026-03-28T21:19:16+00:00,buy
73°F or below,-1.74048,Miami,0x17711651978d4779cb964acbebb6c06e67ee00799632036485bbf48bd5bfbe72,highest-temperature-in-miami-on-april-1-2026,missing_quote_pair,1.74048,yes,asymmetric_paired_accumulation,,,,2026-03-28T21:19:18+00:00,buy
73°F or below,-2.1565,Miami,0x17711651978d4779cb964acbebb6c06e67ee00799632036485bbf48bd5bfbe72,highest-temperature-in-miami-on-april-1-2026,missing_quote_pair,2.1565,no,asymmetric_paired_accumulation,,,,2026-03-28T21:19:34+00:00,buy
73°F or below,-7.6,Miami,0x17711651978d4779cb964acbebb6c06e67ee00799632036485bbf48bd5bfbe72,highest-temperature-in-miami-on-april-1-2026,missing_quote_pair,7.6,no,asymmetric_paired_accumulation,,,,2026-03-28T21:19:34+00:00,buy
73°F or below,-625.6287,Miami,0x17711651978d4779cb964acbebb6c06e67ee00799632036485bbf48bd5bfbe72,highest-temperature-in-miami-on-april-1-2026,missing_quote_pair,625.6287,no,asymmetric_paired_accumulation,,,,2026-03-28T21:19:42+00:00,buy
74-75°F,-7.361538,Miami,0x34c90dc8fde04aaff9fd9daa225452c00222e49be81084ef6a26e8567997293b,highest-temperature-in-miami-on-april-1-2026,missing_quote_pair,7.361538,no,asymmetric_paired_accumulation,,,,2026-03-28T21:21:00+00:00,buy
74-75°F,-1.73484,Miami,0x34c90dc8fde04aaff9fd9daa225452c00222e49be81084ef6a26e8567997293b,highest-temperature-in-miami-on-april-1-2026,missing_quote_pair,1.73484,yes,asymmetric_paired_accumulation,,,,2026-03-28T21:21:00+00:00,buy
74-75°F,-27.756145,Miami,0x34c90dc8fde04aaff9fd9daa225452c00222e49be81084ef6a26e8567997293b,highest-temperature-in-miami-on-april-1-2026,missing_quote_pair,27.756145,no,asymmetric_paired_accumulation,,,,2026-03-28T21:21:00+00:00,buy
74-75°F,-29.835646,Miami,0x34c90dc8fde04aaff9fd9daa225452c00222e49be81084ef6a26e8567997293b,highest-temperature-in-miami-on-april-1-2026,missing_quote_pair,29.835646,no,asymmetric_paired_accumulation,,,,2026-03-28T21:21:14+00:00,buy
74-75°F,-1.223162,Miami,0x34c90dc8fde04aaff9fd9daa225452c00222e49be81084ef6a26e8567997293b,highest-temperature-in-miami-on-april-1-2026,missing_quote_pair,1.223162,yes,asymmetric_paired_accumulation,,,,2026-03-28T21:21:14+00:00,buy
74-75°F,-7.361538,Miami,0x34c90dc8fde04aaff9fd9daa225452c00222e49be81084ef6a26e8567997293b,highest-temperature-in-miami-on-april-1-2026,missing_quote_pair,7.361538,no,asymmetric_paired_accumulation,,,,2026-03-28T21:21:16+00:00,buy
74-75°F,-1.266398,Miami,0x34c90dc8fde04aaff9fd9daa225452c00222e49be81084ef6a26e8567997293b,highest-temperature-in-miami-on-april-1-2026,missing_quote_pair,1.266398,yes,asymmetric_paired_accumulation,,,,2026-03-28T21:21:18+00:00,buy
74-75°F,-6.692307,Miami,0x34c90dc8fde04aaff9fd9daa225452c00222e49be81084ef6a26e8567997293b,highest-temperature-in-miami-on-april-1-2026,missing_quote_pair,6.692307,no,asymmetric_paired_accumulation,,,,2026-03-28T21:21:20+00:00,buy
74-75°F,-7.361538,Miami,0x34c90dc8fde04aaff9fd9daa225452c00222e49be81084ef6a26e8567997293b,highest-temperature-in-miami-on-april-1-2026,missing_quote_pair,7.361538,no,asymmetric_paired_accumulation,,,,2026-03-28T21:21:20+00:00,buy
74-75°F,-6.692307,Miami,0x34c90dc8fde04aaff9fd9daa225452c00222e49be81084ef6a26e8567997293b,highest-temperature-in-miami-on-april-1-2026,missing_quote_pair,6.692307,no,asymmetric_paired_accumulation,,,,2026-03-28T21:21:24+00:00,buy
74-75°F,-0.297692,Miami,0x34c90dc8fde04aaff9fd9daa225452c00222e49be81084ef6a26e8567997293b,highest-temperature-in-miami-on-april-1-2026,missing_quote_pair,0.297692,yes,asymmetric_paired_accumulation,,,,2026-03-28T21:21:28+00:00,buy
74-75°F,-0.148105,Miami,0x34c90dc8fde04aaff9fd9daa225452c00222e49be81084ef6a26e8567997293b,highest-temperature-in-miami-on-april-1-2026,missing_quote_pair,0.148105,yes,asymmetric_paired_accumulation,,,,2026-03-28T21:21:28+00:00,buy
74-75°F,-7.361538,Miami,0x34c90dc8fde04aaff9fd9daa225452c00222e49be81084ef6a26e8567997293b,highest-temperature-in-miami-on-april-1-2026,missing_quote_pair,7.361538,no,asymmetric_paired_accumulation,,,,2026-03-28T21:21:30+00:00,buy
74-75°F,-0.444316,Miami,0x34c90dc8fde04aaff9fd9daa225452c00222e49be81084ef6a26e8567997293b,highest-temperature-in-miami-on-april-1-2026,missing_quote_pair,0.444316,yes,asymmetric_paired_accumulation,,,,2026-03-28T21:21:30+00:00,buy
74-75°F,-0.23478,Miami,0x34c90dc8fde04aaff9fd9daa225452c00222e49be81084ef6a26e8567997293b,highest-temperature-in-miami-on-april-1-2026,missing_quote_pair,0.23478,yes,asymmetric_paired_accumulation,,,,2026-03-28T21:21:30+00:00,buy
74-75°F,-0.162916,Miami,0x34c90dc8fde04aaff9fd9daa225452c00222e49be81084ef6a26e8567997293b,highest-temperature-in-miami-on-april-1-2026,missing_quote_pair,0.162916,yes,asymmetric_paired_accumulation,,,,2026-03-28T21:21:30+00:00,buy
74-75°F,-0.570415,Miami,0x34c90dc8fde04aaff9fd9daa225452c00222e49be81084ef6a26e8567997293b,highest-temperature-in-miami-on-april-1-2026,missing_quote_pair,0.570415,yes,asymmetric_paired_accumulation,,,,2026-03-28T21:21:34+00:00,buy
74-75°F,-0.327313,Miami,0x34c90dc8fde04aaff9fd9daa225452c00222e49be81084ef6a26e8567997293b,highest-temperature-in-miami-on-april-1-2026,missing_quote_pair,0.327313,yes,asymmetric_paired_accumulation,,,,2026-03-28T21:21:36+00:00,buy
74-75°F,-0.31734,Miami,0x34c90dc8fde04aaff9fd9daa225452c00222e49be81084ef6a26e8567997293b,highest-temperature-in-miami-on-april-1-2026,missing_quote_pair,0.31734,yes,asymmetric_paired_accumulation,,,,2026-03-28T21:21:44+00:00,buy
74-75°F,-0.44247,Miami,0x34c90dc8fde04aaff9fd9daa225452c00222e49be81084ef6a26e8567997293b,highest-temperature-in-miami-on-april-1-2026,missing_quote_pair,0.44247,yes,asymmetric_paired_accumulation,,,,2026-03-28T21:21:54+00:00,buy
74-75°F,-2.1141,Miami,0x34c90dc8fde04aaff9fd9daa225452c00222e49be81084ef6a26e8567997293b,highest-temperature-in-miami-on-april-1-2026,missing_quote_pair,2.1141,no,asymmetric_paired_accumulation,,,,2026-03-28T21:21:58+00:00,buy
74-75°F,-0.156991,Miami,0x34c90dc8fde04aaff9fd9daa225452c00222e49be81084ef6a26e8567997293b,highest-temperature-in-miami-on-april-1-2026,missing_quote_pair,0.156991,yes,asymmetric_paired_accumulation,,,,2026-03-28T21:21:58+00:00,buy
74-75°F,-0.15551,Miami,0x34c90dc8fde04aaff9fd9daa225452c00222e49be81084ef6a26e8567997293b,highest-temperature-in-miami-on-april-1-2026,missing_quote_pair,0.15551,yes,asymmetric_paired_accumulation,,,,2026-03-28T21:21:58+00:00,buy
74-75°F,-0.312502,Miami,0x34c90dc8fde04aaff9fd9daa225452c00222e49be81084ef6a26e8567997293b,highest-temperature-in-miami-on-april-1-2026,missing_quote_pair,0.312502,yes,asymmetric_paired_accumulation,,,,2026-03-28T21:21:58+00:00,buy
74-75°F,-0.22059,Miami,0x34c90dc8fde04aaff9fd9daa225452c00222e49be81084ef6a26e8567997293b,highest-temperature-in-miami-on-april-1-2026,missing_quote_pair,0.22059,yes,asymmetric_paired_accumulation,,,,2026-03-28T21:22:00+00:00,buy
74-75°F,-2.58,Miami,0x34c90dc8fde04aaff9fd9daa225452c00222e49be81084ef6a26e8567997293b,highest-temperature-in-miami-on-april-1-2026,missing_quote_pair,2.58,yes,asymmetric_paired_accumulation,,,,2026-03-28T21:22:16+00:00,buy
74-75°F,-27.302783,Miami,0x34c90dc8fde04aaff9fd9daa225452c00222e49be81084ef6a26e8567997293b,highest-temperature-in-miami-on-april-1-2026,missing_quote_pair,27.302783,no,asymmetric_paired_accumulation,,,,2026-03-28T21:22:22+00:00,buy
74-75°F,-1.74,Miami,0x34c90dc8fde04aaff9fd9daa225452c00222e49be81084ef6a26e8567997293b,highest-temperature-in-miami-on-april-1-2026,missing_quote_pair,1.74,no,asymmetric_paired_accumulation,,,,2026-03-28T21:22:52+00:00,buy
90-91°F,-1.351126,Miami,0xa004f53eedf2ea63c9c90a1915e5147a0d17ecd2f2039401aa04809ccddbe6bc,highest-temperature-in-miami-on-april-1-2026,missing_quote_pair,1.351126,yes,asymmetric_paired_accumulation,,,,2026-03-28T21:23:20+00:00,buy
90-91°F,-4.419145,Miami,0xa004f53eedf2ea63c9c90a1915e5147a0d17ecd2f2039401aa04809ccddbe6bc,highest-temperature-in-miami-on-april-1-2026,missing_quote_pair,4.419145,no,asymmetric_paired_accumulation,,,,2026-03-28T21:23:24+00:00,buy
90-91°F,-7.304,Miami,0xa004f53eedf2ea63c9c90a1915e5147a0d17ecd2f2039401aa04809ccddbe6bc,highest-temperature-in-miami-on-april-1-2026,missing_quote_pair,7.304,no,asymmetric_paired_accumulation,,,,2026-03-28T21:23:52+00:00,buy
90-91°F,-1.529737,Miami,0xa004f53eedf2ea63c9c90a1915e5147a0d17ecd2f2039401aa04809ccddbe6bc,highest-temperature-in-miami-on-april-1-2026,missing_quote_pair,1.529737,yes,asymmetric_paired_accumulation,,,,2026-03-28T21:23:54+00:00,buy
90-91°F,-43.065475,Miami,0xa004f53eedf2ea63c9c90a1915e5147a0d17ecd2f2039401aa04809ccddbe6bc,highest-temperature-in-miami-on-april-1-2026,missing_quote_pair,43.065475,no,asymmetric_paired_accumulation,,,,2026-03-28T21:23:56+00:00,buy
90-91°F,-11.543678,Miami,0xa004f53eedf2ea63c9c90a1915e5147a0d17ecd2f2039401aa04809ccddbe6bc,highest-temperature-in-miami-on-april-1-2026,missing_quote_pair,11.543678,no,asymmetric_paired_accumulation,,,,2026-03-28T21:23:56+00:00,buy
90-91°F,-0.109146,Miami,0xa004f53eedf2ea63c9c90a1915e5147a0d17ecd2f2039401aa04809ccddbe6bc,highest-temperature-in-miami-on-april-1-2026,missing_quote_pair,0.109146,yes,asymmetric_paired_accumulation,,,,2026-03-28T21:24:00+00:00,buy
90-91°F,-0.782844,Miami,0xa004f53eedf2ea63c9c90a1915e5147a0d17ecd2f2039401aa04809ccddbe6bc,highest-temperature-in-miami-on-april-1-2026,missing_quote_pair,0.782844,yes,asymmetric_paired_accumulation,,,,2026-03-28T21:24:00+00:00,buy
90-91°F,-0.103501,Miami,0xa004f53eedf2ea63c9c90a1915e5147a0d17ecd2f2039401aa04809ccddbe6bc,highest-temperature-in-miami-on-april-1-2026,missing_quote_pair,0.103501,yes,asymmetric_paired_accumulation,,,,2026-03-28T21:24:00+00:00,buy
90-91°F,-0.103501,Miami,0xa004f53eedf2ea63c9c90a1915e5147a0d17ecd2f2039401aa04809ccddbe6bc,highest-temperature-in-miami-on-april-1-2026,missing_quote_pair,0.103501,yes,asymmetric_paired_accumulation,,,,2026-03-28T21:24:00+00:00,buy
90-91°F,-0.62084,Miami,0xa004f53eedf2ea63c9c90a1915e5147a0d17ecd2f2039401aa04809ccddbe6bc,highest-temperature-in-miami-on-april-1-2026,missing_quote_pair,0.62084,no,asymmetric_paired_accumulation,,,,2026-03-28T21:24:00+00:00,buy
90-91°F,-0.202297,Miami,0xa004f53eedf2ea63c9c90a1915e5147a0d17ecd2f2039401aa04809ccddbe6bc,highest-temperature-in-miami-on-april-1-2026,missing_quote_pair,0.202297,yes,asymmetric_paired_accumulation,,,,2026-03-28T21:24:00+00:00,buy
90-91°F,-11.543678,Miami,0xa004f53eedf2ea63c9c90a1915e5147a0d17ecd2f2039401aa04809ccddbe6bc,highest-temperature-in-miami-on-april-1-2026,missing_quote_pair,11.543678,no,asymmetric_paired_accumulation,,,,2026-03-28T21:24:02+00:00,buy
90-91°F,-11.543678,Miami,0xa004f53eedf2ea63c9c90a1915e5147a0d17ecd2f2039401aa04809ccddbe6bc,highest-temperature-in-miami-on-april-1-2026,missing_quote_pair,11.543678,no,asymmetric_paired_accumulation,,,,2026-03-28T21:24:02+00:00,buy
90-91°F,-0.7783,Miami,0xa004f53eedf2ea63c9c90a1915e5147a0d17ecd2f2039401aa04809ccddbe6bc,highest-temperature-in-miami-on-april-1-2026,missing_quote_pair,0.7783,yes,asymmetric_paired_accumulation,,,,2026-03-28T21:24:04+00:00,buy
90-91°F,-0.940919,Miami,0xa004f53eedf2ea63c9c90a1915e5147a0d17ecd2f2039401aa04809ccddbe6bc,highest-temperature-in-miami-on-april-1-2026,missing_quote_pair,0.940919,yes,asymmetric_paired_accumulation,,,,2026-03-28T21:24:04+00:00,buy
90-91°F,-10.494252,Miami,0xa004f53eedf2ea63c9c90a1915e5147a0d17ecd2f2039401aa04809ccddbe6bc,highest-temperature-in-miami-on-april-1-2026,missing_quote_pair,10.494252,no,asymmetric_paired_accumulation,,,,2026-03-28T21:24:06+00:00,buy
90-91°F,-10.494252,Miami,0xa004f53eedf2ea63c9c90a1915e5147a0d17ecd2f2039401aa04809ccddbe6bc,highest-temperature-in-miami-on-april-1-2026,missing_quote_pair,10.494252,no,asymmetric_paired_accumulation,,,,2026-03-28T21:24:06+00:00,buy
90-91°F,-0.62084,Miami,0xa004f53eedf2ea63c9c90a1915e5147a0d17ecd2f2039401aa04809ccddbe6bc,highest-temperature-in-miami-on-april-1-2026,missing_quote_pair,0.62084,no,asymmetric_paired_accumulation,,,,2026-03-28T21:24:08+00:00,buy
90-91°F,-10.494252,Miami,0xa004f53eedf2ea63c9c90a1915e5147a0d17ecd2f2039401aa04809ccddbe6bc,highest-temperature-in-miami-on-april-1-2026,missing_quote_pair,10.494252,no,asymmetric_paired_accumulation,,,,2026-03-28T21:24:08+00:00,buy
90-91°F,-10.494252,Miami,0xa004f53eedf2ea63c9c90a1915e5147a0d17ecd2f2039401aa04809ccddbe6bc,highest-temperature-in-miami-on-april-1-2026,missing_quote_pair,10.494252,no,asymmetric_paired_accumulation,,,,2026-03-28T21:24:08+00:00,buy
90-91°F,-3.44,Miami,0xa004f53eedf2ea63c9c90a1915e5147a0d17ecd2f2039401aa04809ccddbe6bc,highest-temperature-in-miami-on-april-1-2026,missing_quote_pair,3.44,yes,asymmetric_paired_accumulation,,,,2026-03-28T21:24:10+00:00,buy
90-91°F,-0.549188,Miami,0xa004f53eedf2ea63c9c90a1915e5147a0d17ecd2f2039401aa04809ccddbe6bc,highest-temperature-in-miami-on-april-1-2026,missing_quote_pair,0.549188,yes,asymmetric_paired_accumulation,,,,2026-03-28T21:24:32+00:00,buy
90-91°F,-0.08694,Miami,0xa004f53eedf2ea63c9c90a1915e5147a0d17ecd2f2039401aa04809ccddbe6bc,highest-temperature-in-miami-on-april-1-2026,missing_quote_pair,0.08694,yes,asymmetric_paired_accumulation,,,,2026-03-28T21:24:34+00:00,buy
90-91°F,-0.07866,Miami,0xa004f53eedf2ea63c9c90a1915e5147a0d17ecd2f2039401aa04809ccddbe6bc,highest-temperature-in-miami-on-april-1-2026,missing_quote_pair,0.07866,yes,asymmetric_paired_accumulation,,,,2026-03-28T21:24:34+00:00,buy
90-91°F,-0.07866,Miami,0xa004f53eedf2ea63c9c90a1915e5147a0d17ecd2f2039401aa04809ccddbe6bc,highest-temperature-in-miami-on-april-1-2026,missing_quote_pair,0.07866,yes,asymmetric_paired_accumulation,,,,2026-03-28T21:24:34+00:00,buy
90-91°F,-1.0137,Miami,0xa004f53eedf2ea63c9c90a1915e5147a0d17ecd2f2039401aa04809ccddbe6bc,highest-temperature-in-miami-on-april-1-2026,missing_quote_pair,1.0137,no,asymmetric_paired_accumulation,,,,2026-03-28T21:24:34+00:00,buy
90-91°F,-0.08694,Miami,0xa004f53eedf2ea63c9c90a1915e5147a0d17ecd2f2039401aa04809ccddbe6bc,highest-temperature-in-miami-on-april-1-2026,missing_quote_pair,0.08694,yes,asymmetric_paired_accumulation,,,,2026-03-28T21:24:34+00:00,buy
90-91°F,-0.07866,Miami,0xa004f53eedf2ea63c9c90a1915e5147a0d17ecd2f2039401aa04809ccddbe6bc,highest-temperature-in-miami-on-april-1-2026,missing_quote_pair,0.07866,yes,asymmetric_paired_accumulation,,,,2026-03-28T21:24:34+00:00,buy
90-91°F,-0.07866,Miami,0xa004f53eedf2ea63c9c90a1915e5147a0d17ecd2f2039401aa04809ccddbe6bc,highest-temperature-in-miami-on-april-1-2026,missing_quote_pair,0.07866,yes,asymmetric_paired_accumulation,,,,2026-03-28T21:24:34+00:00,buy
90-91°F,-0.081525,Miami,0xa004f53eedf2ea63c9c90a1915e5147a0d17ecd2f2039401aa04809ccddbe6bc,highest-temperature-in-miami-on-april-1-2026,missing_quote_pair,0.081525,yes,asymmetric_paired_accumulation,,,,2026-03-28T21:24:34+00:00,buy
90-91°F,-3.72,Miami,0xa004f53eedf2ea63c9c90a1915e5147a0d17ecd2f2039401aa04809ccddbe6bc,highest-temperature-in-miami-on-april-1-2026,missing_quote_pair,3.72,no,asymmetric_paired_accumulation,,,,2026-03-28T21:24:36+00:00,buy
90-91°F,-0.081525,Miami,0xa004f53eedf2ea63c9c90a1915e5147a0d17ecd2f2039401aa04809ccddbe6bc,highest-temperature-in-miami-on-april-1-2026,missing_quote_pair,0.081525,yes,asymmetric_paired_accumulation,,,,2026-03-28T21:24:40+00:00,buy
90-91°F,-20.3484,Miami,0xa004f53eedf2ea63c9c90a1915e5147a0d17ecd2f2039401aa04809ccddbe6bc,highest-temperature-in-miami-on-april-1-2026,missing_quote_pair,20.3484,no,asymmetric_paired_accumulation,,,,2026-03-28T21:24:40+00:00,buy
90-91°F,-0.4071,Miami,0xa004f53eedf2ea63c9c90a1915e5147a0d17ecd2f2039401aa04809ccddbe6bc,highest-temperature-in-miami-on-april-1-2026,missing_quote_pair,0.4071,yes,asymmetric_paired_accumulation,,,,2026-03-28T21:24:42+00:00,buy
90-91°F,-0.083007,Miami,0xa004f53eedf2ea63c9c90a1915e5147a0d17ecd2f2039401aa04809ccddbe6bc,highest-temperature-in-miami-on-april-1-2026,missing_quote_pair,0.083007,yes,asymmetric_paired_accumulation,,,,2026-03-28T21:24:42+00:00,buy
90-91°F,-0.075596,Miami,0xa004f53eedf2ea63c9c90a1915e5147a0d17ecd2f2039401aa04809ccddbe6bc,highest-temperature-in-miami-on-april-1-2026,missing_quote_pair,0.075596,yes,asymmetric_paired_accumulation,,,,2026-03-28T21:24:42+00:00,buy
90-91°F,-0.074854,Miami,0xa004f53eedf2ea63c9c90a1915e5147a0d17ecd2f2039401aa04809ccddbe6bc,highest-temperature-in-miami-on-april-1-2026,missing_quote_pair,0.074854,yes,asymmetric_paired_accumulation,,,,2026-03-28T21:24:44+00:00,buy
90-91°F,-233.3521,Miami,0xa004f53eedf2ea63c9c90a1915e5147a0d17ecd2f2039401aa04809ccddbe6bc,highest-temperature-in-miami-on-april-1-2026,missing_quote_pair,233.3521,no,asymmetric_paired_accumulation,,,,2026-03-28T21:25:08+00:00,buy
74-75°F,-3.731678,Miami,0x34c90dc8fde04aaff9fd9daa225452c00222e49be81084ef6a26e8567997293b,highest-temperature-in-miami-on-april-1-2026,missing_quote_pair,3.731678,yes,asymmetric_paired_accumulation,,,,2026-03-28T21:26:40+00:00,buy
74-75°F,-8.767696,Miami,0x34c90dc8fde04aaff9fd9daa225452c00222e49be81084ef6a26e8567997293b,highest-temperature-in-miami-on-april-1-2026,missing_quote_pair,8.767696,no,asymmetric_paired_accumulation,,,,2026-03-28T21:26:46+00:00,buy
74-75°F,-1.175855,Miami,0x34c90dc8fde04aaff9fd9daa225452c00222e49be81084ef6a26e8567997293b,highest-temperature-in-miami-on-april-1-2026,missing_quote_pair,1.175855,yes,asymmetric_paired_accumulation,,,,2026-03-28T21:26:46+00:00,buy
74-75°F,-1.9,Miami,0x34c90dc8fde04aaff9fd9daa225452c00222e49be81084ef6a26e8567997293b,highest-temperature-in-miami-on-april-1-2026,missing_quote_pair,1.9,yes,asymmetric_paired_accumulation,,,,2026-03-28T21:26:50+00:00,buy
74-75°F,-1.68272,Miami,0x34c90dc8fde04aaff9fd9daa225452c00222e49be81084ef6a26e8567997293b,highest-temperature-in-miami-on-april-1-2026,missing_quote_pair,1.68272,no,asymmetric_paired_accumulation,,,,2026-03-28T21:26:54+00:00,buy
74-75°F,-206.674176,Miami,0x34c90dc8fde04aaff9fd9daa225452c00222e49be81084ef6a26e8567997293b,highest-temperature-in-miami-on-april-1-2026,missing_quote_pair,206.674176,no,asymmetric_paired_accumulation,,,,2026-03-28T21:27:54+00:00,buy
62-63°F,-0.041666,Atlanta,0xc85b611707a4af450f359ceec54e5bfd63b94ec447dd94a92c6964a0859cf262,highest-temperature-in-atlanta-on-march-29-2026,missing_quote_pair,0.041666,yes,asymmetric_paired_accumulation,,,,2026-03-28T21:32:36+00:00,buy
62-63°F,-19.18,Atlanta,0xc85b611707a4af450f359ceec54e5bfd63b94ec447dd94a92c6964a0859cf262,highest-temperature-in-atlanta-on-march-29-2026,missing_quote_pair,19.18,no,asymmetric_paired_accumulation,,,,2026-03-28T21:32:36+00:00,buy
62-63°F,-0.124583,Atlanta,0xc85b611707a4af450f359ceec54e5bfd63b94ec447dd94a92c6964a0859cf262,highest-temperature-in-atlanta-on-march-29-2026,missing_quote_pair,0.124583,yes,asymmetric_paired_accumulation,,,,2026-03-28T21:32:38+00:00,buy
62-63°F,-5.754,Atlanta,0xc85b611707a4af450f359ceec54e5bfd63b94ec447dd94a92c6964a0859cf262,highest-temperature-in-atlanta-on-march-29-2026,missing_quote_pair,5.754,no,asymmetric_paired_accumulation,,,,2026-03-28T21:32:38+00:00,buy
62-63°F,-0.364166,Atlanta,0xc85b611707a4af450f359ceec54e5bfd63b94ec447dd94a92c6964a0859cf262,highest-temperature-in-atlanta-on-march-29-2026,missing_quote_pair,0.364166,yes,asymmetric_paired_accumulation,,,,2026-03-28T21:32:40+00:00,buy
62-63°F,-0.239583,Atlanta,0xc85b611707a4af450f359ceec54e5bfd63b94ec447dd94a92c6964a0859cf262,highest-temperature-in-atlanta-on-march-29-2026,missing_quote_pair,0.239583,yes,asymmetric_paired_accumulation,,,,2026-03-28T21:32:42+00:00,buy
62-63°F,-0.041666,Atlanta,0xc85b611707a4af450f359ceec54e5bfd63b94ec447dd94a92c6964a0859cf262,highest-temperature-in-atlanta-on-march-29-2026,missing_quote_pair,0.041666,yes,asymmetric_paired_accumulation,,,,2026-03-28T21:32:42+00:00,buy
62-63°F,-3.836,Atlanta,0xc85b611707a4af450f359ceec54e5bfd63b94ec447dd94a92c6964a0859cf262,highest-temperature-in-atlanta-on-march-29-2026,missing_quote_pair,3.836,no,asymmetric_paired_accumulation,,,,2026-03-28T21:32:42+00:00,buy
62-63°F,-0.041666,Atlanta,0xc85b611707a4af450f359ceec54e5bfd63b94ec447dd94a92c6964a0859cf262,highest-temperature-in-atlanta-on-march-29-2026,missing_quote_pair,0.041666,yes,asymmetric_paired_accumulation,,,,2026-03-28T21:32:42+00:00,buy
62-63°F,-0.051666,Atlanta,0xc85b611707a4af450f359ceec54e5bfd63b94ec447dd94a92c6964a0859cf262,highest-temperature-in-atlanta-on-march-29-2026,missing_quote_pair,0.051666,yes,asymmetric_paired_accumulation,,,,2026-03-28T21:32:42+00:00,buy
62-63°F,-0.072083,Atlanta,0xc85b611707a4af450f359ceec54e5bfd63b94ec447dd94a92c6964a0859cf262,highest-temperature-in-atlanta-on-march-29-2026,missing_quote_pair,0.072083,yes,asymmetric_paired_accumulation,,,,2026-03-28T21:32:42+00:00,buy
62-63°F,-0.0625,Atlanta,0xc85b611707a4af450f359ceec54e5bfd63b94ec447dd94a92c6964a0859cf262,highest-temperature-in-atlanta-on-march-29-2026,missing_quote_pair,0.0625,yes,asymmetric_paired_accumulation,,,,2026-03-28T21:32:44+00:00,buy
62-63°F,-0.047916,Atlanta,0xc85b611707a4af450f359ceec54e5bfd63b94ec447dd94a92c6964a0859cf262,highest-temperature-in-atlanta-on-march-29-2026,missing_quote_pair,0.047916,yes,asymmetric_paired_accumulation,,,,2026-03-28T21:32:46+00:00,buy
62-63°F,-0.772,Atlanta,0xc85b611707a4af450f359ceec54e5bfd63b94ec447dd94a92c6964a0859cf262,highest-temperature-in-atlanta-on-march-29-2026,missing_quote_pair,0.772,yes,asymmetric_paired_accumulation,,,,2026-03-28T21:32:52+00:00,buy
62-63°F,-0.2,Atlanta,0xc85b611707a4af450f359ceec54e5bfd63b94ec447dd94a92c6964a0859cf262,highest-temperature-in-atlanta-on-march-29-2026,missing_quote_pair,0.2,yes,asymmetric_paired_accumulation,,,,2026-03-28T21:32:56+00:00,buy
62-63°F,-0.2,Atlanta,0xc85b611707a4af450f359ceec54e5bfd63b94ec447dd94a92c6964a0859cf262,highest-temperature-in-atlanta-on-march-29-2026,missing_quote_pair,0.2,yes,asymmetric_paired_accumulation,,,,2026-03-28T21:33:06+00:00,buy
62-63°F,-0.2,Atlanta,0xc85b611707a4af450f359ceec54e5bfd63b94ec447dd94a92c6964a0859cf262,highest-temperature-in-atlanta-on-march-29-2026,missing_quote_pair,0.2,yes,asymmetric_paired_accumulation,,,,2026-03-28T21:33:06+00:00,buy
62-63°F,-0.2,Atlanta,0xc85b611707a4af450f359ceec54e5bfd63b94ec447dd94a92c6964a0859cf262,highest-temperature-in-atlanta-on-march-29-2026,missing_quote_pair,0.2,yes,asymmetric_paired_accumulation,,,,2026-03-28T21:33:06+00:00,buy
62-63°F,-0.488,Atlanta,0xc85b611707a4af450f359ceec54e5bfd63b94ec447dd94a92c6964a0859cf262,highest-temperature-in-atlanta-on-march-29-2026,missing_quote_pair,0.488,yes,asymmetric_paired_accumulation,,,,2026-03-28T21:33:08+00:00,buy
62-63°F,-0.08,Atlanta,0xc85b611707a4af450f359ceec54e5bfd63b94ec447dd94a92c6964a0859cf262,highest-temperature-in-atlanta-on-march-29-2026,missing_quote_pair,0.08,yes,asymmetric_paired_accumulation,,,,2026-03-28T21:33:12+00:00,buy
62-63°F,-1.85087,Atlanta,0xc85b611707a4af450f359ceec54e5bfd63b94ec447dd94a92c6964a0859cf262,highest-temperature-in-atlanta-on-march-29-2026,missing_quote_pair,1.85087,no,asymmetric_paired_accumulation,,,,2026-03-28T21:33:32+00:00,buy
62-63°F,-1.16998,Atlanta,0xc85b611707a4af450f359ceec54e5bfd63b94ec447dd94a92c6964a0859cf262,highest-temperature-in-atlanta-on-march-29-2026,missing_quote_pair,1.16998,no,asymmetric_paired_accumulation,,,,2026-03-28T21:33:34+00:00,buy
62-63°F,-6.56915,Atlanta,0xc85b611707a4af450f359ceec54e5bfd63b94ec447dd94a92c6964a0859cf262,highest-temperature-in-atlanta-on-march-29-2026,missing_quote_pair,6.56915,no,asymmetric_paired_accumulation,,,,2026-03-28T21:34:28+00:00,buy
62-63°F,-15.02809,Atlanta,0xc85b611707a4af450f359ceec54e5bfd63b94ec447dd94a92c6964a0859cf262,highest-temperature-in-atlanta-on-march-29-2026,missing_quote_pair,15.02809,yes,cheap_bucket_accumulation,,,,2026-03-28T21:36:44+00:00,buy
64-65°F,-45.6549,Atlanta,0x11bce02b799c52f6302168e218c99583d4cd7f9efe157cfa1ce4ab727d637a39,highest-temperature-in-atlanta-on-march-29-2026,missing_quote_pair,45.6549,yes,unsupported_public_behavior,,,,2026-03-28T21:36:50+00:00,buy
62-63°F,-4.1688,Atlanta,0xc85b611707a4af450f359ceec54e5bfd63b94ec447dd94a92c6964a0859cf262,highest-temperature-in-atlanta-on-march-29-2026,missing_quote_pair,4.1688,yes,neg_risk_basket,,,,2026-03-28T21:39:02+00:00,buy
64-65°F,-13.7824,Atlanta,0x11bce02b799c52f6302168e218c99583d4cd7f9efe157cfa1ce4ab727d637a39,highest-temperature-in-atlanta-on-march-29-2026,missing_quote_pair,13.7824,yes,neg_risk_basket,,,,2026-03-28T21:39:16+00:00,buy
66-67°F,-107.2084,Atlanta,0xced875c81b33296989bfe995d068fce63a619746b73defe6ba312315f7b0eb17,highest-temperature-in-atlanta-on-march-29-2026,missing_quote_pair,107.2084,yes,neg_risk_basket,,,,2026-03-28T21:39:40+00:00,buy
70-71°F,-410.8573,Atlanta,0x1f8d4d707520da4359a481bd867d0ceb50dd70e831cffd139f2453331565fd25,highest-temperature-in-atlanta-on-march-29-2026,missing_quote_pair,410.8573,no,unsupported_public_behavior,,,,2026-03-28T21:41:40+00:00,buy
82-83°F,-0.107137,Dallas,0x73ef341954cf8fcd1863e3ba424f29a701c86b5c39f846dffe4d831c1c072ad2,highest-temperature-in-dallas-on-april-1-2026,missing_quote_pair,0.107137,yes,paired_under_par,,,,2026-03-28T21:51:12+00:00,buy
82-83°F,-60.923487,Dallas,0x73ef341954cf8fcd1863e3ba424f29a701c86b5c39f846dffe4d831c1c072ad2,highest-temperature-in-dallas-on-april-1-2026,missing_quote_pair,60.923487,no,paired_under_par,,,,2026-03-28T21:51:12+00:00,buy
82-83°F,-0.091827,Dallas,0x73ef341954cf8fcd1863e3ba424f29a701c86b5c39f846dffe4d831c1c072ad2,highest-temperature-in-dallas-on-april-1-2026,missing_quote_pair,0.091827,yes,paired_under_par,,,,2026-03-28T21:51:12+00:00,buy
82-83°F,-0.110645,Dallas,0x73ef341954cf8fcd1863e3ba424f29a701c86b5c39f846dffe4d831c1c072ad2,highest-temperature-in-dallas-on-april-1-2026,missing_quote_pair,0.110645,yes,paired_under_par,,,,2026-03-28T21:51:14+00:00,buy
82-83°F,-0.090322,Dallas,0x73ef341954cf8fcd1863e3ba424f29a701c86b5c39f846dffe4d831c1c072ad2,highest-temperature-in-dallas-on-april-1-2026,missing_quote_pair,0.090322,yes,paired_under_par,,,,2026-03-28T21:51:14+00:00,buy
82-83°F,-0.224301,Dallas,0x73ef341954cf8fcd1863e3ba424f29a701c86b5c39f846dffe4d831c1c072ad2,highest-temperature-in-dallas-on-april-1-2026,missing_quote_pair,0.224301,yes,paired_under_par,,,,2026-03-28T21:51:14+00:00,buy
82-83°F,-1.294623,Dallas,0x73ef341954cf8fcd1863e3ba424f29a701c86b5c39f846dffe4d831c1c072ad2,highest-temperature-in-dallas-on-april-1-2026,missing_quote_pair,1.294623,yes,paired_under_par,,,,2026-03-28T21:51:16+00:00,buy
82-83°F,-0.230322,Dallas,0x73ef341954cf8fcd1863e3ba424f29a701c86b5c39f846dffe4d831c1c072ad2,highest-temperature-in-dallas-on-april-1-2026,missing_quote_pair,0.230322,yes,paired_under_par,,,,2026-03-28T21:51:16+00:00,buy
82-83°F,-0.127956,Dallas,0x73ef341954cf8fcd1863e3ba424f29a701c86b5c39f846dffe4d831c1c072ad2,highest-temperature-in-dallas-on-april-1-2026,missing_quote_pair,0.127956,yes,paired_under_par,,,,2026-03-28T21:51:16+00:00,buy
82-83°F,-1.702,Dallas,0x73ef341954cf8fcd1863e3ba424f29a701c86b5c39f846dffe4d831c1c072ad2,highest-temperature-in-dallas-on-april-1-2026,missing_quote_pair,1.702,no,paired_under_par,,,,2026-03-28T21:51:34+00:00,buy
82-83°F,-0.4725,Dallas,0x73ef341954cf8fcd1863e3ba424f29a701c86b5c39f846dffe4d831c1c072ad2,highest-temperature-in-dallas-on-april-1-2026,missing_quote_pair,0.4725,yes,paired_under_par,,,,2026-03-28T21:51:34+00:00,buy
82-83°F,-0.35,Dallas,0x73ef341954cf8fcd1863e3ba424f29a701c86b5c39f846dffe4d831c1c072ad2,highest-temperature-in-dallas-on-april-1-2026,missing_quote_pair,0.35,yes,paired_under_par,,,,2026-03-28T21:51:36+00:00,buy
82-83°F,-0.127956,Dallas,0x73ef341954cf8fcd1863e3ba424f29a701c86b5c39f846dffe4d831c1c072ad2,highest-temperature-in-dallas-on-april-1-2026,missing_quote_pair,0.127956,yes,paired_under_par,,,,2026-03-28T21:51:36+00:00,buy
82-83°F,-0.35,Dallas,0x73ef341954cf8fcd1863e3ba424f29a701c86b5c39f846dffe4d831c1c072ad2,highest-temperature-in-dallas-on-april-1-2026,missing_quote_pair,0.35,yes,paired_under_par,,,,2026-03-28T21:51:36+00:00,buy
82-83°F,-0.35,Dallas,0x73ef341954cf8fcd1863e3ba424f29a701c86b5c39f846dffe4d831c1c072ad2,highest-temperature-in-dallas-on-april-1-2026,missing_quote_pair,0.35,yes,paired_under_par,,,,2026-03-28T21:51:36+00:00,buy
82-83°F,-0.35,Dallas,0x73ef341954cf8fcd1863e3ba424f29a701c86b5c39f846dffe4d831c1c072ad2,highest-temperature-in-dallas-on-april-1-2026,missing_quote_pair,0.35,yes,paired_under_par,,,,2026-03-28T21:51:36+00:00,buy
82-83°F,-0.35,Dallas,0x73ef341954cf8fcd1863e3ba424f29a701c86b5c39f846dffe4d831c1c072ad2,highest-temperature-in-dallas-on-april-1-2026,missing_quote_pair,0.35,yes,paired_under_par,,,,2026-03-28T21:51:36+00:00,buy
82-83°F,-0.35,Dallas,0x73ef341954cf8fcd1863e3ba424f29a701c86b5c39f846dffe4d831c1c072ad2,highest-temperature-in-dallas-on-april-1-2026,missing_quote_pair,0.35,yes,paired_under_par,,,,2026-03-28T21:51:50+00:00,buy
82-83°F,-12.419194,Dallas,0x73ef341954cf8fcd1863e3ba424f29a701c86b5c39f846dffe4d831c1c072ad2,highest-temperature-in-dallas-on-april-1-2026,missing_quote_pair,12.419194,yes,paired_under_par,,,,2026-03-28T21:52:00+00:00,buy
82-83°F,-13.562507,Dallas,0x73ef341954cf8fcd1863e3ba424f29a701c86b5c39f846dffe4d831c1c072ad2,highest-temperature-in-dallas-on-april-1-2026,missing_quote_pair,13.562507,yes,paired_under_par,,,,2026-03-28T21:52:10+00:00,buy
80-81°F,-20.948426,Dallas,0x21e679503465f7f609a31862105795194bd85731363b3d90e93dec9e7091df3f,highest-temperature-in-dallas-on-april-1-2026,missing_quote_pair,20.948426,no,asymmetric_paired_accumulation,,,,2026-03-28T21:53:04+00:00,buy
80-81°F,-8.626859,Dallas,0x21e679503465f7f609a31862105795194bd85731363b3d90e93dec9e7091df3f,highest-temperature-in-dallas-on-april-1-2026,missing_quote_pair,8.626859,no,asymmetric_paired_accumulation,,,,2026-03-28T21:53:06+00:00,buy
80-81°F,-16.174318,Dallas,0x21e679503465f7f609a31862105795194bd85731363b3d90e93dec9e7091df3f,highest-temperature-in-dallas-on-april-1-2026,missing_quote_pair,16.174318,no,asymmetric_paired_accumulation,,,,2026-03-28T21:53:34+00:00,buy
80-81°F,-1.188,Dallas,0x21e679503465f7f609a31862105795194bd85731363b3d90e93dec9e7091df3f,highest-temperature-in-dallas-on-april-1-2026,missing_quote_pair,1.188,yes,asymmetric_paired_accumulation,,,,2026-03-28T21:53:36+00:00,buy
80-81°F,-0.222272,Dallas,0x21e679503465f7f609a31862105795194bd85731363b3d90e93dec9e7091df3f,highest-temperature-in-dallas-on-april-1-2026,missing_quote_pair,0.222272,yes,asymmetric_paired_accumulation,,,,2026-03-28T21:53:38+00:00,buy
80-81°F,-0.170454,Dallas,0x21e679503465f7f609a31862105795194bd85731363b3d90e93dec9e7091df3f,highest-temperature-in-dallas-on-april-1-2026,missing_quote_pair,0.170454,yes,asymmetric_paired_accumulation,,,,2026-03-28T21:53:38+00:00,buy
80-81°F,-0.228,Dallas,0x21e679503465f7f609a31862105795194bd85731363b3d90e93dec9e7091df3f,highest-temperature-in-dallas-on-april-1-2026,missing_quote_pair,0.228,yes,asymmetric_paired_accumulation,,,,2026-03-28T21:53:54+00:00,buy
80-81°F,-6.96,Dallas,0x21e679503465f7f609a31862105795194bd85731363b3d90e93dec9e7091df3f,highest-temperature-in-dallas-on-april-1-2026,missing_quote_pair,6.96,no,asymmetric_paired_accumulation,,,,2026-03-28T21:54:16+00:00,buy
80-81°F,-0.15,Dallas,0x21e679503465f7f609a31862105795194bd85731363b3d90e93dec9e7091df3f,highest-temperature-in-dallas-on-april-1-2026,missing_quote_pair,0.15,yes,asymmetric_paired_accumulation,,,,2026-03-28T21:54:16+00:00,buy
80-81°F,-1.186363,Dallas,0x21e679503465f7f609a31862105795194bd85731363b3d90e93dec9e7091df3f,highest-temperature-in-dallas-on-april-1-2026,missing_quote_pair,1.186363,yes,paired_under_par,,,,2026-03-28T21:58:38+00:00,buy
80-81°F,-2.88,Dallas,0x21e679503465f7f609a31862105795194bd85731363b3d90e93dec9e7091df3f,highest-temperature-in-dallas-on-april-1-2026,missing_quote_pair,2.88,yes,paired_under_par,,,,2026-03-28T21:58:38+00:00,buy
80-81°F,-0.94909,Dallas,0x21e679503465f7f609a31862105795194bd85731363b3d90e93dec9e7091df3f,highest-temperature-in-dallas-on-april-1-2026,missing_quote_pair,0.94909,yes,paired_under_par,,,,2026-03-28T21:58:40+00:00,buy
80-81°F,-0.212727,Dallas,0x21e679503465f7f609a31862105795194bd85731363b3d90e93dec9e7091df3f,highest-temperature-in-dallas-on-april-1-2026,missing_quote_pair,0.212727,yes,paired_under_par,,,,2026-03-28T21:58:40+00:00,buy
80-81°F,-2.225454,Dallas,0x21e679503465f7f609a31862105795194bd85731363b3d90e93dec9e7091df3f,highest-temperature-in-dallas-on-april-1-2026,missing_quote_pair,2.225454,yes,paired_under_par,,,,2026-03-28T21:58:40+00:00,buy
80-81°F,-5.862461,Dallas,0x21e679503465f7f609a31862105795194bd85731363b3d90e93dec9e7091df3f,highest-temperature-in-dallas-on-april-1-2026,missing_quote_pair,5.862461,no,paired_under_par,,,,2026-03-28T21:58:40+00:00,buy
80-81°F,-1.566,Dallas,0x21e679503465f7f609a31862105795194bd85731363b3d90e93dec9e7091df3f,highest-temperature-in-dallas-on-april-1-2026,missing_quote_pair,1.566,no,paired_under_par,,,,2026-03-28T21:58:40+00:00,buy
80-81°F,-0.79909,Dallas,0x21e679503465f7f609a31862105795194bd85731363b3d90e93dec9e7091df3f,highest-temperature-in-dallas-on-april-1-2026,missing_quote_pair,0.79909,yes,paired_under_par,,,,2026-03-28T21:59:12+00:00,buy
80-81°F,-2.088,Dallas,0x21e679503465f7f609a31862105795194bd85731363b3d90e93dec9e7091df3f,highest-temperature-in-dallas-on-april-1-2026,missing_quote_pair,2.088,no,paired_under_par,,,,2026-03-28T21:59:12+00:00,buy
80-81°F,-0.283636,Dallas,0x21e679503465f7f609a31862105795194bd85731363b3d90e93dec9e7091df3f,highest-temperature-in-dallas-on-april-1-2026,missing_quote_pair,0.283636,yes,paired_under_par,,,,2026-03-28T21:59:14+00:00,buy
80-81°F,-0.141818,Dallas,0x21e679503465f7f609a31862105795194bd85731363b3d90e93dec9e7091df3f,highest-temperature-in-dallas-on-april-1-2026,missing_quote_pair,0.141818,yes,paired_under_par,,,,2026-03-28T21:59:14+00:00,buy
80-81°F,-0.7482,Dallas,0x21e679503465f7f609a31862105795194bd85731363b3d90e93dec9e7091df3f,highest-temperature-in-dallas-on-april-1-2026,missing_quote_pair,0.7482,no,paired_under_par,,,,2026-03-28T21:59:14+00:00,buy
80-81°F,-0.285,Dallas,0x21e679503465f7f609a31862105795194bd85731363b3d90e93dec9e7091df3f,highest-temperature-in-dallas-on-april-1-2026,missing_quote_pair,0.285,yes,paired_under_par,,,,2026-03-28T21:59:38+00:00,buy
80-81°F,-0.6,Dallas,0x21e679503465f7f609a31862105795194bd85731363b3d90e93dec9e7091df3f,highest-temperature-in-dallas-on-april-1-2026,missing_quote_pair,0.6,yes,paired_under_par,,,,2026-03-28T22:02:12+00:00,buy
80-81°F,-1.7028,Dallas,0x21e679503465f7f609a31862105795194bd85731363b3d90e93dec9e7091df3f,highest-temperature-in-dallas-on-april-1-2026,missing_quote_pair,1.7028,yes,paired_under_par,,,,2026-03-28T22:03:52+00:00,buy
80-81°F,-1.2354,Dallas,0x21e679503465f7f609a31862105795194bd85731363b3d90e93dec9e7091df3f,highest-temperature-in-dallas-on-april-1-2026,missing_quote_pair,1.2354,no,paired_under_par,,,,2026-03-28T22:04:22+00:00,buy
80-81°F,-0.16909,Dallas,0x21e679503465f7f609a31862105795194bd85731363b3d90e93dec9e7091df3f,highest-temperature-in-dallas-on-april-1-2026,missing_quote_pair,0.16909,yes,paired_under_par,,,,2026-03-28T22:04:50+00:00,buy
80-81°F,-1.7028,Dallas,0x21e679503465f7f609a31862105795194bd85731363b3d90e93dec9e7091df3f,highest-temperature-in-dallas-on-april-1-2026,missing_quote_pair,1.7028,yes,paired_under_par,,,,2026-03-28T22:06:12+00:00,buy
80-81°F,-1.2354,Dallas,0x21e679503465f7f609a31862105795194bd85731363b3d90e93dec9e7091df3f,highest-temperature-in-dallas-on-april-1-2026,missing_quote_pair,1.2354,no,paired_under_par,,,,2026-03-28T22:06:22+00:00,buy
80-81°F,-0.16909,Dallas,0x21e679503465f7f609a31862105795194bd85731363b3d90e93dec9e7091df3f,highest-temperature-in-dallas-on-april-1-2026,missing_quote_pair,0.16909,yes,paired_under_par,,,,2026-03-28T22:06:58+00:00,buy
80-81°F,-1.7028,Dallas,0x21e679503465f7f609a31862105795194bd85731363b3d90e93dec9e7091df3f,highest-temperature-in-dallas-on-april-1-2026,missing_quote_pair,1.7028,yes,paired_under_par,,,,2026-03-28T22:08:40+00:00,buy
80-81°F,-1.2354,Dallas,0x21e679503465f7f609a31862105795194bd85731363b3d90e93dec9e7091df3f,highest-temperature-in-dallas-on-april-1-2026,missing_quote_pair,1.2354,no,paired_under_par,,,,2026-03-28T22:09:02+00:00,buy
80-81°F,-0.141818,Dallas,0x21e679503465f7f609a31862105795194bd85731363b3d90e93dec9e7091df3f,highest-temperature-in-dallas-on-april-1-2026,missing_quote_pair,0.141818,yes,paired_under_par,,,,2026-03-28T22:09:06+00:00,buy
80-81°F,-0.16909,Dallas,0x21e679503465f7f609a31862105795194bd85731363b3d90e93dec9e7091df3f,highest-temperature-in-dallas-on-april-1-2026,missing_quote_pair,0.16909,yes,paired_under_par,,,,2026-03-28T22:09:36+00:00,buy
8°C or higher,-0.007774,Toronto,0xd12e44ac856272c2af6825b545bb08a983bb4aa39f90fe6355b62fa3480ad2d7,highest-temperature-in-toronto-on-march-31-2026,missing_quote_pair,0.007774,no,asymmetric_paired_accumulation,,,,2026-03-28T22:10:24+00:00,buy
8°C or higher,-11.832,Toronto,0xd12e44ac856272c2af6825b545bb08a983bb4aa39f90fe6355b62fa3480ad2d7,highest-temperature-in-toronto-on-march-31-2026,missing_quote_pair,11.832,yes,asymmetric_paired_accumulation,,,,2026-03-28T22:10:24+00:00,buy
8°C or higher,-0.050405,Toronto,0xd12e44ac856272c2af6825b545bb08a983bb4aa39f90fe6355b62fa3480ad2d7,highest-temperature-in-toronto-on-march-31-2026,missing_quote_pair,0.050405,no,asymmetric_paired_accumulation,,,,2026-03-28T22:10:30+00:00,buy
8°C or higher,-0.167971,Toronto,0xd12e44ac856272c2af6825b545bb08a983bb4aa39f90fe6355b62fa3480ad2d7,highest-temperature-in-toronto-on-march-31-2026,missing_quote_pair,0.167971,no,asymmetric_paired_accumulation,,,,2026-03-28T22:10:40+00:00,buy
8°C or higher,-0.0168,Toronto,0xd12e44ac856272c2af6825b545bb08a983bb4aa39f90fe6355b62fa3480ad2d7,highest-temperature-in-toronto-on-march-31-2026,missing_quote_pair,0.0168,no,asymmetric_paired_accumulation,,,,2026-03-28T22:11:02+00:00,buy
8°C or higher,-1.182,Toronto,0xd12e44ac856272c2af6825b545bb08a983bb4aa39f90fe6355b62fa3480ad2d7,highest-temperature-in-toronto-on-march-31-2026,missing_quote_pair,1.182,yes,asymmetric_paired_accumulation,,,,2026-03-28T22:11:04+00:00,buy
8°C or higher,-0.015334,Toronto,0xd12e44ac856272c2af6825b545bb08a983bb4aa39f90fe6355b62fa3480ad2d7,highest-temperature-in-toronto-on-march-31-2026,missing_quote_pair,0.015334,no,asymmetric_paired_accumulation,,,,2026-03-28T22:11:04+00:00,buy
80-81°F,-1.7028,Dallas,0x21e679503465f7f609a31862105795194bd85731363b3d90e93dec9e7091df3f,highest-temperature-in-dallas-on-april-1-2026,missing_quote_pair,1.7028,yes,paired_under_par,,,,2026-03-28T22:11:18+00:00,buy
80-81°F,-1.2354,Dallas,0x21e679503465f7f609a31862105795194bd85731363b3d90e93dec9e7091df3f,highest-temperature-in-dallas-on-april-1-2026,missing_quote_pair,1.2354,no,paired_under_par,,,,2026-03-28T22:11:44+00:00,buy
8°C or higher,-0.016754,Toronto,0xd12e44ac856272c2af6825b545bb08a983bb4aa39f90fe6355b62fa3480ad2d7,highest-temperature-in-toronto-on-march-31-2026,missing_quote_pair,0.016754,no,asymmetric_paired_accumulation,,,,2026-03-28T22:11:44+00:00,buy
80-81°F,-0.16909,Dallas,0x21e679503465f7f609a31862105795194bd85731363b3d90e93dec9e7091df3f,highest-temperature-in-dallas-on-april-1-2026,missing_quote_pair,0.16909,yes,paired_under_par,,,,2026-03-28T22:12:18+00:00,buy
80-81°F,-1.7028,Dallas,0x21e679503465f7f609a31862105795194bd85731363b3d90e93dec9e7091df3f,highest-temperature-in-dallas-on-april-1-2026,missing_quote_pair,1.7028,yes,paired_under_par,,,,2026-03-28T22:14:06+00:00,buy
80-81°F,-1.2354,Dallas,0x21e679503465f7f609a31862105795194bd85731363b3d90e93dec9e7091df3f,highest-temperature-in-dallas-on-april-1-2026,missing_quote_pair,1.2354,no,paired_under_par,,,,2026-03-28T22:14:22+00:00,buy
80-81°F,-0.16909,Dallas,0x21e679503465f7f609a31862105795194bd85731363b3d90e93dec9e7091df3f,highest-temperature-in-dallas-on-april-1-2026,missing_quote_pair,0.16909,yes,paired_under_par,,,,2026-03-28T22:14:40+00:00,buy
8°C or higher,-0.07,Toronto,0xd12e44ac856272c2af6825b545bb08a983bb4aa39f90fe6355b62fa3480ad2d7,highest-temperature-in-toronto-on-march-31-2026,missing_quote_pair,0.07,no,tail_bucket_accumulation,,,,2026-03-28T22:19:50+00:00,buy
23°C,-86.584724,Mexico City,0x9815d8a0a736bd3f2bd05e1d0c0b7fd7872aedaa1ef65754f080af06c14455dd,highest-temperature-in-mexico-city-on-april-1-2026,missing_quote_pair,86.584724,no,asymmetric_paired_accumulation,,,,2026-03-28T22:19:56+00:00,buy
23°C,-13.420747,Mexico City,0x9815d8a0a736bd3f2bd05e1d0c0b7fd7872aedaa1ef65754f080af06c14455dd,highest-temperature-in-mexico-city-on-april-1-2026,missing_quote_pair,13.420747,no,asymmetric_paired_accumulation,,,,2026-03-28T22:20:30+00:00,buy
23°C,-0.5415,Mexico City,0x9815d8a0a736bd3f2bd05e1d0c0b7fd7872aedaa1ef65754f080af06c14455dd,highest-temperature-in-mexico-city-on-april-1-2026,missing_quote_pair,0.5415,no,asymmetric_paired_accumulation,,,,2026-03-28T22:20:34+00:00,buy
23°C,-3.477,Mexico City,0x9815d8a0a736bd3f2bd05e1d0c0b7fd7872aedaa1ef65754f080af06c14455dd,highest-temperature-in-mexico-city-on-april-1-2026,missing_quote_pair,3.477,no,asymmetric_paired_accumulation,,,,2026-03-28T22:20:34+00:00,buy
23°C,-0.7315,Mexico City,0x9815d8a0a736bd3f2bd05e1d0c0b7fd7872aedaa1ef65754f080af06c14455dd,highest-temperature-in-mexico-city-on-april-1-2026,missing_quote_pair,0.7315,no,asymmetric_paired_accumulation,,,,2026-03-28T22:20:34+00:00,buy
23°C,-5.3295,Mexico City,0x9815d8a0a736bd3f2bd05e1d0c0b7fd7872aedaa1ef65754f080af06c14455dd,highest-temperature-in-mexico-city-on-april-1-2026,missing_quote_pair,5.3295,no,asymmetric_paired_accumulation,,,,2026-03-28T22:21:04+00:00,buy
23°C,-0.056842,Mexico City,0x9815d8a0a736bd3f2bd05e1d0c0b7fd7872aedaa1ef65754f080af06c14455dd,highest-temperature-in-mexico-city-on-april-1-2026,missing_quote_pair,0.056842,yes,asymmetric_paired_accumulation,,,,2026-03-28T22:21:04+00:00,buy
23°C,-0.057894,Mexico City,0x9815d8a0a736bd3f2bd05e1d0c0b7fd7872aedaa1ef65754f080af06c14455dd,highest-temperature-in-mexico-city-on-april-1-2026,missing_quote_pair,0.057894,yes,asymmetric_paired_accumulation,,,,2026-03-28T22:21:06+00:00,buy
23°C,-0.115789,Mexico City,0x9815d8a0a736bd3f2bd05e1d0c0b7fd7872aedaa1ef65754f080af06c14455dd,highest-temperature-in-mexico-city-on-april-1-2026,missing_quote_pair,0.115789,yes,asymmetric_paired_accumulation,,,,2026-03-28T22:21:06+00:00,buy
23°C,-0.2805,Mexico City,0x9815d8a0a736bd3f2bd05e1d0c0b7fd7872aedaa1ef65754f080af06c14455dd,highest-temperature-in-mexico-city-on-april-1-2026,missing_quote_pair,0.2805,yes,asymmetric_paired_accumulation,,,,2026-03-28T22:21:10+00:00,buy
23°C,-0.08421,Mexico City,0x9815d8a0a736bd3f2bd05e1d0c0b7fd7872aedaa1ef65754f080af06c14455dd,highest-temperature-in-mexico-city-on-april-1-2026,missing_quote_pair,0.08421,yes,asymmetric_paired_accumulation,,,,2026-03-28T22:21:10+00:00,buy
23°C,-1.175,Mexico City,0x9815d8a0a736bd3f2bd05e1d0c0b7fd7872aedaa1ef65754f080af06c14455dd,highest-temperature-in-mexico-city-on-april-1-2026,missing_quote_pair,1.175,no,asymmetric_paired_accumulation,,,,2026-03-28T22:21:12+00:00,buy
80-81°F,-2.7276,Dallas,0x21e679503465f7f609a31862105795194bd85731363b3d90e93dec9e7091df3f,highest-temperature-in-dallas-on-april-1-2026,missing_quote_pair,2.7276,yes,paired_under_par,,,,2026-03-28T22:21:18+00:00,buy
80-81°F,-1.9749,Dallas,0x21e679503465f7f609a31862105795194bd85731363b3d90e93dec9e7091df3f,highest-temperature-in-dallas-on-april-1-2026,missing_quote_pair,1.9749,no,paired_under_par,,,,2026-03-28T22:21:44+00:00,buy
80-81°F,-0.2412,Dallas,0x21e679503465f7f609a31862105795194bd85731363b3d90e93dec9e7091df3f,highest-temperature-in-dallas-on-april-1-2026,missing_quote_pair,0.2412,yes,paired_under_par,,,,2026-03-28T22:21:56+00:00,buy
26°C,-1.93223,Mexico City,0x119c547bc32881d00596275d5e0a9c0e9ee869896858b936fd3713c22fa66d9c,highest-temperature-in-mexico-city-on-april-1-2026,missing_quote_pair,1.93223,yes,cheap_bucket_accumulation,,,,2026-03-28T22:22:04+00:00,buy
8°C or higher,-8.668,Toronto,0xd12e44ac856272c2af6825b545bb08a983bb4aa39f90fe6355b62fa3480ad2d7,highest-temperature-in-toronto-on-march-31-2026,missing_quote_pair,8.668,yes,high_prob_bucket_accumulation,,,,2026-03-28T22:39:38+00:00,buy
23°C,-0.138421,Mexico City,0x9815d8a0a736bd3f2bd05e1d0c0b7fd7872aedaa1ef65754f080af06c14455dd,highest-temperature-in-mexico-city-on-april-1-2026,missing_quote_pair,0.138421,yes,asymmetric_paired_accumulation,,,,2026-03-28T22:48:40+00:00,buy
23°C,-0.138421,Mexico City,0x9815d8a0a736bd3f2bd05e1d0c0b7fd7872aedaa1ef65754f080af06c14455dd,highest-temperature-in-mexico-city-on-april-1-2026,missing_quote_pair,0.138421,yes,asymmetric_paired_accumulation,,,,2026-03-28T22:48:40+00:00,buy
23°C,-0.057894,Mexico City,0x9815d8a0a736bd3f2bd05e1d0c0b7fd7872aedaa1ef65754f080af06c14455dd,highest-temperature-in-mexico-city-on-april-1-2026,missing_quote_pair,0.057894,yes,asymmetric_paired_accumulation,,,,2026-03-28T22:48:42+00:00,buy
23°C,-8.225,Mexico City,0x9815d8a0a736bd3f2bd05e1d0c0b7fd7872aedaa1ef65754f080af06c14455dd,highest-temperature-in-mexico-city-on-april-1-2026,missing_quote_pair,8.225,no,asymmetric_paired_accumulation,,,,2026-03-28T22:48:42+00:00,buy
23°C,-0.057894,Mexico City,0x9815d8a0a736bd3f2bd05e1d0c0b7fd7872aedaa1ef65754f080af06c14455dd,highest-temperature-in-mexico-city-on-april-1-2026,missing_quote_pair,0.057894,yes,asymmetric_paired_accumulation,,,,2026-03-28T22:48:42+00:00,buy
23°C,-0.057894,Mexico City,0x9815d8a0a736bd3f2bd05e1d0c0b7fd7872aedaa1ef65754f080af06c14455dd,highest-temperature-in-mexico-city-on-april-1-2026,missing_quote_pair,0.057894,yes,asymmetric_paired_accumulation,,,,2026-03-28T22:48:42+00:00,buy
23°C,-0.138421,Mexico City,0x9815d8a0a736bd3f2bd05e1d0c0b7fd7872aedaa1ef65754f080af06c14455dd,highest-temperature-in-mexico-city-on-april-1-2026,missing_quote_pair,0.138421,yes,asymmetric_paired_accumulation,,,,2026-03-28T22:48:46+00:00,buy
23°C,-0.432631,Mexico City,0x9815d8a0a736bd3f2bd05e1d0c0b7fd7872aedaa1ef65754f080af06c14455dd,highest-temperature-in-mexico-city-on-april-1-2026,missing_quote_pair,0.432631,yes,asymmetric_paired_accumulation,,,,2026-03-28T22:49:00+00:00,buy
80-81°F,-0.5481,Dallas,0x21e679503465f7f609a31862105795194bd85731363b3d90e93dec9e7091df3f,highest-temperature-in-dallas-on-april-1-2026,missing_quote_pair,0.5481,no,unsupported_public_behavior,,,,2026-03-28T23:07:06+00:00,buy
70-71°F,-192.4195,Atlanta,0x1f8d4d707520da4359a481bd867d0ceb50dd70e831cffd139f2453331565fd25,highest-temperature-in-atlanta-on-march-29-2026,missing_quote_pair,192.4195,no,high_prob_bucket_accumulation,,,,2026-03-29T07:50:58+00:00,buy
33°C,-1.50599,Singapore,0x8f70b0e50a68afd1f221c84b1762f35150a820290ca87af707a84354727bf93c,highest-temperature-in-singapore-on-march-29-2026,missing_quote_pair,1.50599,yes,asymmetric_paired_accumulation,,,,2026-03-29T08:07:02+00:00,buy
33°C,-0.349584,Singapore,0x8f70b0e50a68afd1f221c84b1762f35150a820290ca87af707a84354727bf93c,highest-temperature-in-singapore-on-march-29-2026,missing_quote_pair,0.349584,yes,asymmetric_paired_accumulation,,,,2026-03-29T08:07:08+00:00,buy
33°C,-0.7524,Singapore,0x8f70b0e50a68afd1f221c84b1762f35150a820290ca87af707a84354727bf93c,highest-temperature-in-singapore-on-march-29-2026,missing_quote_pair,0.7524,yes,asymmetric_paired_accumulation,,,,2026-03-29T08:07:10+00:00,buy
33°C,-0.79154,Singapore,0x8f70b0e50a68afd1f221c84b1762f35150a820290ca87af707a84354727bf93c,highest-temperature-in-singapore-on-march-29-2026,missing_quote_pair,0.79154,yes,asymmetric_paired_accumulation,,,,2026-03-29T08:07:10+00:00,buy
33°C,-12.535382,Singapore,0x8f70b0e50a68afd1f221c84b1762f35150a820290ca87af707a84354727bf93c,highest-temperature-in-singapore-on-march-29-2026,missing_quote_pair,12.535382,no,asymmetric_paired_accumulation,,,,2026-03-29T08:07:12+00:00,buy
33°C,-27.105128,Singapore,0x8f70b0e50a68afd1f221c84b1762f35150a820290ca87af707a84354727bf93c,highest-temperature-in-singapore-on-march-29-2026,missing_quote_pair,27.105128,no,asymmetric_paired_accumulation,,,,2026-03-29T08:07:12+00:00,buy
33°C,-27.105128,Singapore,0x8f70b0e50a68afd1f221c84b1762f35150a820290ca87af707a84354727bf93c,highest-temperature-in-singapore-on-march-29-2026,missing_quote_pair,27.105128,no,asymmetric_paired_accumulation,,,,2026-03-29T08:07:14+00:00,buy
33°C,-15.86882,Singapore,0x8f70b0e50a68afd1f221c84b1762f35150a820290ca87af707a84354727bf93c,highest-temperature-in-singapore-on-march-29-2026,missing_quote_pair,15.86882,no,asymmetric_paired_accumulation,,,,2026-03-29T08:07:14+00:00,buy
33°C,-24.641025,Singapore,0x8f70b0e50a68afd1f221c84b1762f35150a820290ca87af707a84354727bf93c,highest-temperature-in-singapore-on-march-29-2026,missing_quote_pair,24.641025,no,asymmetric_paired_accumulation,,,,2026-03-29T08:07:16+00:00,buy
33°C,-0.73096,Singapore,0x8f70b0e50a68afd1f221c84b1762f35150a820290ca87af707a84354727bf93c,highest-temperature-in-singapore-on-march-29-2026,missing_quote_pair,0.73096,yes,asymmetric_paired_accumulation,,,,2026-03-29T08:07:16+00:00,buy
33°C,-0.197505,Singapore,0x8f70b0e50a68afd1f221c84b1762f35150a820290ca87af707a84354727bf93c,highest-temperature-in-singapore-on-march-29-2026,missing_quote_pair,0.197505,yes,asymmetric_paired_accumulation,,,,2026-03-29T08:07:18+00:00,buy
33°C,-0.05092,Singapore,0x8f70b0e50a68afd1f221c84b1762f35150a820290ca87af707a84354727bf93c,highest-temperature-in-singapore-on-march-29-2026,missing_quote_pair,0.05092,yes,asymmetric_paired_accumulation,,,,2026-03-29T08:07:18+00:00,buy
33°C,-0.107047,Singapore,0x8f70b0e50a68afd1f221c84b1762f35150a820290ca87af707a84354727bf93c,highest-temperature-in-singapore-on-march-29-2026,missing_quote_pair,0.107047,yes,asymmetric_paired_accumulation,,,,2026-03-29T08:07:18+00:00,buy
33°C,-0.062411,Singapore,0x8f70b0e50a68afd1f221c84b1762f35150a820290ca87af707a84354727bf93c,highest-temperature-in-singapore-on-march-29-2026,missing_quote_pair,0.062411,yes,asymmetric_paired_accumulation,,,,2026-03-29T08:07:18+00:00,buy
33°C,-0.043451,Singapore,0x8f70b0e50a68afd1f221c84b1762f35150a820290ca87af707a84354727bf93c,highest-temperature-in-singapore-on-march-29-2026,missing_quote_pair,0.043451,yes,asymmetric_paired_accumulation,,,,2026-03-29T08:07:18+00:00,buy
33°C,-0.043451,Singapore,0x8f70b0e50a68afd1f221c84b1762f35150a820290ca87af707a84354727bf93c,highest-temperature-in-singapore-on-march-29-2026,missing_quote_pair,0.043451,yes,asymmetric_paired_accumulation,,,,2026-03-29T08:07:18+00:00,buy
33°C,-0.053326,Singapore,0x8f70b0e50a68afd1f221c84b1762f35150a820290ca87af707a84354727bf93c,highest-temperature-in-singapore-on-march-29-2026,missing_quote_pair,0.053326,yes,asymmetric_paired_accumulation,,,,2026-03-29T08:07:18+00:00,buy
33°C,-0.197505,Singapore,0x8f70b0e50a68afd1f221c84b1762f35150a820290ca87af707a84354727bf93c,highest-temperature-in-singapore-on-march-29-2026,missing_quote_pair,0.197505,yes,asymmetric_paired_accumulation,,,,2026-03-29T08:07:18+00:00,buy
33°C,-0.053721,Singapore,0x8f70b0e50a68afd1f221c84b1762f35150a820290ca87af707a84354727bf93c,highest-temperature-in-singapore-on-march-29-2026,missing_quote_pair,0.053721,yes,asymmetric_paired_accumulation,,,,2026-03-29T08:07:20+00:00,buy
33°C,-0.053721,Singapore,0x8f70b0e50a68afd1f221c84b1762f35150a820290ca87af707a84354727bf93c,highest-temperature-in-singapore-on-march-29-2026,missing_quote_pair,0.053721,yes,asymmetric_paired_accumulation,,,,2026-03-29T08:07:20+00:00,buy
33°C,-27.105128,Singapore,0x8f70b0e50a68afd1f221c84b1762f35150a820290ca87af707a84354727bf93c,highest-temperature-in-singapore-on-march-29-2026,missing_quote_pair,27.105128,no,asymmetric_paired_accumulation,,,,2026-03-29T08:07:20+00:00,buy
33°C,-0.056091,Singapore,0x8f70b0e50a68afd1f221c84b1762f35150a820290ca87af707a84354727bf93c,highest-temperature-in-singapore-on-march-29-2026,missing_quote_pair,0.056091,yes,asymmetric_paired_accumulation,,,,2026-03-29T08:07:20+00:00,buy
33°C,-0.043451,Singapore,0x8f70b0e50a68afd1f221c84b1762f35150a820290ca87af707a84354727bf93c,highest-temperature-in-singapore-on-march-29-2026,missing_quote_pair,0.043451,yes,asymmetric_paired_accumulation,,,,2026-03-29T08:07:20+00:00,buy
33°C,-27.105128,Singapore,0x8f70b0e50a68afd1f221c84b1762f35150a820290ca87af707a84354727bf93c,highest-temperature-in-singapore-on-march-29-2026,missing_quote_pair,27.105128,no,asymmetric_paired_accumulation,,,,2026-03-29T08:07:20+00:00,buy
33°C,-27.105128,Singapore,0x8f70b0e50a68afd1f221c84b1762f35150a820290ca87af707a84354727bf93c,highest-temperature-in-singapore-on-march-29-2026,missing_quote_pair,27.105128,no,asymmetric_paired_accumulation,,,,2026-03-29T08:07:20+00:00,buy
33°C,-0.321143,Singapore,0x8f70b0e50a68afd1f221c84b1762f35150a820290ca87af707a84354727bf93c,highest-temperature-in-singapore-on-march-29-2026,missing_quote_pair,0.321143,yes,asymmetric_paired_accumulation,,,,2026-03-29T08:07:20+00:00,buy
33°C,-0.039501,Singapore,0x8f70b0e50a68afd1f221c84b1762f35150a820290ca87af707a84354727bf93c,highest-temperature-in-singapore-on-march-29-2026,missing_quote_pair,0.039501,yes,asymmetric_paired_accumulation,,,,2026-03-29T08:07:20+00:00,buy
33°C,-0.052931,Singapore,0x8f70b0e50a68afd1f221c84b1762f35150a820290ca87af707a84354727bf93c,highest-temperature-in-singapore-on-march-29-2026,missing_quote_pair,0.052931,yes,asymmetric_paired_accumulation,,,,2026-03-29T08:07:22+00:00,buy
33°C,-0.053721,Singapore,0x8f70b0e50a68afd1f221c84b1762f35150a820290ca87af707a84354727bf93c,highest-temperature-in-singapore-on-march-29-2026,missing_quote_pair,0.053721,yes,asymmetric_paired_accumulation,,,,2026-03-29T08:07:24+00:00,buy
33°C,-0.158794,Singapore,0x8f70b0e50a68afd1f221c84b1762f35150a820290ca87af707a84354727bf93c,highest-temperature-in-singapore-on-march-29-2026,missing_quote_pair,0.158794,yes,asymmetric_paired_accumulation,,,,2026-03-29T08:07:24+00:00,buy
33°C,-0.053721,Singapore,0x8f70b0e50a68afd1f221c84b1762f35150a820290ca87af707a84354727bf93c,highest-temperature-in-singapore-on-march-29-2026,missing_quote_pair,0.053721,yes,asymmetric_paired_accumulation,,,,2026-03-29T08:07:24+00:00,buy
33°C,-0.04066,Singapore,0x8f70b0e50a68afd1f221c84b1762f35150a820290ca87af707a84354727bf93c,highest-temperature-in-singapore-on-march-29-2026,missing_quote_pair,0.04066,yes,asymmetric_paired_accumulation,,,,2026-03-29T08:07:24+00:00,buy
33°C,-0.002001,Singapore,0x8f70b0e50a68afd1f221c84b1762f35150a820290ca87af707a84354727bf93c,highest-temperature-in-singapore-on-march-29-2026,missing_quote_pair,0.002001,yes,asymmetric_paired_accumulation,,,,2026-03-29T08:07:24+00:00,buy
33°C,-0.158794,Singapore,0x8f70b0e50a68afd1f221c84b1762f35150a820290ca87af707a84354727bf93c,highest-temperature-in-singapore-on-march-29-2026,missing_quote_pair,0.158794,yes,asymmetric_paired_accumulation,,,,2026-03-29T08:07:24+00:00,buy
33°C,-0.33212,Singapore,0x8f70b0e50a68afd1f221c84b1762f35150a820290ca87af707a84354727bf93c,highest-temperature-in-singapore-on-march-29-2026,missing_quote_pair,0.33212,yes,asymmetric_paired_accumulation,,,,2026-03-29T08:07:24+00:00,buy
33°C,-1.8,Singapore,0x8f70b0e50a68afd1f221c84b1762f35150a820290ca87af707a84354727bf93c,highest-temperature-in-singapore-on-march-29-2026,missing_quote_pair,1.8,yes,asymmetric_paired_accumulation,,,,2026-03-29T08:07:42+00:00,buy
33°C,-87.08595,Singapore,0x8f70b0e50a68afd1f221c84b1762f35150a820290ca87af707a84354727bf93c,highest-temperature-in-singapore-on-march-29-2026,missing_quote_pair,87.08595,no,asymmetric_paired_accumulation,,,,2026-03-29T08:08:12+00:00,buy
25°C,-1.7401,Wuhan,0xa37c6cc2ad526063beaebf332a2c45035a5ed3d712bbe2cd057582b05121c790,highest-temperature-in-wuhan-on-march-29-2026,missing_quote_pair,1.7401,yes,cheap_bucket_accumulation,,,,2026-03-29T08:13:08+00:00,buy
25°C,-486.16,Wuhan,0xa37c6cc2ad526063beaebf332a2c45035a5ed3d712bbe2cd057582b05121c790,highest-temperature-in-wuhan-on-march-29-2026,missing_quote_pair,486.16,no,cheap_bucket_accumulation,,,,2026-03-29T08:13:22+00:00,buy
10°C,-1.252519,Istanbul,0xa6923d6db10f8d2a0e731f246b2ba4bfaaf1283b8ef514194a7ca2299ba3f452,highest-temperature-in-istanbul-on-march-31-2026,missing_quote_pair,1.252519,yes,asymmetric_paired_accumulation,,,,2026-03-29T08:31:24+00:00,buy
10°C,-17.233333,Istanbul,0xa6923d6db10f8d2a0e731f246b2ba4bfaaf1283b8ef514194a7ca2299ba3f452,highest-temperature-in-istanbul-on-march-31-2026,missing_quote_pair,17.233333,no,asymmetric_paired_accumulation,,,,2026-03-29T08:31:26+00:00,buy
10°C,-17.233333,Istanbul,0xa6923d6db10f8d2a0e731f246b2ba4bfaaf1283b8ef514194a7ca2299ba3f452,highest-temperature-in-istanbul-on-march-31-2026,missing_quote_pair,17.233333,no,asymmetric_paired_accumulation,,,,2026-03-29T08:31:26+00:00,buy
10°C,-17.233333,Istanbul,0xa6923d6db10f8d2a0e731f246b2ba4bfaaf1283b8ef514194a7ca2299ba3f452,highest-temperature-in-istanbul-on-march-31-2026,missing_quote_pair,17.233333,no,asymmetric_paired_accumulation,,,,2026-03-29T08:31:26+00:00,buy
10°C,-0.574851,Istanbul,0xa6923d6db10f8d2a0e731f246b2ba4bfaaf1283b8ef514194a7ca2299ba3f452,highest-temperature-in-istanbul-on-march-31-2026,missing_quote_pair,0.574851,yes,asymmetric_paired_accumulation,,,,2026-03-29T08:31:34+00:00,buy
10°C,-0.317368,Istanbul,0xa6923d6db10f8d2a0e731f246b2ba4bfaaf1283b8ef514194a7ca2299ba3f452,highest-temperature-in-istanbul-on-march-31-2026,missing_quote_pair,0.317368,yes,asymmetric_paired_accumulation,,,,2026-03-29T08:31:34+00:00,buy
10°C,-0.052631,Istanbul,0xa6923d6db10f8d2a0e731f246b2ba4bfaaf1283b8ef514194a7ca2299ba3f452,highest-temperature-in-istanbul-on-march-31-2026,missing_quote_pair,0.052631,yes,asymmetric_paired_accumulation,,,,2026-03-29T08:31:34+00:00,buy
10°C,-17.233333,Istanbul,0xa6923d6db10f8d2a0e731f246b2ba4bfaaf1283b8ef514194a7ca2299ba3f452,highest-temperature-in-istanbul-on-march-31-2026,missing_quote_pair,17.233333,no,asymmetric_paired_accumulation,,,,2026-03-29T08:31:34+00:00,buy
10°C,-0.052631,Istanbul,0xa6923d6db10f8d2a0e731f246b2ba4bfaaf1283b8ef514194a7ca2299ba3f452,highest-temperature-in-istanbul-on-march-31-2026,missing_quote_pair,0.052631,yes,asymmetric_paired_accumulation,,,,2026-03-29T08:31:36+00:00,buy
10°C,-0.077,Istanbul,0xa6923d6db10f8d2a0e731f246b2ba4bfaaf1283b8ef514194a7ca2299ba3f452,highest-temperature-in-istanbul-on-march-31-2026,missing_quote_pair,0.077,yes,asymmetric_paired_accumulation,,,,2026-03-29T08:31:36+00:00,buy
10°C,-0.222105,Istanbul,0xa6923d6db10f8d2a0e731f246b2ba4bfaaf1283b8ef514194a7ca2299ba3f452,highest-temperature-in-istanbul-on-march-31-2026,missing_quote_pair,0.222105,yes,asymmetric_paired_accumulation,,,,2026-03-29T08:31:36+00:00,buy
10°C,-0.13421,Istanbul,0xa6923d6db10f8d2a0e731f246b2ba4bfaaf1283b8ef514194a7ca2299ba3f452,highest-temperature-in-istanbul-on-march-31-2026,missing_quote_pair,0.13421,yes,asymmetric_paired_accumulation,,,,2026-03-29T08:31:36+00:00,buy
10°C,-0.13421,Istanbul,0xa6923d6db10f8d2a0e731f246b2ba4bfaaf1283b8ef514194a7ca2299ba3f452,highest-temperature-in-istanbul-on-march-31-2026,missing_quote_pair,0.13421,yes,asymmetric_paired_accumulation,,,,2026-03-29T08:31:36+00:00,buy
10°C,-17.233333,Istanbul,0xa6923d6db10f8d2a0e731f246b2ba4bfaaf1283b8ef514194a7ca2299ba3f452,highest-temperature-in-istanbul-on-march-31-2026,missing_quote_pair,17.233333,no,asymmetric_paired_accumulation,,,,2026-03-29T08:31:36+00:00,buy
10°C,-0.317368,Istanbul,0xa6923d6db10f8d2a0e731f246b2ba4bfaaf1283b8ef514194a7ca2299ba3f452,highest-temperature-in-istanbul-on-march-31-2026,missing_quote_pair,0.317368,yes,asymmetric_paired_accumulation,,,,2026-03-29T08:31:36+00:00,buy
10°C,-0.052631,Istanbul,0xa6923d6db10f8d2a0e731f246b2ba4bfaaf1283b8ef514194a7ca2299ba3f452,highest-temperature-in-istanbul-on-march-31-2026,missing_quote_pair,0.052631,yes,asymmetric_paired_accumulation,,,,2026-03-29T08:31:36+00:00,buy
10°C,-0.25,Istanbul,0xa6923d6db10f8d2a0e731f246b2ba4bfaaf1283b8ef514194a7ca2299ba3f452,highest-temperature-in-istanbul-on-march-31-2026,missing_quote_pair,0.25,yes,asymmetric_paired_accumulation,,,,2026-03-29T08:31:36+00:00,buy
10°C,-0.057894,Istanbul,0xa6923d6db10f8d2a0e731f246b2ba4bfaaf1283b8ef514194a7ca2299ba3f452,highest-temperature-in-istanbul-on-march-31-2026,missing_quote_pair,0.057894,yes,asymmetric_paired_accumulation,,,,2026-03-29T08:31:36+00:00,buy
10°C,-0.263157,Istanbul,0xa6923d6db10f8d2a0e731f246b2ba4bfaaf1283b8ef514194a7ca2299ba3f452,highest-temperature-in-istanbul-on-march-31-2026,missing_quote_pair,0.263157,yes,asymmetric_paired_accumulation,,,,2026-03-29T08:31:36+00:00,buy
10°C,-0.13421,Istanbul,0xa6923d6db10f8d2a0e731f246b2ba4bfaaf1283b8ef514194a7ca2299ba3f452,highest-temperature-in-istanbul-on-march-31-2026,missing_quote_pair,0.13421,yes,asymmetric_paired_accumulation,,,,2026-03-29T08:31:36+00:00,buy
10°C,-0.453157,Istanbul,0xa6923d6db10f8d2a0e731f246b2ba4bfaaf1283b8ef514194a7ca2299ba3f452,highest-temperature-in-istanbul-on-march-31-2026,missing_quote_pair,0.453157,yes,asymmetric_paired_accumulation,,,,2026-03-29T08:31:36+00:00,buy
10°C,-0.597061,Istanbul,0xa6923d6db10f8d2a0e731f246b2ba4bfaaf1283b8ef514194a7ca2299ba3f452,highest-temperature-in-istanbul-on-march-31-2026,missing_quote_pair,0.597061,yes,asymmetric_paired_accumulation,,,,2026-03-29T08:31:56+00:00,buy
10°C,-0.451052,Istanbul,0xa6923d6db10f8d2a0e731f246b2ba4bfaaf1283b8ef514194a7ca2299ba3f452,highest-temperature-in-istanbul-on-march-31-2026,missing_quote_pair,0.451052,yes,asymmetric_paired_accumulation,,,,2026-03-29T08:31:58+00:00,buy
10°C,-0.287368,Istanbul,0xa6923d6db10f8d2a0e731f246b2ba4bfaaf1283b8ef514194a7ca2299ba3f452,highest-temperature-in-istanbul-on-march-31-2026,missing_quote_pair,0.287368,yes,asymmetric_paired_accumulation,,,,2026-03-29T08:31:58+00:00,buy
10°C,-0.451052,Istanbul,0xa6923d6db10f8d2a0e731f246b2ba4bfaaf1283b8ef514194a7ca2299ba3f452,highest-temperature-in-istanbul-on-march-31-2026,missing_quote_pair,0.451052,yes,asymmetric_paired_accumulation,,,,2026-03-29T08:32:00+00:00,buy
10°C,-0.3095,Istanbul,0xa6923d6db10f8d2a0e731f246b2ba4bfaaf1283b8ef514194a7ca2299ba3f452,highest-temperature-in-istanbul-on-march-31-2026,missing_quote_pair,0.3095,yes,asymmetric_paired_accumulation,,,,2026-03-29T08:32:02+00:00,buy
10°C,-0.369473,Istanbul,0xa6923d6db10f8d2a0e731f246b2ba4bfaaf1283b8ef514194a7ca2299ba3f452,highest-temperature-in-istanbul-on-march-31-2026,missing_quote_pair,0.369473,yes,asymmetric_paired_accumulation,,,,2026-03-29T08:32:04+00:00,buy
10°C,-0.146315,Istanbul,0xa6923d6db10f8d2a0e731f246b2ba4bfaaf1283b8ef514194a7ca2299ba3f452,highest-temperature-in-istanbul-on-march-31-2026,missing_quote_pair,0.146315,yes,asymmetric_paired_accumulation,,,,2026-03-29T08:32:04+00:00,buy
10°C,-0.451052,Istanbul,0xa6923d6db10f8d2a0e731f246b2ba4bfaaf1283b8ef514194a7ca2299ba3f452,highest-temperature-in-istanbul-on-march-31-2026,missing_quote_pair,0.451052,yes,asymmetric_paired_accumulation,,,,2026-03-29T08:32:06+00:00,buy
10°C,-0.0915,Istanbul,0xa6923d6db10f8d2a0e731f246b2ba4bfaaf1283b8ef514194a7ca2299ba3f452,highest-temperature-in-istanbul-on-march-31-2026,missing_quote_pair,0.0915,yes,asymmetric_paired_accumulation,,,,2026-03-29T08:32:10+00:00,buy
10°C,-0.0915,Istanbul,0xa6923d6db10f8d2a0e731f246b2ba4bfaaf1283b8ef514194a7ca2299ba3f452,highest-temperature-in-istanbul-on-march-31-2026,missing_quote_pair,0.0915,yes,asymmetric_paired_accumulation,,,,2026-03-29T08:32:10+00:00,buy
10°C,-0.0915,Istanbul,0xa6923d6db10f8d2a0e731f246b2ba4bfaaf1283b8ef514194a7ca2299ba3f452,highest-temperature-in-istanbul-on-march-31-2026,missing_quote_pair,0.0915,yes,asymmetric_paired_accumulation,,,,2026-03-29T08:32:10+00:00,buy
10°C,-0.052631,Istanbul,0xa6923d6db10f8d2a0e731f246b2ba4bfaaf1283b8ef514194a7ca2299ba3f452,highest-temperature-in-istanbul-on-march-31-2026,missing_quote_pair,0.052631,yes,asymmetric_paired_accumulation,,,,2026-03-29T08:32:10+00:00,buy
10°C,-1.9646,Istanbul,0xa6923d6db10f8d2a0e731f246b2ba4bfaaf1283b8ef514194a7ca2299ba3f452,highest-temperature-in-istanbul-on-march-31-2026,missing_quote_pair,1.9646,no,asymmetric_paired_accumulation,,,,2026-03-29T08:32:10+00:00,buy
10°C,-0.0915,Istanbul,0xa6923d6db10f8d2a0e731f246b2ba4bfaaf1283b8ef514194a7ca2299ba3f452,highest-temperature-in-istanbul-on-march-31-2026,missing_quote_pair,0.0915,yes,asymmetric_paired_accumulation,,,,2026-03-29T08:32:12+00:00,buy
10°C,-1.0716,Istanbul,0xa6923d6db10f8d2a0e731f246b2ba4bfaaf1283b8ef514194a7ca2299ba3f452,highest-temperature-in-istanbul-on-march-31-2026,missing_quote_pair,1.0716,no,asymmetric_paired_accumulation,,,,2026-03-29T08:32:12+00:00,buy
10°C,-0.0915,Istanbul,0xa6923d6db10f8d2a0e731f246b2ba4bfaaf1283b8ef514194a7ca2299ba3f452,highest-temperature-in-istanbul-on-march-31-2026,missing_quote_pair,0.0915,yes,asymmetric_paired_accumulation,,,,2026-03-29T08:32:12+00:00,buy
10°C,-0.053157,Istanbul,0xa6923d6db10f8d2a0e731f246b2ba4bfaaf1283b8ef514194a7ca2299ba3f452,highest-temperature-in-istanbul-on-march-31-2026,missing_quote_pair,0.053157,yes,asymmetric_paired_accumulation,,,,2026-03-29T08:32:16+00:00,buy
10°C,-1.4006,Istanbul,0xa6923d6db10f8d2a0e731f246b2ba4bfaaf1283b8ef514194a7ca2299ba3f452,highest-temperature-in-istanbul-on-march-31-2026,missing_quote_pair,1.4006,no,asymmetric_paired_accumulation,,,,2026-03-29T08:32:30+00:00,buy
10°C,-0.081578,Istanbul,0xa6923d6db10f8d2a0e731f246b2ba4bfaaf1283b8ef514194a7ca2299ba3f452,highest-temperature-in-istanbul-on-march-31-2026,missing_quote_pair,0.081578,yes,asymmetric_paired_accumulation,,,,2026-03-29T08:32:38+00:00,buy
10°C,-0.137289,Istanbul,0xa6923d6db10f8d2a0e731f246b2ba4bfaaf1283b8ef514194a7ca2299ba3f452,highest-temperature-in-istanbul-on-march-31-2026,missing_quote_pair,0.137289,yes,asymmetric_paired_accumulation,,,,2026-03-29T08:32:38+00:00,buy
10°C,-0.4685,Istanbul,0xa6923d6db10f8d2a0e731f246b2ba4bfaaf1283b8ef514194a7ca2299ba3f452,highest-temperature-in-istanbul-on-march-31-2026,missing_quote_pair,0.4685,yes,asymmetric_paired_accumulation,,,,2026-03-29T08:32:38+00:00,buy
10°C,-0.263,Istanbul,0xa6923d6db10f8d2a0e731f246b2ba4bfaaf1283b8ef514194a7ca2299ba3f452,highest-temperature-in-istanbul-on-march-31-2026,missing_quote_pair,0.263,yes,asymmetric_paired_accumulation,,,,2026-03-29T08:32:38+00:00,buy
10°C,-1.0,Istanbul,0xa6923d6db10f8d2a0e731f246b2ba4bfaaf1283b8ef514194a7ca2299ba3f452,highest-temperature-in-istanbul-on-march-31-2026,missing_quote_pair,1.0,yes,asymmetric_paired_accumulation,,,,2026-03-29T08:32:38+00:00,buy
10°C,-0.077894,Istanbul,0xa6923d6db10f8d2a0e731f246b2ba4bfaaf1283b8ef514194a7ca2299ba3f452,highest-temperature-in-istanbul-on-march-31-2026,missing_quote_pair,0.077894,yes,asymmetric_paired_accumulation,,,,2026-03-29T08:32:38+00:00,buy
10°C,-0.105263,Istanbul,0xa6923d6db10f8d2a0e731f246b2ba4bfaaf1283b8ef514194a7ca2299ba3f452,highest-temperature-in-istanbul-on-march-31-2026,missing_quote_pair,0.105263,yes,asymmetric_paired_accumulation,,,,2026-03-29T08:32:38+00:00,buy
10°C,-0.260526,Istanbul,0xa6923d6db10f8d2a0e731f246b2ba4bfaaf1283b8ef514194a7ca2299ba3f452,highest-temperature-in-istanbul-on-march-31-2026,missing_quote_pair,0.260526,yes,asymmetric_paired_accumulation,,,,2026-03-29T08:32:38+00:00,buy
10°C,-0.097894,Istanbul,0xa6923d6db10f8d2a0e731f246b2ba4bfaaf1283b8ef514194a7ca2299ba3f452,highest-temperature-in-istanbul-on-march-31-2026,missing_quote_pair,0.097894,yes,asymmetric_paired_accumulation,,,,2026-03-29T08:32:38+00:00,buy
10°C,-1.428421,Istanbul,0xa6923d6db10f8d2a0e731f246b2ba4bfaaf1283b8ef514194a7ca2299ba3f452,highest-temperature-in-istanbul-on-march-31-2026,missing_quote_pair,1.428421,yes,asymmetric_paired_accumulation,,,,2026-03-29T08:32:38+00:00,buy
10°C,-0.20421,Istanbul,0xa6923d6db10f8d2a0e731f246b2ba4bfaaf1283b8ef514194a7ca2299ba3f452,highest-temperature-in-istanbul-on-march-31-2026,missing_quote_pair,0.20421,yes,asymmetric_paired_accumulation,,,,2026-03-29T08:32:38+00:00,buy
10°C,-0.057894,Istanbul,0xa6923d6db10f8d2a0e731f246b2ba4bfaaf1283b8ef514194a7ca2299ba3f452,highest-temperature-in-istanbul-on-march-31-2026,missing_quote_pair,0.057894,yes,asymmetric_paired_accumulation,,,,2026-03-29T08:32:38+00:00,buy
10°C,-0.26,Istanbul,0xa6923d6db10f8d2a0e731f246b2ba4bfaaf1283b8ef514194a7ca2299ba3f452,highest-temperature-in-istanbul-on-march-31-2026,missing_quote_pair,0.26,yes,asymmetric_paired_accumulation,,,,2026-03-29T08:32:38+00:00,buy
10°C,-77.55,Istanbul,0xa6923d6db10f8d2a0e731f246b2ba4bfaaf1283b8ef514194a7ca2299ba3f452,highest-temperature-in-istanbul-on-march-31-2026,missing_quote_pair,77.55,no,asymmetric_paired_accumulation,,,,2026-03-29T08:32:38+00:00,buy
10°C,-0.122105,Istanbul,0xa6923d6db10f8d2a0e731f246b2ba4bfaaf1283b8ef514194a7ca2299ba3f452,highest-temperature-in-istanbul-on-march-31-2026,missing_quote_pair,0.122105,yes,asymmetric_paired_accumulation,,,,2026-03-29T08:32:38+00:00,buy
10°C,-0.9015,Istanbul,0xa6923d6db10f8d2a0e731f246b2ba4bfaaf1283b8ef514194a7ca2299ba3f452,highest-temperature-in-istanbul-on-march-31-2026,missing_quote_pair,0.9015,yes,asymmetric_paired_accumulation,,,,2026-03-29T08:32:40+00:00,buy
10°C,-15.4254,Istanbul,0xa6923d6db10f8d2a0e731f246b2ba4bfaaf1283b8ef514194a7ca2299ba3f452,highest-temperature-in-istanbul-on-march-31-2026,missing_quote_pair,15.4254,no,asymmetric_paired_accumulation,,,,2026-03-29T08:35:28+00:00,buy
10°C,-0.19902,Istanbul,0xa6923d6db10f8d2a0e731f246b2ba4bfaaf1283b8ef514194a7ca2299ba3f452,highest-temperature-in-istanbul-on-march-31-2026,missing_quote_pair,0.19902,yes,asymmetric_paired_accumulation,,,,2026-03-29T08:35:40+00:00,buy
10°C,-1892.6524,Istanbul,0xa6923d6db10f8d2a0e731f246b2ba4bfaaf1283b8ef514194a7ca2299ba3f452,highest-temperature-in-istanbul-on-march-31-2026,missing_quote_pair,1892.6524,no,asymmetric_paired_accumulation,,,,2026-03-29T08:35:40+00:00,buy
10°C,-199.2236,Istanbul,0xa6923d6db10f8d2a0e731f246b2ba4bfaaf1283b8ef514194a7ca2299ba3f452,highest-temperature-in-istanbul-on-march-31-2026,missing_quote_pair,199.2236,no,asymmetric_paired_accumulation,,,,2026-03-29T08:35:40+00:00,buy
10°C,-0.151,Istanbul,0xa6923d6db10f8d2a0e731f246b2ba4bfaaf1283b8ef514194a7ca2299ba3f452,highest-temperature-in-istanbul-on-march-31-2026,missing_quote_pair,0.151,yes,asymmetric_paired_accumulation,,,,2026-03-29T08:35:40+00:00,buy
10°C,-1.598947,Istanbul,0xa6923d6db10f8d2a0e731f246b2ba4bfaaf1283b8ef514194a7ca2299ba3f452,highest-temperature-in-istanbul-on-march-31-2026,missing_quote_pair,1.598947,yes,asymmetric_paired_accumulation,,,,2026-03-29T08:35:42+00:00,buy
10°C,-0.791475,Istanbul,0xa6923d6db10f8d2a0e731f246b2ba4bfaaf1283b8ef514194a7ca2299ba3f452,highest-temperature-in-istanbul-on-march-31-2026,missing_quote_pair,0.791475,yes,asymmetric_paired_accumulation,,,,2026-03-29T08:35:56+00:00,buy
10°C,-0.561,Istanbul,0xa6923d6db10f8d2a0e731f246b2ba4bfaaf1283b8ef514194a7ca2299ba3f452,highest-temperature-in-istanbul-on-march-31-2026,missing_quote_pair,0.561,yes,asymmetric_paired_accumulation,,,,2026-03-29T08:35:56+00:00,buy
10°C,-1.302085,Istanbul,0xa6923d6db10f8d2a0e731f246b2ba4bfaaf1283b8ef514194a7ca2299ba3f452,highest-temperature-in-istanbul-on-march-31-2026,missing_quote_pair,1.302085,yes,asymmetric_paired_accumulation,,,,2026-03-29T08:36:12+00:00,buy
10°C,-10.0298,Istanbul,0xa6923d6db10f8d2a0e731f246b2ba4bfaaf1283b8ef514194a7ca2299ba3f452,highest-temperature-in-istanbul-on-march-31-2026,missing_quote_pair,10.0298,no,asymmetric_paired_accumulation,,,,2026-03-29T08:36:26+00:00,buy
10°C,-0.15424,Istanbul,0xa6923d6db10f8d2a0e731f246b2ba4bfaaf1283b8ef514194a7ca2299ba3f452,highest-temperature-in-istanbul-on-march-31-2026,missing_quote_pair,0.15424,yes,asymmetric_paired_accumulation,,,,2026-03-29T08:36:26+00:00,buy
10°C,-0.220074,Istanbul,0xa6923d6db10f8d2a0e731f246b2ba4bfaaf1283b8ef514194a7ca2299ba3f452,highest-temperature-in-istanbul-on-march-31-2026,missing_quote_pair,0.220074,yes,asymmetric_paired_accumulation,,,,2026-03-29T08:36:26+00:00,buy
10°C,-0.295,Istanbul,0xa6923d6db10f8d2a0e731f246b2ba4bfaaf1283b8ef514194a7ca2299ba3f452,highest-temperature-in-istanbul-on-march-31-2026,missing_quote_pair,0.295,yes,asymmetric_paired_accumulation,,,,2026-03-29T08:36:28+00:00,buy
10°C,-0.062699,Istanbul,0xa6923d6db10f8d2a0e731f246b2ba4bfaaf1283b8ef514194a7ca2299ba3f452,highest-temperature-in-istanbul-on-march-31-2026,missing_quote_pair,0.062699,yes,asymmetric_paired_accumulation,,,,2026-03-29T08:36:28+00:00,buy
10°C,-0.311615,Istanbul,0xa6923d6db10f8d2a0e731f246b2ba4bfaaf1283b8ef514194a7ca2299ba3f452,highest-temperature-in-istanbul-on-march-31-2026,missing_quote_pair,0.311615,yes,asymmetric_paired_accumulation,,,,2026-03-29T08:36:30+00:00,buy
10°C,-2.0774,Istanbul,0xa6923d6db10f8d2a0e731f246b2ba4bfaaf1283b8ef514194a7ca2299ba3f452,highest-temperature-in-istanbul-on-march-31-2026,missing_quote_pair,2.0774,no,asymmetric_paired_accumulation,,,,2026-03-29T08:36:30+00:00,buy
10°C,-0.062699,Istanbul,0xa6923d6db10f8d2a0e731f246b2ba4bfaaf1283b8ef514194a7ca2299ba3f452,highest-temperature-in-istanbul-on-march-31-2026,missing_quote_pair,0.062699,yes,asymmetric_paired_accumulation,,,,2026-03-29T08:36:30+00:00,buy
10°C,-0.41359,Istanbul,0xa6923d6db10f8d2a0e731f246b2ba4bfaaf1283b8ef514194a7ca2299ba3f452,highest-temperature-in-istanbul-on-march-31-2026,missing_quote_pair,0.41359,yes,asymmetric_paired_accumulation,,,,2026-03-29T08:36:36+00:00,buy
10°C,-1.77,Istanbul,0xa6923d6db10f8d2a0e731f246b2ba4bfaaf1283b8ef514194a7ca2299ba3f452,highest-temperature-in-istanbul-on-march-31-2026,missing_quote_pair,1.77,yes,asymmetric_paired_accumulation,,,,2026-03-29T08:36:36+00:00,buy
10°C,-0.628873,Istanbul,0xa6923d6db10f8d2a0e731f246b2ba4bfaaf1283b8ef514194a7ca2299ba3f452,highest-temperature-in-istanbul-on-march-31-2026,missing_quote_pair,0.628873,yes,asymmetric_paired_accumulation,,,,2026-03-29T08:37:04+00:00,buy
10°C,-0.130414,Istanbul,0xa6923d6db10f8d2a0e731f246b2ba4bfaaf1283b8ef514194a7ca2299ba3f452,highest-temperature-in-istanbul-on-march-31-2026,missing_quote_pair,0.130414,yes,asymmetric_paired_accumulation,,,,2026-03-29T08:37:06+00:00,buy
10°C,-0.080882,Istanbul,0xa6923d6db10f8d2a0e731f246b2ba4bfaaf1283b8ef514194a7ca2299ba3f452,highest-temperature-in-istanbul-on-march-31-2026,missing_quote_pair,0.080882,yes,asymmetric_paired_accumulation,,,,2026-03-29T08:37:34+00:00,buy
10°C,-5.2828,Istanbul,0xa6923d6db10f8d2a0e731f246b2ba4bfaaf1283b8ef514194a7ca2299ba3f452,highest-temperature-in-istanbul-on-march-31-2026,missing_quote_pair,5.2828,no,asymmetric_paired_accumulation,,,,2026-03-29T08:37:34+00:00,buy
10°C,-0.099064,Istanbul,0xa6923d6db10f8d2a0e731f246b2ba4bfaaf1283b8ef514194a7ca2299ba3f452,highest-temperature-in-istanbul-on-march-31-2026,missing_quote_pair,0.099064,yes,asymmetric_paired_accumulation,,,,2026-03-29T08:37:34+00:00,buy
10°C,-0.062699,Istanbul,0xa6923d6db10f8d2a0e731f246b2ba4bfaaf1283b8ef514194a7ca2299ba3f452,highest-temperature-in-istanbul-on-march-31-2026,missing_quote_pair,0.062699,yes,asymmetric_paired_accumulation,,,,2026-03-29T08:37:34+00:00,buy
10°C,-0.115993,Istanbul,0xa6923d6db10f8d2a0e731f246b2ba4bfaaf1283b8ef514194a7ca2299ba3f452,highest-temperature-in-istanbul-on-march-31-2026,missing_quote_pair,0.115993,yes,asymmetric_paired_accumulation,,,,2026-03-29T08:37:34+00:00,buy
10°C,-0.295,Istanbul,0xa6923d6db10f8d2a0e731f246b2ba4bfaaf1283b8ef514194a7ca2299ba3f452,highest-temperature-in-istanbul-on-march-31-2026,missing_quote_pair,0.295,yes,asymmetric_paired_accumulation,,,,2026-03-29T08:37:34+00:00,buy
10°C,-0.164272,Istanbul,0xa6923d6db10f8d2a0e731f246b2ba4bfaaf1283b8ef514194a7ca2299ba3f452,highest-temperature-in-istanbul-on-march-31-2026,missing_quote_pair,0.164272,yes,asymmetric_paired_accumulation,,,,2026-03-29T08:37:36+00:00,buy
10°C,-0.062699,Istanbul,0xa6923d6db10f8d2a0e731f246b2ba4bfaaf1283b8ef514194a7ca2299ba3f452,highest-temperature-in-istanbul-on-march-31-2026,missing_quote_pair,0.062699,yes,asymmetric_paired_accumulation,,,,2026-03-29T08:37:50+00:00,buy
10°C,-1.0058,Istanbul,0xa6923d6db10f8d2a0e731f246b2ba4bfaaf1283b8ef514194a7ca2299ba3f452,highest-temperature-in-istanbul-on-march-31-2026,missing_quote_pair,1.0058,no,asymmetric_paired_accumulation,,,,2026-03-29T08:37:50+00:00,buy
10°C,-0.12744,Istanbul,0xa6923d6db10f8d2a0e731f246b2ba4bfaaf1283b8ef514194a7ca2299ba3f452,highest-temperature-in-istanbul-on-march-31-2026,missing_quote_pair,0.12744,yes,asymmetric_paired_accumulation,,,,2026-03-29T08:37:54+00:00,buy
9°C,-0.156649,Istanbul,0x026bf1d5ab0fbe78376bd712fad9e535664e647a16700752bee0bbac379aa0e5,highest-temperature-in-istanbul-on-march-31-2026,missing_quote_pair,0.156649,yes,asymmetric_paired_accumulation,,,,2026-03-29T08:41:54+00:00,buy
9°C,-18.4032,Istanbul,0x026bf1d5ab0fbe78376bd712fad9e535664e647a16700752bee0bbac379aa0e5,highest-temperature-in-istanbul-on-march-31-2026,missing_quote_pair,18.4032,no,asymmetric_paired_accumulation,,,,2026-03-29T08:41:54+00:00,buy
9°C,-0.040582,Istanbul,0x026bf1d5ab0fbe78376bd712fad9e535664e647a16700752bee0bbac379aa0e5,highest-temperature-in-istanbul-on-march-31-2026,missing_quote_pair,0.040582,yes,asymmetric_paired_accumulation,,,,2026-03-29T08:41:54+00:00,buy
9°C,-5.424939,Istanbul,0x026bf1d5ab0fbe78376bd712fad9e535664e647a16700752bee0bbac379aa0e5,highest-temperature-in-istanbul-on-march-31-2026,missing_quote_pair,5.424939,yes,asymmetric_paired_accumulation,,,,2026-03-29T08:41:54+00:00,buy
9°C,-0.202913,Istanbul,0x026bf1d5ab0fbe78376bd712fad9e535664e647a16700752bee0bbac379aa0e5,highest-temperature-in-istanbul-on-march-31-2026,missing_quote_pair,0.202913,yes,asymmetric_paired_accumulation,,,,2026-03-29T08:41:56+00:00,buy
9°C,-26.4,Istanbul,0x026bf1d5ab0fbe78376bd712fad9e535664e647a16700752bee0bbac379aa0e5,highest-temperature-in-istanbul-on-march-31-2026,missing_quote_pair,26.4,no,asymmetric_paired_accumulation,,,,2026-03-29T08:41:56+00:00,buy
9°C,-26.4,Istanbul,0x026bf1d5ab0fbe78376bd712fad9e535664e647a16700752bee0bbac379aa0e5,highest-temperature-in-istanbul-on-march-31-2026,missing_quote_pair,26.4,no,asymmetric_paired_accumulation,,,,2026-03-29T08:41:56+00:00,buy
9°C,-0.183028,Istanbul,0x026bf1d5ab0fbe78376bd712fad9e535664e647a16700752bee0bbac379aa0e5,highest-temperature-in-istanbul-on-march-31-2026,missing_quote_pair,0.183028,yes,asymmetric_paired_accumulation,,,,2026-03-29T08:41:56+00:00,buy
9°C,-60.72,Istanbul,0x026bf1d5ab0fbe78376bd712fad9e535664e647a16700752bee0bbac379aa0e5,highest-temperature-in-istanbul-on-march-31-2026,missing_quote_pair,60.72,no,asymmetric_paired_accumulation,,,,2026-03-29T08:41:56+00:00,buy
9°C,-1.19457,Istanbul,0x026bf1d5ab0fbe78376bd712fad9e535664e647a16700752bee0bbac379aa0e5,highest-temperature-in-istanbul-on-march-31-2026,missing_quote_pair,1.19457,yes,asymmetric_paired_accumulation,,,,2026-03-29T08:41:56+00:00,buy
9°C,-0.374984,Istanbul,0x026bf1d5ab0fbe78376bd712fad9e535664e647a16700752bee0bbac379aa0e5,highest-temperature-in-istanbul-on-march-31-2026,missing_quote_pair,0.374984,yes,asymmetric_paired_accumulation,,,,2026-03-29T08:41:56+00:00,buy
9°C,-0.26257,Istanbul,0x026bf1d5ab0fbe78376bd712fad9e535664e647a16700752bee0bbac379aa0e5,highest-temperature-in-istanbul-on-march-31-2026,missing_quote_pair,0.26257,yes,asymmetric_paired_accumulation,,,,2026-03-29T08:41:56+00:00,buy
9°C,-0.374984,Istanbul,0x026bf1d5ab0fbe78376bd712fad9e535664e647a16700752bee0bbac379aa0e5,highest-temperature-in-istanbul-on-march-31-2026,missing_quote_pair,0.374984,yes,asymmetric_paired_accumulation,,,,2026-03-29T08:41:56+00:00,buy
9°C,-0.040582,Istanbul,0x026bf1d5ab0fbe78376bd712fad9e535664e647a16700752bee0bbac379aa0e5,highest-temperature-in-istanbul-on-march-31-2026,missing_quote_pair,0.040582,yes,asymmetric_paired_accumulation,,,,2026-03-29T08:41:56+00:00,buy
9°C,-0.040582,Istanbul,0x026bf1d5ab0fbe78376bd712fad9e535664e647a16700752bee0bbac379aa0e5,highest-temperature-in-istanbul-on-march-31-2026,missing_quote_pair,0.040582,yes,asymmetric_paired_accumulation,,,,2026-03-29T08:41:56+00:00,buy
9°C,-0.26257,Istanbul,0x026bf1d5ab0fbe78376bd712fad9e535664e647a16700752bee0bbac379aa0e5,highest-temperature-in-istanbul-on-march-31-2026,missing_quote_pair,0.26257,yes,asymmetric_paired_accumulation,,,,2026-03-29T08:41:56+00:00,buy
9°C,-26.4,Istanbul,0x026bf1d5ab0fbe78376bd712fad9e535664e647a16700752bee0bbac379aa0e5,highest-temperature-in-istanbul-on-march-31-2026,missing_quote_pair,26.4,no,asymmetric_paired_accumulation,,,,2026-03-29T08:41:56+00:00,buy
9°C,-0.053569,Istanbul,0x026bf1d5ab0fbe78376bd712fad9e535664e647a16700752bee0bbac379aa0e5,highest-temperature-in-istanbul-on-march-31-2026,missing_quote_pair,0.053569,yes,asymmetric_paired_accumulation,,,,2026-03-29T08:41:56+00:00,buy
9°C,-0.040582,Istanbul,0x026bf1d5ab0fbe78376bd712fad9e535664e647a16700752bee0bbac379aa0e5,highest-temperature-in-istanbul-on-march-31-2026,missing_quote_pair,0.040582,yes,asymmetric_paired_accumulation,,,,2026-03-29T08:41:56+00:00,buy
9°C,-0.261352,Istanbul,0x026bf1d5ab0fbe78376bd712fad9e535664e647a16700752bee0bbac379aa0e5,highest-temperature-in-istanbul-on-march-31-2026,missing_quote_pair,0.261352,yes,asymmetric_paired_accumulation,,,,2026-03-29T08:41:56+00:00,buy
9°C,-0.374984,Istanbul,0x026bf1d5ab0fbe78376bd712fad9e535664e647a16700752bee0bbac379aa0e5,highest-temperature-in-istanbul-on-march-31-2026,missing_quote_pair,0.374984,yes,asymmetric_paired_accumulation,,,,2026-03-29T08:41:58+00:00,buy
9°C,-0.053569,Istanbul,0x026bf1d5ab0fbe78376bd712fad9e535664e647a16700752bee0bbac379aa0e5,highest-temperature-in-istanbul-on-march-31-2026,missing_quote_pair,0.053569,yes,asymmetric_paired_accumulation,,,,2026-03-29T08:41:58+00:00,buy
9°C,-0.372955,Istanbul,0x026bf1d5ab0fbe78376bd712fad9e535664e647a16700752bee0bbac379aa0e5,highest-temperature-in-istanbul-on-march-31-2026,missing_quote_pair,0.372955,yes,asymmetric_paired_accumulation,,,,2026-03-29T08:41:58+00:00,buy
9°C,-16.584,Istanbul,0x026bf1d5ab0fbe78376bd712fad9e535664e647a16700752bee0bbac379aa0e5,highest-temperature-in-istanbul-on-march-31-2026,missing_quote_pair,16.584,no,asymmetric_paired_accumulation,,,,2026-03-29T08:41:58+00:00,buy
9°C,-0.123371,Istanbul,0x026bf1d5ab0fbe78376bd712fad9e535664e647a16700752bee0bbac379aa0e5,highest-temperature-in-istanbul-on-march-31-2026,missing_quote_pair,0.123371,yes,asymmetric_paired_accumulation,,,,2026-03-29T08:42:00+00:00,buy
9°C,-0.058844,Istanbul,0x026bf1d5ab0fbe78376bd712fad9e535664e647a16700752bee0bbac379aa0e5,highest-temperature-in-istanbul-on-march-31-2026,missing_quote_pair,0.058844,yes,asymmetric_paired_accumulation,,,,2026-03-29T08:42:00+00:00,buy
9°C,-0.224016,Istanbul,0x026bf1d5ab0fbe78376bd712fad9e535664e647a16700752bee0bbac379aa0e5,highest-temperature-in-istanbul-on-march-31-2026,missing_quote_pair,0.224016,yes,asymmetric_paired_accumulation,,,,2026-03-29T08:42:00+00:00,buy
9°C,-0.033985,Istanbul,0x026bf1d5ab0fbe78376bd712fad9e535664e647a16700752bee0bbac379aa0e5,highest-temperature-in-istanbul-on-march-31-2026,missing_quote_pair,0.033985,yes,asymmetric_paired_accumulation,,,,2026-03-29T08:42:00+00:00,buy
9°C,-0.28743,Istanbul,0x026bf1d5ab0fbe78376bd712fad9e535664e647a16700752bee0bbac379aa0e5,highest-temperature-in-istanbul-on-march-31-2026,missing_quote_pair,0.28743,yes,asymmetric_paired_accumulation,,,,2026-03-29T08:42:00+00:00,buy
9°C,-0.048699,Istanbul,0x026bf1d5ab0fbe78376bd712fad9e535664e647a16700752bee0bbac379aa0e5,highest-temperature-in-istanbul-on-march-31-2026,missing_quote_pair,0.048699,yes,asymmetric_paired_accumulation,,,,2026-03-29T08:42:00+00:00,buy
9°C,-24.0,Istanbul,0x026bf1d5ab0fbe78376bd712fad9e535664e647a16700752bee0bbac379aa0e5,highest-temperature-in-istanbul-on-march-31-2026,missing_quote_pair,24.0,no,asymmetric_paired_accumulation,,,,2026-03-29T08:42:00+00:00,buy
9°C,-0.534068,Istanbul,0x026bf1d5ab0fbe78376bd712fad9e535664e647a16700752bee0bbac379aa0e5,highest-temperature-in-istanbul-on-march-31-2026,missing_quote_pair,0.534068,yes,asymmetric_paired_accumulation,,,,2026-03-29T08:42:02+00:00,buy
9°C,-0.053163,Istanbul,0x026bf1d5ab0fbe78376bd712fad9e535664e647a16700752bee0bbac379aa0e5,highest-temperature-in-istanbul-on-march-31-2026,missing_quote_pair,0.053163,yes,asymmetric_paired_accumulation,,,,2026-03-29T08:42:02+00:00,buy
9°C,-0.053569,Istanbul,0x026bf1d5ab0fbe78376bd712fad9e535664e647a16700752bee0bbac379aa0e5,highest-temperature-in-istanbul-on-march-31-2026,missing_quote_pair,0.053569,yes,asymmetric_paired_accumulation,,,,2026-03-29T08:42:02+00:00,buy
9°C,-0.085629,Istanbul,0x026bf1d5ab0fbe78376bd712fad9e535664e647a16700752bee0bbac379aa0e5,highest-temperature-in-istanbul-on-march-31-2026,missing_quote_pair,0.085629,yes,asymmetric_paired_accumulation,,,,2026-03-29T08:42:02+00:00,buy
9°C,-0.321415,Istanbul,0x026bf1d5ab0fbe78376bd712fad9e535664e647a16700752bee0bbac379aa0e5,highest-temperature-in-istanbul-on-march-31-2026,missing_quote_pair,0.321415,yes,asymmetric_paired_accumulation,,,,2026-03-29T08:42:04+00:00,buy
9°C,-0.053163,Istanbul,0x026bf1d5ab0fbe78376bd712fad9e535664e647a16700752bee0bbac379aa0e5,highest-temperature-in-istanbul-on-march-31-2026,missing_quote_pair,0.053163,yes,asymmetric_paired_accumulation,,,,2026-03-29T08:42:04+00:00,buy
9°C,-0.321415,Istanbul,0x026bf1d5ab0fbe78376bd712fad9e535664e647a16700752bee0bbac379aa0e5,highest-temperature-in-istanbul-on-march-31-2026,missing_quote_pair,0.321415,yes,asymmetric_paired_accumulation,,,,2026-03-29T08:42:04+00:00,buy
9°C,-0.534068,Istanbul,0x026bf1d5ab0fbe78376bd712fad9e535664e647a16700752bee0bbac379aa0e5,highest-temperature-in-istanbul-on-march-31-2026,missing_quote_pair,0.534068,yes,asymmetric_paired_accumulation,,,,2026-03-29T08:42:04+00:00,buy
9°C,-0.053163,Istanbul,0x026bf1d5ab0fbe78376bd712fad9e535664e647a16700752bee0bbac379aa0e5,highest-temperature-in-istanbul-on-march-31-2026,missing_quote_pair,0.053163,yes,asymmetric_paired_accumulation,,,,2026-03-29T08:42:06+00:00,buy
9°C,-0.60874,Istanbul,0x026bf1d5ab0fbe78376bd712fad9e535664e647a16700752bee0bbac379aa0e5,highest-temperature-in-istanbul-on-march-31-2026,missing_quote_pair,0.60874,yes,asymmetric_paired_accumulation,,,,2026-03-29T08:42:06+00:00,buy
9°C,-0.534068,Istanbul,0x026bf1d5ab0fbe78376bd712fad9e535664e647a16700752bee0bbac379aa0e5,highest-temperature-in-istanbul-on-march-31-2026,missing_quote_pair,0.534068,yes,asymmetric_paired_accumulation,,,,2026-03-29T08:42:06+00:00,buy
9°C,-0.07254,Istanbul,0x026bf1d5ab0fbe78376bd712fad9e535664e647a16700752bee0bbac379aa0e5,highest-temperature-in-istanbul-on-march-31-2026,missing_quote_pair,0.07254,yes,asymmetric_paired_accumulation,,,,2026-03-29T08:42:08+00:00,buy
9°C,-0.26257,Istanbul,0x026bf1d5ab0fbe78376bd712fad9e535664e647a16700752bee0bbac379aa0e5,highest-temperature-in-istanbul-on-march-31-2026,missing_quote_pair,0.26257,yes,asymmetric_paired_accumulation,,,,2026-03-29T08:42:08+00:00,buy
9°C,-0.374984,Istanbul,0x026bf1d5ab0fbe78376bd712fad9e535664e647a16700752bee0bbac379aa0e5,highest-temperature-in-istanbul-on-march-31-2026,missing_quote_pair,0.374984,yes,asymmetric_paired_accumulation,,,,2026-03-29T08:42:08+00:00,buy
9°C,-7.68,Istanbul,0x026bf1d5ab0fbe78376bd712fad9e535664e647a16700752bee0bbac379aa0e5,highest-temperature-in-istanbul-on-march-31-2026,missing_quote_pair,7.68,no,asymmetric_paired_accumulation,,,,2026-03-29T08:42:12+00:00,buy
9°C,-0.09965,Istanbul,0x026bf1d5ab0fbe78376bd712fad9e535664e647a16700752bee0bbac379aa0e5,highest-temperature-in-istanbul-on-march-31-2026,missing_quote_pair,0.09965,yes,asymmetric_paired_accumulation,,,,2026-03-29T08:42:18+00:00,buy
9°C,-0.195,Istanbul,0x026bf1d5ab0fbe78376bd712fad9e535664e647a16700752bee0bbac379aa0e5,highest-temperature-in-istanbul-on-march-31-2026,missing_quote_pair,0.195,yes,asymmetric_paired_accumulation,,,,2026-03-29T08:42:26+00:00,buy
9°C,-0.78,Istanbul,0x026bf1d5ab0fbe78376bd712fad9e535664e647a16700752bee0bbac379aa0e5,highest-temperature-in-istanbul-on-march-31-2026,missing_quote_pair,0.78,yes,asymmetric_paired_accumulation,,,,2026-03-29T08:42:28+00:00,buy
22°C,-393.498,Tel Aviv,0xa605c17afd9c6781c95b3fa63c22abecac66a569ed06fe119ddfecd237d44219,highest-temperature-in-tel-aviv-on-march-29-2026,missing_quote_pair,393.498,yes,high_prob_bucket_accumulation,,,,2026-03-29T08:56:42+00:00,buy
8°C,-9.3177,Paris,0x6a4b670cc9db62915d93c30e9dc56d55ffb4eeaa2de8051c09377002bc9b1649,highest-temperature-in-paris-on-march-29-2026,missing_quote_pair,9.3177,yes,asymmetric_paired_accumulation,,,,2026-03-29T08:59:00+00:00,buy
8°C,-0.585202,Paris,0x6a4b670cc9db62915d93c30e9dc56d55ffb4eeaa2de8051c09377002bc9b1649,highest-temperature-in-paris-on-march-29-2026,missing_quote_pair,0.585202,yes,asymmetric_paired_accumulation,,,,2026-03-29T08:59:04+00:00,buy
8°C,-0.6084,Paris,0x6a4b670cc9db62915d93c30e9dc56d55ffb4eeaa2de8051c09377002bc9b1649,highest-temperature-in-paris-on-march-29-2026,missing_quote_pair,0.6084,yes,asymmetric_paired_accumulation,,,,2026-03-29T08:59:04+00:00,buy
8°C,-0.507,Paris,0x6a4b670cc9db62915d93c30e9dc56d55ffb4eeaa2de8051c09377002bc9b1649,highest-temperature-in-paris-on-march-29-2026,missing_quote_pair,0.507,yes,asymmetric_paired_accumulation,,,,2026-03-29T08:59:04+00:00,buy
8°C,-26.4,Paris,0x6a4b670cc9db62915d93c30e9dc56d55ffb4eeaa2de8051c09377002bc9b1649,highest-temperature-in-paris-on-march-29-2026,missing_quote_pair,26.4,no,asymmetric_paired_accumulation,,,,2026-03-29T08:59:06+00:00,buy
8°C,-26.4,Paris,0x6a4b670cc9db62915d93c30e9dc56d55ffb4eeaa2de8051c09377002bc9b1649,highest-temperature-in-paris-on-march-29-2026,missing_quote_pair,26.4,no,asymmetric_paired_accumulation,,,,2026-03-29T08:59:08+00:00,buy
8°C,-0.22932,Paris,0x6a4b670cc9db62915d93c30e9dc56d55ffb4eeaa2de8051c09377002bc9b1649,highest-temperature-in-paris-on-march-29-2026,missing_quote_pair,0.22932,yes,asymmetric_paired_accumulation,,,,2026-03-29T08:59:08+00:00,buy
8°C,-0.129837,Paris,0x6a4b670cc9db62915d93c30e9dc56d55ffb4eeaa2de8051c09377002bc9b1649,highest-temperature-in-paris-on-march-29-2026,missing_quote_pair,0.129837,yes,asymmetric_paired_accumulation,,,,2026-03-29T08:59:08+00:00,buy
8°C,-26.4,Paris,0x6a4b670cc9db62915d93c30e9dc56d55ffb4eeaa2de8051c09377002bc9b1649,highest-temperature-in-paris-on-march-29-2026,missing_quote_pair,26.4,no,asymmetric_paired_accumulation,,,,2026-03-29T08:59:08+00:00,buy
8°C,-24.0,Paris,0x6a4b670cc9db62915d93c30e9dc56d55ffb4eeaa2de8051c09377002bc9b1649,highest-temperature-in-paris-on-march-29-2026,missing_quote_pair,24.0,no,asymmetric_paired_accumulation,,,,2026-03-29T08:59:08+00:00,buy
8°C,-0.053569,Paris,0x6a4b670cc9db62915d93c30e9dc56d55ffb4eeaa2de8051c09377002bc9b1649,highest-temperature-in-paris-on-march-29-2026,missing_quote_pair,0.053569,yes,asymmetric_paired_accumulation,,,,2026-03-29T08:59:10+00:00,buy
8°C,-0.053569,Paris,0x6a4b670cc9db62915d93c30e9dc56d55ffb4eeaa2de8051c09377002bc9b1649,highest-temperature-in-paris-on-march-29-2026,missing_quote_pair,0.053569,yes,asymmetric_paired_accumulation,,,,2026-03-29T08:59:10+00:00,buy
8°C,-0.374984,Paris,0x6a4b670cc9db62915d93c30e9dc56d55ffb4eeaa2de8051c09377002bc9b1649,highest-temperature-in-paris-on-march-29-2026,missing_quote_pair,0.374984,yes,asymmetric_paired_accumulation,,,,2026-03-29T08:59:10+00:00,buy
8°C,-0.202913,Paris,0x6a4b670cc9db62915d93c30e9dc56d55ffb4eeaa2de8051c09377002bc9b1649,highest-temperature-in-paris-on-march-29-2026,missing_quote_pair,0.202913,yes,asymmetric_paired_accumulation,,,,2026-03-29T08:59:10+00:00,buy
8°C,-0.053569,Paris,0x6a4b670cc9db62915d93c30e9dc56d55ffb4eeaa2de8051c09377002bc9b1649,highest-temperature-in-paris-on-march-29-2026,missing_quote_pair,0.053569,yes,asymmetric_paired_accumulation,,,,2026-03-29T08:59:10+00:00,buy
8°C,-24.0,Paris,0x6a4b670cc9db62915d93c30e9dc56d55ffb4eeaa2de8051c09377002bc9b1649,highest-temperature-in-paris-on-march-29-2026,missing_quote_pair,24.0,no,asymmetric_paired_accumulation,,,,2026-03-29T08:59:12+00:00,buy
8°C,-0.08697,Paris,0x6a4b670cc9db62915d93c30e9dc56d55ffb4eeaa2de8051c09377002bc9b1649,highest-temperature-in-paris-on-march-29-2026,missing_quote_pair,0.08697,yes,asymmetric_paired_accumulation,,,,2026-03-29T08:59:12+00:00,buy
8°C,-0.1756,Paris,0x6a4b670cc9db62915d93c30e9dc56d55ffb4eeaa2de8051c09377002bc9b1649,highest-temperature-in-paris-on-march-29-2026,missing_quote_pair,0.1756,yes,asymmetric_paired_accumulation,,,,2026-03-29T08:59:12+00:00,buy
8°C,-0.048699,Paris,0x6a4b670cc9db62915d93c30e9dc56d55ffb4eeaa2de8051c09377002bc9b1649,highest-temperature-in-paris-on-march-29-2026,missing_quote_pair,0.048699,yes,asymmetric_paired_accumulation,,,,2026-03-29T08:59:12+00:00,buy
8°C,-0.07215,Paris,0x6a4b670cc9db62915d93c30e9dc56d55ffb4eeaa2de8051c09377002bc9b1649,highest-temperature-in-paris-on-march-29-2026,missing_quote_pair,0.07215,yes,asymmetric_paired_accumulation,,,,2026-03-29T08:59:12+00:00,buy
8°C,-0.302834,Paris,0x6a4b670cc9db62915d93c30e9dc56d55ffb4eeaa2de8051c09377002bc9b1649,highest-temperature-in-paris-on-march-29-2026,missing_quote_pair,0.302834,yes,asymmetric_paired_accumulation,,,,2026-03-29T08:59:12+00:00,buy
8°C,-0.048699,Paris,0x6a4b670cc9db62915d93c30e9dc56d55ffb4eeaa2de8051c09377002bc9b1649,highest-temperature-in-paris-on-march-29-2026,missing_quote_pair,0.048699,yes,asymmetric_paired_accumulation,,,,2026-03-29T08:59:14+00:00,buy
8°C,-0.17979,Paris,0x6a4b670cc9db62915d93c30e9dc56d55ffb4eeaa2de8051c09377002bc9b1649,highest-temperature-in-paris-on-march-29-2026,missing_quote_pair,0.17979,yes,asymmetric_paired_accumulation,,,,2026-03-29T08:59:14+00:00,buy
8°C,-0.169221,Paris,0x6a4b670cc9db62915d93c30e9dc56d55ffb4eeaa2de8051c09377002bc9b1649,highest-temperature-in-paris-on-march-29-2026,missing_quote_pair,0.169221,yes,asymmetric_paired_accumulation,,,,2026-03-29T08:59:14+00:00,buy
8°C,-0.048699,Paris,0x6a4b670cc9db62915d93c30e9dc56d55ffb4eeaa2de8051c09377002bc9b1649,highest-temperature-in-paris-on-march-29-2026,missing_quote_pair,0.048699,yes,asymmetric_paired_accumulation,,,,2026-03-29T08:59:14+00:00,buy
8°C,-0.053569,Paris,0x6a4b670cc9db62915d93c30e9dc56d55ffb4eeaa2de8051c09377002bc9b1649,highest-temperature-in-paris-on-march-29-2026,missing_quote_pair,0.053569,yes,asymmetric_paired_accumulation,,,,2026-03-29T08:59:14+00:00,buy
8°C,-0.321415,Paris,0x6a4b670cc9db62915d93c30e9dc56d55ffb4eeaa2de8051c09377002bc9b1649,highest-temperature-in-paris-on-march-29-2026,missing_quote_pair,0.321415,yes,asymmetric_paired_accumulation,,,,2026-03-29T08:59:14+00:00,buy
8°C,-0.053569,Paris,0x6a4b670cc9db62915d93c30e9dc56d55ffb4eeaa2de8051c09377002bc9b1649,highest-temperature-in-paris-on-march-29-2026,missing_quote_pair,0.053569,yes,asymmetric_paired_accumulation,,,,2026-03-29T08:59:14+00:00,buy
8°C,-0.21567,Paris,0x6a4b670cc9db62915d93c30e9dc56d55ffb4eeaa2de8051c09377002bc9b1649,highest-temperature-in-paris-on-march-29-2026,missing_quote_pair,0.21567,yes,asymmetric_paired_accumulation,,,,2026-03-29T08:59:16+00:00,buy
8°C,-0.159314,Paris,0x6a4b670cc9db62915d93c30e9dc56d55ffb4eeaa2de8051c09377002bc9b1649,highest-temperature-in-paris-on-march-29-2026,missing_quote_pair,0.159314,yes,asymmetric_paired_accumulation,,,,2026-03-29T08:59:16+00:00,buy
8°C,-0.292195,Paris,0x6a4b670cc9db62915d93c30e9dc56d55ffb4eeaa2de8051c09377002bc9b1649,highest-temperature-in-paris-on-march-29-2026,missing_quote_pair,0.292195,yes,asymmetric_paired_accumulation,,,,2026-03-29T08:59:16+00:00,buy
8°C,-0.321415,Paris,0x6a4b670cc9db62915d93c30e9dc56d55ffb4eeaa2de8051c09377002bc9b1649,highest-temperature-in-paris-on-march-29-2026,missing_quote_pair,0.321415,yes,asymmetric_paired_accumulation,,,,2026-03-29T08:59:16+00:00,buy
8°C,-0.292195,Paris,0x6a4b670cc9db62915d93c30e9dc56d55ffb4eeaa2de8051c09377002bc9b1649,highest-temperature-in-paris-on-march-29-2026,missing_quote_pair,0.292195,yes,asymmetric_paired_accumulation,,,,2026-03-29T08:59:20+00:00,buy
8°C,-1.44,Paris,0x6a4b670cc9db62915d93c30e9dc56d55ffb4eeaa2de8051c09377002bc9b1649,highest-temperature-in-paris-on-march-29-2026,missing_quote_pair,1.44,no,asymmetric_paired_accumulation,,,,2026-03-29T08:59:34+00:00,buy
8°C,-1.4976,Paris,0x6a4b670cc9db62915d93c30e9dc56d55ffb4eeaa2de8051c09377002bc9b1649,highest-temperature-in-paris-on-march-29-2026,missing_quote_pair,1.4976,no,asymmetric_paired_accumulation,,,,2026-03-29T08:59:34+00:00,buy
8°C,-1.248,Paris,0x6a4b670cc9db62915d93c30e9dc56d55ffb4eeaa2de8051c09377002bc9b1649,highest-temperature-in-paris-on-march-29-2026,missing_quote_pair,1.248,no,asymmetric_paired_accumulation,,,,2026-03-29T08:59:34+00:00,buy
8°C,-0.00624,Paris,0x6a4b670cc9db62915d93c30e9dc56d55ffb4eeaa2de8051c09377002bc9b1649,highest-temperature-in-paris-on-march-29-2026,missing_quote_pair,0.00624,yes,asymmetric_paired_accumulation,,,,2026-03-29T08:59:34+00:00,buy
8°C,-7.68,Paris,0x6a4b670cc9db62915d93c30e9dc56d55ffb4eeaa2de8051c09377002bc9b1649,highest-temperature-in-paris-on-march-29-2026,missing_quote_pair,7.68,no,asymmetric_paired_accumulation,,,,2026-03-29T08:59:34+00:00,buy
8°C,-441.73332,Paris,0x6a4b670cc9db62915d93c30e9dc56d55ffb4eeaa2de8051c09377002bc9b1649,highest-temperature-in-paris-on-march-29-2026,missing_quote_pair,441.73332,no,asymmetric_paired_accumulation,,,,2026-03-29T09:00:18+00:00,buy
