bucket_label,candidate_playbook,candidate_rejection_reasons,city,condition_id,covered,event_slug,match_condition_side,match_playbook,match_reason,outcome,price,public_playbook,side,size,timestamp_utc,trade_type
74-75°F,,[],Dallas,0xb3dc595dae7ba69db03a07bde0fb3fff568c7025feafa5f75eef9bb2a7b9b16e,True,highest-temperature-in-dallas-on-april-1-2026,False,False,missing_quote_pair,no,0.93,paired_under_par,buy,4.96811,2026-03-28T14:30:25+00:00,buy
74-75°F,,[],Dallas,0xb3dc595dae7ba69db03a07bde0fb3fff568c7025feafa5f75eef9bb2a7b9b16e,True,highest-temperature-in-dallas-on-april-1-2026,False,False,missing_quote_pair,yes,0.07000000930010221,paired_under_par,buy,1.075257,2026-03-28T14:30:27+00:00,buy
74-75°F,,[],Dallas,0xb3dc595dae7ba69db03a07bde0fb3fff568c7025feafa5f75eef9bb2a7b9b16e,True,highest-temperature-in-dallas-on-april-1-2026,False,False,missing_quote_pair,yes,0.0700000430557529,paired_under_par,buy,1.161285,2026-03-28T14:30:27+00:00,buy
74-75°F,,[],Dallas,0xb3dc595dae7ba69db03a07bde0fb3fff568c7025feafa5f75eef9bb2a7b9b16e,True,highest-temperature-in-dallas-on-april-1-2026,False,False,missing_quote_pair,yes,0.07000001116000433,paired_under_par,buy,5.376342,2026-03-28T14:30:27+00:00,buy
74-75°F,,[],Dallas,0xb3dc595dae7ba69db03a07bde0fb3fff568c7025feafa5f75eef9bb2a7b9b16e,True,highest-temperature-in-dallas-on-april-1-2026,False,False,missing_quote_pair,yes,0.0700000211364208,paired_under_par,buy,2.365585,2026-03-28T14:30:27+00:00,buy
74-75°F,,[],Dallas,0xb3dc595dae7ba69db03a07bde0fb3fff568c7025feafa5f75eef9bb2a7b9b16e,True,highest-temperature-in-dallas-on-april-1-2026,False,False,missing_quote_pair,yes,0.07000001116000433,paired_under_par,buy,5.376342,2026-03-28T14:30:27+00:00,buy
74-75°F,,[],Dallas,0xb3dc595dae7ba69db03a07bde0fb3fff568c7025feafa5f75eef9bb2a7b9b16e,True,highest-temperature-in-dallas-on-april-1-2026,False,False,missing_quote_pair,yes,0.07000004227310966,paired_under_par,buy,1.182785,2026-03-28T14:30:27+00:00,buy
74-75°F,,[],Dallas,0xb3dc595dae7ba69db03a07bde0fb3fff568c7025feafa5f75eef9bb2a7b9b16e,True,highest-temperature-in-dallas-on-april-1-2026,False,False,missing_quote_pair,yes,0.07000004227310966,paired_under_par,buy,1.182785,2026-03-28T14:30:27+00:00,buy
74-75°F,,[],Dallas,0xb3dc595dae7ba69db03a07bde0fb3fff568c7025feafa5f75eef9bb2a7b9b16e,True,highest-temperature-in-dallas-on-april-1-2026,False,False,missing_quote_pair,yes,0.07000000206666782,paired_under_par,buy,19.354828,2026-03-28T14:30:27+00:00,buy
74-75°F,,[],Dallas,0xb3dc595dae7ba69db03a07bde0fb3fff568c7025feafa5f75eef9bb2a7b9b16e,True,highest-temperature-in-dallas-on-april-1-2026,False,False,missing_quote_pair,yes,0.07000000801727241,paired_under_par,buy,2.494614,2026-03-28T14:30:27+00:00,buy
74-75°F,,[],Dallas,0xb3dc595dae7ba69db03a07bde0fb3fff568c7025feafa5f75eef9bb2a7b9b16e,True,highest-temperature-in-dallas-on-april-1-2026,False,False,missing_quote_pair,yes,0.07000000575852103,paired_under_par,buy,3.473114,2026-03-28T14:30:29+00:00,buy
74-75°F,,[],Dallas,0xb3dc595dae7ba69db03a07bde0fb3fff568c7025feafa5f75eef9bb2a7b9b16e,True,highest-temperature-in-dallas-on-april-1-2026,False,False,missing_quote_pair,yes,0.07000000808697052,paired_under_par,buy,1.236557,2026-03-28T14:30:29+00:00,buy
74-75°F,,[],Dallas,0xb3dc595dae7ba69db03a07bde0fb3fff568c7025feafa5f75eef9bb2a7b9b16e,True,highest-temperature-in-dallas-on-april-1-2026,False,False,missing_quote_pair,yes,0.0700000093561386,paired_under_par,buy,5.344085,2026-03-28T14:30:31+00:00,buy
74-75°F,,[],Dallas,0xb3dc595dae7ba69db03a07bde0fb3fff568c7025feafa5f75eef9bb2a7b9b16e,True,highest-temperature-in-dallas-on-april-1-2026,False,False,missing_quote_pair,yes,0.07,paired_under_par,buy,1.0272,2026-03-28T14:30:43+00:00,buy
74-75°F,,[],Dallas,0xb3dc595dae7ba69db03a07bde0fb3fff568c7025feafa5f75eef9bb2a7b9b16e,True,highest-temperature-in-dallas-on-april-1-2026,False,False,missing_quote_pair,yes,0.07000000930010221,paired_under_par,buy,1.075257,2026-03-28T14:30:43+00:00,buy
74-75°F,,[],Dallas,0xb3dc595dae7ba69db03a07bde0fb3fff568c7025feafa5f75eef9bb2a7b9b16e,True,highest-temperature-in-dallas-on-april-1-2026,False,False,missing_quote_pair,no,0.92,paired_under_par,buy,5.0,2026-03-28T14:30:47+00:00,buy
74-75°F,,[],Dallas,0xb3dc595dae7ba69db03a07bde0fb3fff568c7025feafa5f75eef9bb2a7b9b16e,True,highest-temperature-in-dallas-on-april-1-2026,False,False,missing_quote_pair,yes,0.0700000035703358,paired_under_par,buy,11.203428,2026-03-28T14:30:47+00:00,buy
74-75°F,,[],Dallas,0xb3dc595dae7ba69db03a07bde0fb3fff568c7025feafa5f75eef9bb2a7b9b16e,True,highest-temperature-in-dallas-on-april-1-2026,False,False,missing_quote_pair,yes,0.07000004227310966,paired_under_par,buy,1.182785,2026-03-28T14:30:49+00:00,buy
74-75°F,,[],Dallas,0xb3dc595dae7ba69db03a07bde0fb3fff568c7025feafa5f75eef9bb2a7b9b16e,True,highest-temperature-in-dallas-on-april-1-2026,False,False,missing_quote_pair,yes,0.07000001116000433,paired_under_par,buy,5.376342,2026-03-28T14:30:49+00:00,buy
74-75°F,,[],Dallas,0xb3dc595dae7ba69db03a07bde0fb3fff568c7025feafa5f75eef9bb2a7b9b16e,True,highest-temperature-in-dallas-on-april-1-2026,False,False,missing_quote_pair,yes,0.07000001116000433,paired_under_par,buy,5.376342,2026-03-28T14:30:49+00:00,buy
74-75°F,,[],Dallas,0xb3dc595dae7ba69db03a07bde0fb3fff568c7025feafa5f75eef9bb2a7b9b16e,True,highest-temperature-in-dallas-on-april-1-2026,False,False,missing_quote_pair,yes,0.07000001116000433,paired_under_par,buy,5.376342,2026-03-28T14:30:49+00:00,buy
74-75°F,,[],Dallas,0xb3dc595dae7ba69db03a07bde0fb3fff568c7025feafa5f75eef9bb2a7b9b16e,True,highest-temperature-in-dallas-on-april-1-2026,False,False,missing_quote_pair,yes,0.07000000808697052,paired_under_par,buy,4.946228,2026-03-28T14:30:49+00:00,buy
74-75°F,,[],Dallas,0xb3dc595dae7ba69db03a07bde0fb3fff568c7025feafa5f75eef9bb2a7b9b16e,True,highest-temperature-in-dallas-on-april-1-2026,False,False,missing_quote_pair,yes,0.07000000290625272,paired_under_par,buy,3.440857,2026-03-28T14:30:51+00:00,buy
74-75°F,,[],Dallas,0xb3dc595dae7ba69db03a07bde0fb3fff568c7025feafa5f75eef9bb2a7b9b16e,True,highest-temperature-in-dallas-on-april-1-2026,False,False,missing_quote_pair,no,0.92,paired_under_par,buy,5.0,2026-03-28T14:30:53+00:00,buy
74-75°F,,[],Dallas,0xb3dc595dae7ba69db03a07bde0fb3fff568c7025feafa5f75eef9bb2a7b9b16e,True,highest-temperature-in-dallas-on-april-1-2026,False,False,missing_quote_pair,yes,0.07,paired_under_par,buy,9.9273,2026-03-28T14:30:53+00:00,buy
74-75°F,,[],Dallas,0xb3dc595dae7ba69db03a07bde0fb3fff568c7025feafa5f75eef9bb2a7b9b16e,True,highest-temperature-in-dallas-on-april-1-2026,False,False,missing_quote_pair,yes,0.07000001116000433,paired_under_par,buy,5.376342,2026-03-28T14:30:55+00:00,buy
74-75°F,,[],Dallas,0xb3dc595dae7ba69db03a07bde0fb3fff568c7025feafa5f75eef9bb2a7b9b16e,True,highest-temperature-in-dallas-on-april-1-2026,False,False,missing_quote_pair,yes,0.07000000808697052,paired_under_par,buy,4.946228,2026-03-28T14:30:55+00:00,buy
74-75°F,,[],Dallas,0xb3dc595dae7ba69db03a07bde0fb3fff568c7025feafa5f75eef9bb2a7b9b16e,True,highest-temperature-in-dallas-on-april-1-2026,False,False,missing_quote_pair,yes,0.07000004227310966,paired_under_par,buy,1.182785,2026-03-28T14:30:55+00:00,buy
74-75°F,,[],Dallas,0xb3dc595dae7ba69db03a07bde0fb3fff568c7025feafa5f75eef9bb2a7b9b16e,True,highest-temperature-in-dallas-on-april-1-2026,False,False,missing_quote_pair,yes,0.07000000290625272,paired_under_par,buy,3.440857,2026-03-28T14:30:57+00:00,buy
74-75°F,,[],Dallas,0xb3dc595dae7ba69db03a07bde0fb3fff568c7025feafa5f75eef9bb2a7b9b16e,True,highest-temperature-in-dallas-on-april-1-2026,False,False,missing_quote_pair,no,0.92,paired_under_par,buy,5.0,2026-03-28T14:30:57+00:00,buy
74-75°F,,[],Dallas,0xb3dc595dae7ba69db03a07bde0fb3fff568c7025feafa5f75eef9bb2a7b9b16e,True,highest-temperature-in-dallas-on-april-1-2026,False,False,missing_quote_pair,yes,0.07000001116000433,paired_under_par,buy,5.376342,2026-03-28T14:30:59+00:00,buy
74-75°F,,[],Dallas,0xb3dc595dae7ba69db03a07bde0fb3fff568c7025feafa5f75eef9bb2a7b9b16e,True,highest-temperature-in-dallas-on-april-1-2026,False,False,missing_quote_pair,yes,0.07000001116000433,paired_under_par,buy,5.376342,2026-03-28T14:30:59+00:00,buy
74-75°F,,[],Dallas,0xb3dc595dae7ba69db03a07bde0fb3fff568c7025feafa5f75eef9bb2a7b9b16e,True,highest-temperature-in-dallas-on-april-1-2026,False,False,missing_quote_pair,yes,0.07000001116000433,paired_under_par,buy,5.376342,2026-03-28T14:30:59+00:00,buy
74-75°F,,[],Dallas,0xb3dc595dae7ba69db03a07bde0fb3fff568c7025feafa5f75eef9bb2a7b9b16e,True,highest-temperature-in-dallas-on-april-1-2026,False,False,missing_quote_pair,yes,0.07000000808697052,paired_under_par,buy,4.946228,2026-03-28T14:30:59+00:00,buy
74-75°F,,[],Dallas,0xb3dc595dae7ba69db03a07bde0fb3fff568c7025feafa5f75eef9bb2a7b9b16e,True,highest-temperature-in-dallas-on-april-1-2026,False,False,missing_quote_pair,yes,0.07000004227310966,paired_under_par,buy,1.182785,2026-03-28T14:30:59+00:00,buy
74-75°F,,[],Dallas,0xb3dc595dae7ba69db03a07bde0fb3fff568c7025feafa5f75eef9bb2a7b9b16e,True,highest-temperature-in-dallas-on-april-1-2026,False,False,missing_quote_pair,yes,0.07000000930010221,paired_under_par,buy,1.075257,2026-03-28T14:30:59+00:00,buy
74-75°F,,[],Dallas,0xb3dc595dae7ba69db03a07bde0fb3fff568c7025feafa5f75eef9bb2a7b9b16e,True,highest-temperature-in-dallas-on-april-1-2026,False,False,missing_quote_pair,yes,0.07000000290625272,paired_under_par,buy,3.440857,2026-03-28T14:31:01+00:00,buy
74-75°F,,[],Dallas,0xb3dc595dae7ba69db03a07bde0fb3fff568c7025feafa5f75eef9bb2a7b9b16e,True,highest-temperature-in-dallas-on-april-1-2026,False,False,missing_quote_pair,yes,0.07000000930010221,paired_under_par,buy,1.075257,2026-03-28T14:31:03+00:00,buy
74-75°F,,[],Dallas,0xb3dc595dae7ba69db03a07bde0fb3fff568c7025feafa5f75eef9bb2a7b9b16e,True,highest-temperature-in-dallas-on-april-1-2026,False,False,missing_quote_pair,yes,0.07000001860008333,paired_under_par,buy,2.150528,2026-03-28T14:31:05+00:00,buy
74-75°F,,[],Dallas,0xb3dc595dae7ba69db03a07bde0fb3fff568c7025feafa5f75eef9bb2a7b9b16e,True,highest-temperature-in-dallas-on-april-1-2026,False,False,missing_quote_pair,yes,0.07000001805846247,paired_under_par,buy,1.107514,2026-03-28T14:31:09+00:00,buy
74-75°F,,[],Dallas,0xb3dc595dae7ba69db03a07bde0fb3fff568c7025feafa5f75eef9bb2a7b9b16e,True,highest-temperature-in-dallas-on-april-1-2026,False,False,missing_quote_pair,yes,0.0700000211364208,paired_under_par,buy,2.365585,2026-03-28T14:31:09+00:00,buy
74-75°F,,[],Dallas,0xb3dc595dae7ba69db03a07bde0fb3fff568c7025feafa5f75eef9bb2a7b9b16e,True,highest-temperature-in-dallas-on-april-1-2026,False,False,missing_quote_pair,no,0.92,paired_under_par,buy,1.12,2026-03-28T14:31:09+00:00,buy
74-75°F,,[],Dallas,0xb3dc595dae7ba69db03a07bde0fb3fff568c7025feafa5f75eef9bb2a7b9b16e,True,highest-temperature-in-dallas-on-april-1-2026,False,False,missing_quote_pair,yes,0.07000004227310966,paired_under_par,buy,1.182785,2026-03-28T14:31:09+00:00,buy
74-75°F,,[],Dallas,0xb3dc595dae7ba69db03a07bde0fb3fff568c7025feafa5f75eef9bb2a7b9b16e,True,highest-temperature-in-dallas-on-april-1-2026,False,False,missing_quote_pair,yes,0.07000000930010221,paired_under_par,buy,1.075257,2026-03-28T14:31:11+00:00,buy
74-75°F,,[],Dallas,0xb3dc595dae7ba69db03a07bde0fb3fff568c7025feafa5f75eef9bb2a7b9b16e,True,highest-temperature-in-dallas-on-april-1-2026,False,False,missing_quote_pair,yes,0.07000004292330607,paired_under_par,buy,1.397842,2026-03-28T14:31:17+00:00,buy
74-75°F,,[],Dallas,0xb3dc595dae7ba69db03a07bde0fb3fff568c7025feafa5f75eef9bb2a7b9b16e,True,highest-temperature-in-dallas-on-april-1-2026,False,False,missing_quote_pair,yes,0.07000000930010221,paired_under_par,buy,1.075257,2026-03-28T14:31:17+00:00,buy
74-75°F,,[],Dallas,0xb3dc595dae7ba69db03a07bde0fb3fff568c7025feafa5f75eef9bb2a7b9b16e,True,highest-temperature-in-dallas-on-april-1-2026,False,False,missing_quote_pair,yes,0.07000004292330607,paired_under_par,buy,1.397842,2026-03-28T14:31:25+00:00,buy
74-75°F,,[],Dallas,0xb3dc595dae7ba69db03a07bde0fb3fff568c7025feafa5f75eef9bb2a7b9b16e,True,highest-temperature-in-dallas-on-april-1-2026,False,False,missing_quote_pair,yes,0.07000004292330607,paired_under_par,buy,1.397842,2026-03-28T14:31:37+00:00,buy
74-75°F,,[],Dallas,0xb3dc595dae7ba69db03a07bde0fb3fff568c7025feafa5f75eef9bb2a7b9b16e,True,highest-temperature-in-dallas-on-april-1-2026,False,False,missing_quote_pair,no,0.92,paired_under_par,buy,3.88,2026-03-28T14:31:57+00:00,buy
76-77°F,,[],Dallas,0x6d0d4f92ce29ccae6f9e43ab4a7876cd048496c4f331d3310765df88f2626de9,True,highest-temperature-in-dallas-on-april-1-2026,False,False,missing_quote_pair,no,0.86,asymmetric_paired_accumulation,buy,6.661709999999999,2026-03-28T14:32:27+00:00,buy
76-77°F,,[],Dallas,0x6d0d4f92ce29ccae6f9e43ab4a7876cd048496c4f331d3310765df88f2626de9,True,highest-temperature-in-dallas-on-april-1-2026,False,False,missing_quote_pair,yes,0.08,asymmetric_paired_accumulation,buy,3.130425,2026-03-28T14:32:29+00:00,buy
76-77°F,,[],Dallas,0x6d0d4f92ce29ccae6f9e43ab4a7876cd048496c4f331d3310765df88f2626de9,True,highest-temperature-in-dallas-on-april-1-2026,False,False,missing_quote_pair,yes,0.08,asymmetric_paired_accumulation,buy,5.434775,2026-03-28T14:32:29+00:00,buy
76-77°F,,[],Dallas,0x6d0d4f92ce29ccae6f9e43ab4a7876cd048496c4f331d3310765df88f2626de9,True,highest-temperature-in-dallas-on-april-1-2026,False,False,missing_quote_pair,yes,0.08,asymmetric_paired_accumulation,buy,1.08695,2026-03-28T14:32:29+00:00,buy
76-77°F,,[],Dallas,0x6d0d4f92ce29ccae6f9e43ab4a7876cd048496c4f331d3310765df88f2626de9,True,highest-temperature-in-dallas-on-april-1-2026,False,False,missing_quote_pair,yes,0.08000000917707557,asymmetric_paired_accumulation,buy,4.358687,2026-03-28T14:32:31+00:00,buy
76-77°F,,[],Dallas,0x6d0d4f92ce29ccae6f9e43ab4a7876cd048496c4f331d3310765df88f2626de9,True,highest-temperature-in-dallas-on-april-1-2026,False,False,missing_quote_pair,yes,0.08,asymmetric_paired_accumulation,buy,1.239125,2026-03-28T14:32:31+00:00,buy
76-77°F,,[],Dallas,0x6d0d4f92ce29ccae6f9e43ab4a7876cd048496c4f331d3310765df88f2626de9,True,highest-temperature-in-dallas-on-april-1-2026,False,False,missing_quote_pair,yes,0.08,asymmetric_paired_accumulation,buy,3.293475,2026-03-28T14:32:35+00:00,buy
76-77°F,,[],Dallas,0x6d0d4f92ce29ccae6f9e43ab4a7876cd048496c4f331d3310765df88f2626de9,True,highest-temperature-in-dallas-on-april-1-2026,False,False,missing_quote_pair,yes,0.08,asymmetric_paired_accumulation,buy,5.0,2026-03-28T14:32:35+00:00,buy
76-77°F,,[],Dallas,0x6d0d4f92ce29ccae6f9e43ab4a7876cd048496c4f331d3310765df88f2626de9,True,highest-temperature-in-dallas-on-april-1-2026,False,False,missing_quote_pair,yes,0.08,asymmetric_paired_accumulation,buy,1.097825,2026-03-28T14:32:35+00:00,buy
76-77°F,,[],Dallas,0x6d0d4f92ce29ccae6f9e43ab4a7876cd048496c4f331d3310765df88f2626de9,True,highest-temperature-in-dallas-on-april-1-2026,False,False,missing_quote_pair,yes,0.08,asymmetric_paired_accumulation,buy,1.097825,2026-03-28T14:32:35+00:00,buy
76-77°F,,[],Dallas,0x6d0d4f92ce29ccae6f9e43ab4a7876cd048496c4f331d3310765df88f2626de9,True,highest-temperature-in-dallas-on-april-1-2026,False,False,missing_quote_pair,yes,0.08,asymmetric_paired_accumulation,buy,2.69565,2026-03-28T14:32:35+00:00,buy
76-77°F,,[],Dallas,0x6d0d4f92ce29ccae6f9e43ab4a7876cd048496c4f331d3310765df88f2626de9,True,highest-temperature-in-dallas-on-april-1-2026,False,False,missing_quote_pair,yes,0.08,asymmetric_paired_accumulation,buy,1.630425,2026-03-28T14:32:35+00:00,buy
76-77°F,,[],Dallas,0x6d0d4f92ce29ccae6f9e43ab4a7876cd048496c4f331d3310765df88f2626de9,True,highest-temperature-in-dallas-on-april-1-2026,False,False,missing_quote_pair,no,0.9100000810000081,asymmetric_paired_accumulation,buy,11.11111,2026-03-28T14:32:35+00:00,buy
76-77°F,,[],Dallas,0x6d0d4f92ce29ccae6f9e43ab4a7876cd048496c4f331d3310765df88f2626de9,True,highest-temperature-in-dallas-on-april-1-2026,False,False,missing_quote_pair,yes,0.08,asymmetric_paired_accumulation,buy,1.097825,2026-03-28T14:32:35+00:00,buy
76-77°F,,[],Dallas,0x6d0d4f92ce29ccae6f9e43ab4a7876cd048496c4f331d3310765df88f2626de9,True,highest-temperature-in-dallas-on-april-1-2026,False,False,missing_quote_pair,yes,0.08,asymmetric_paired_accumulation,buy,1.097825,2026-03-28T14:32:35+00:00,buy
76-77°F,,[],Dallas,0x6d0d4f92ce29ccae6f9e43ab4a7876cd048496c4f331d3310765df88f2626de9,True,highest-temperature-in-dallas-on-april-1-2026,False,False,missing_quote_pair,yes,0.08,asymmetric_paired_accumulation,buy,1.19565,2026-03-28T14:32:35+00:00,buy
76-77°F,,[],Dallas,0x6d0d4f92ce29ccae6f9e43ab4a7876cd048496c4f331d3310765df88f2626de9,True,highest-temperature-in-dallas-on-april-1-2026,False,False,missing_quote_pair,yes,0.08,asymmetric_paired_accumulation,buy,3.847825,2026-03-28T14:32:35+00:00,buy
76-77°F,,[],Dallas,0x6d0d4f92ce29ccae6f9e43ab4a7876cd048496c4f331d3310765df88f2626de9,True,highest-temperature-in-dallas-on-april-1-2026,False,False,missing_quote_pair,yes,0.08,asymmetric_paired_accumulation,buy,1.097825,2026-03-28T14:32:35+00:00,buy
76-77°F,,[],Dallas,0x6d0d4f92ce29ccae6f9e43ab4a7876cd048496c4f331d3310765df88f2626de9,True,highest-temperature-in-dallas-on-april-1-2026,False,False,missing_quote_pair,yes,0.08,asymmetric_paired_accumulation,buy,1.08695,2026-03-28T14:32:37+00:00,buy
76-77°F,,[],Dallas,0x6d0d4f92ce29ccae6f9e43ab4a7876cd048496c4f331d3310765df88f2626de9,True,highest-temperature-in-dallas-on-april-1-2026,False,False,missing_quote_pair,yes,0.08,asymmetric_paired_accumulation,buy,1.08695,2026-03-28T14:32:37+00:00,buy
76-77°F,,[],Dallas,0x6d0d4f92ce29ccae6f9e43ab4a7876cd048496c4f331d3310765df88f2626de9,True,highest-temperature-in-dallas-on-april-1-2026,False,False,missing_quote_pair,no,0.91,asymmetric_paired_accumulation,buy,2.3,2026-03-28T14:32:37+00:00,buy
76-77°F,,[],Dallas,0x6d0d4f92ce29ccae6f9e43ab4a7876cd048496c4f331d3310765df88f2626de9,True,highest-temperature-in-dallas-on-april-1-2026,False,False,missing_quote_pair,no,0.9100001021437708,asymmetric_paired_accumulation,buy,8.81111,2026-03-28T14:32:37+00:00,buy
76-77°F,,[],Dallas,0x6d0d4f92ce29ccae6f9e43ab4a7876cd048496c4f331d3310765df88f2626de9,True,highest-temperature-in-dallas-on-april-1-2026,False,False,missing_quote_pair,yes,0.08,asymmetric_paired_accumulation,buy,1.293475,2026-03-28T14:32:37+00:00,buy
76-77°F,,[],Dallas,0x6d0d4f92ce29ccae6f9e43ab4a7876cd048496c4f331d3310765df88f2626de9,True,highest-temperature-in-dallas-on-april-1-2026,False,False,missing_quote_pair,yes,0.08,asymmetric_paired_accumulation,buy,5.489125,2026-03-28T14:32:37+00:00,buy
76-77°F,,[],Dallas,0x6d0d4f92ce29ccae6f9e43ab4a7876cd048496c4f331d3310765df88f2626de9,True,highest-temperature-in-dallas-on-april-1-2026,False,False,missing_quote_pair,yes,0.08,asymmetric_paired_accumulation,buy,1.08695,2026-03-28T14:32:37+00:00,buy
76-77°F,,[],Dallas,0x6d0d4f92ce29ccae6f9e43ab4a7876cd048496c4f331d3310765df88f2626de9,True,highest-temperature-in-dallas-on-april-1-2026,False,False,missing_quote_pair,yes,0.08,asymmetric_paired_accumulation,buy,4.347825,2026-03-28T14:32:39+00:00,buy
76-77°F,,[],Dallas,0x6d0d4f92ce29ccae6f9e43ab4a7876cd048496c4f331d3310765df88f2626de9,True,highest-temperature-in-dallas-on-april-1-2026,False,False,missing_quote_pair,yes,0.08000001840000884,asymmetric_paired_accumulation,buy,2.173912,2026-03-28T14:32:39+00:00,buy
76-77°F,,[],Dallas,0x6d0d4f92ce29ccae6f9e43ab4a7876cd048496c4f331d3310765df88f2626de9,True,highest-temperature-in-dallas-on-april-1-2026,False,False,missing_quote_pair,yes,0.08,asymmetric_paired_accumulation,buy,1.19565,2026-03-28T14:32:39+00:00,buy
76-77°F,,[],Dallas,0x6d0d4f92ce29ccae6f9e43ab4a7876cd048496c4f331d3310765df88f2626de9,True,highest-temperature-in-dallas-on-april-1-2026,False,False,missing_quote_pair,yes,0.08,asymmetric_paired_accumulation,buy,7.6413,2026-03-28T14:32:39+00:00,buy
76-77°F,,[],Dallas,0x6d0d4f92ce29ccae6f9e43ab4a7876cd048496c4f331d3310765df88f2626de9,True,highest-temperature-in-dallas-on-april-1-2026,False,False,missing_quote_pair,yes,0.08000002830782209,asymmetric_paired_accumulation,buy,1.413037,2026-03-28T14:32:41+00:00,buy
76-77°F,,[],Dallas,0x6d0d4f92ce29ccae6f9e43ab4a7876cd048496c4f331d3310765df88f2626de9,True,highest-temperature-in-dallas-on-april-1-2026,False,False,missing_quote_pair,yes,0.08000000815966506,asymmetric_paired_accumulation,buy,4.902162,2026-03-28T14:32:41+00:00,buy
76-77°F,,[],Dallas,0x6d0d4f92ce29ccae6f9e43ab4a7876cd048496c4f331d3310765df88f2626de9,True,highest-temperature-in-dallas-on-april-1-2026,False,False,missing_quote_pair,yes,0.08,asymmetric_paired_accumulation,buy,1.08695,2026-03-28T14:32:41+00:00,buy
76-77°F,,[],Dallas,0x6d0d4f92ce29ccae6f9e43ab4a7876cd048496c4f331d3310765df88f2626de9,True,highest-temperature-in-dallas-on-april-1-2026,False,False,missing_quote_pair,no,0.91,asymmetric_paired_accumulation,buy,1.18,2026-03-28T14:32:41+00:00,buy
76-77°F,,[],Dallas,0x6d0d4f92ce29ccae6f9e43ab4a7876cd048496c4f331d3310765df88f2626de9,True,highest-temperature-in-dallas-on-april-1-2026,False,False,missing_quote_pair,no,0.9100000906243109,asymmetric_paired_accumulation,buy,9.93111,2026-03-28T14:32:41+00:00,buy
76-77°F,,[],Dallas,0x6d0d4f92ce29ccae6f9e43ab4a7876cd048496c4f331d3310765df88f2626de9,True,highest-temperature-in-dallas-on-april-1-2026,False,False,missing_quote_pair,yes,0.08,asymmetric_paired_accumulation,buy,1.576075,2026-03-28T14:32:41+00:00,buy
76-77°F,,[],Dallas,0x6d0d4f92ce29ccae6f9e43ab4a7876cd048496c4f331d3310765df88f2626de9,True,highest-temperature-in-dallas-on-april-1-2026,False,False,missing_quote_pair,yes,0.0800000274628702,asymmetric_paired_accumulation,buy,1.456512,2026-03-28T14:32:41+00:00,buy
76-77°F,,[],Dallas,0x6d0d4f92ce29ccae6f9e43ab4a7876cd048496c4f331d3310765df88f2626de9,True,highest-temperature-in-dallas-on-april-1-2026,False,False,missing_quote_pair,yes,0.08,asymmetric_paired_accumulation,buy,1.19565,2026-03-28T14:32:43+00:00,buy
76-77°F,,[],Dallas,0x6d0d4f92ce29ccae6f9e43ab4a7876cd048496c4f331d3310765df88f2626de9,True,highest-temperature-in-dallas-on-april-1-2026,False,False,missing_quote_pair,yes,0.08,asymmetric_paired_accumulation,buy,1.19565,2026-03-28T14:32:45+00:00,buy
76-77°F,,[],Dallas,0x6d0d4f92ce29ccae6f9e43ab4a7876cd048496c4f331d3310765df88f2626de9,True,highest-temperature-in-dallas-on-april-1-2026,False,False,missing_quote_pair,yes,0.08,asymmetric_paired_accumulation,buy,1.08695,2026-03-28T14:32:45+00:00,buy
76-77°F,,[],Dallas,0x6d0d4f92ce29ccae6f9e43ab4a7876cd048496c4f331d3310765df88f2626de9,True,highest-temperature-in-dallas-on-april-1-2026,False,False,missing_quote_pair,no,0.91,asymmetric_paired_accumulation,buy,10.0,2026-03-28T14:32:51+00:00,buy
74-75°F,,[],Dallas,0xb3dc595dae7ba69db03a07bde0fb3fff568c7025feafa5f75eef9bb2a7b9b16e,True,highest-temperature-in-dallas-on-april-1-2026,False,False,missing_quote_pair,yes,0.07,paired_under_par,buy,0.9172,2026-03-28T14:33:21+00:00,buy
74-75°F,,[],Dallas,0xb3dc595dae7ba69db03a07bde0fb3fff568c7025feafa5f75eef9bb2a7b9b16e,True,highest-temperature-in-dallas-on-april-1-2026,False,False,missing_quote_pair,yes,0.07,paired_under_par,buy,3.2258,2026-03-28T14:33:21+00:00,buy
74-75°F,,[],Dallas,0xb3dc595dae7ba69db03a07bde0fb3fff568c7025feafa5f75eef9bb2a7b9b16e,True,highest-temperature-in-dallas-on-april-1-2026,False,False,missing_quote_pair,no,0.92,paired_under_par,buy,9.93218,2026-03-28T14:33:39+00:00,buy
74-75°F,,[],Dallas,0xb3dc595dae7ba69db03a07bde0fb3fff568c7025feafa5f75eef9bb2a7b9b16e,True,highest-temperature-in-dallas-on-april-1-2026,False,False,missing_quote_pair,yes,0.07,paired_under_par,buy,5.0,2026-03-28T14:33:39+00:00,buy
74-75°F,,[],Dallas,0xb3dc595dae7ba69db03a07bde0fb3fff568c7025feafa5f75eef9bb2a7b9b16e,True,highest-temperature-in-dallas-on-april-1-2026,False,False,missing_quote_pair,yes,0.07000000683827547,paired_under_par,buy,1.462357,2026-03-28T14:33:39+00:00,buy
74-75°F,,[],Dallas,0xb3dc595dae7ba69db03a07bde0fb3fff568c7025feafa5f75eef9bb2a7b9b16e,True,highest-temperature-in-dallas-on-april-1-2026,False,False,missing_quote_pair,yes,0.07000004227310966,paired_under_par,buy,1.182785,2026-03-28T14:33:39+00:00,buy
74-75°F,,[],Dallas,0xb3dc595dae7ba69db03a07bde0fb3fff568c7025feafa5f75eef9bb2a7b9b16e,True,highest-temperature-in-dallas-on-april-1-2026,False,False,missing_quote_pair,yes,0.07000000930010221,paired_under_par,buy,1.075257,2026-03-28T14:33:39+00:00,buy
74-75°F,,[],Dallas,0xb3dc595dae7ba69db03a07bde0fb3fff568c7025feafa5f75eef9bb2a7b9b16e,True,highest-temperature-in-dallas-on-april-1-2026,False,False,missing_quote_pair,yes,0.07000001347832416,paired_under_par,buy,2.967728,2026-03-28T14:33:39+00:00,buy
74-75°F,,[],Dallas,0xb3dc595dae7ba69db03a07bde0fb3fff568c7025feafa5f75eef9bb2a7b9b16e,True,highest-temperature-in-dallas-on-april-1-2026,False,False,missing_quote_pair,yes,0.07000004227310966,paired_under_par,buy,1.182785,2026-03-28T14:33:39+00:00,buy
74-75°F,,[],Dallas,0xb3dc595dae7ba69db03a07bde0fb3fff568c7025feafa5f75eef9bb2a7b9b16e,True,highest-temperature-in-dallas-on-april-1-2026,False,False,missing_quote_pair,yes,0.07000000303260935,paired_under_par,buy,9.892471,2026-03-28T14:33:41+00:00,buy
74-75°F,,[],Dallas,0xb3dc595dae7ba69db03a07bde0fb3fff568c7025feafa5f75eef9bb2a7b9b16e,True,highest-temperature-in-dallas-on-april-1-2026,False,False,missing_quote_pair,yes,0.07000000808697052,paired_under_par,buy,4.946228,2026-03-28T14:33:41+00:00,buy
74-75°F,,[],Dallas,0xb3dc595dae7ba69db03a07bde0fb3fff568c7025feafa5f75eef9bb2a7b9b16e,True,highest-temperature-in-dallas-on-april-1-2026,False,False,missing_quote_pair,yes,0.07000002032801282,paired_under_par,buy,1.967728,2026-03-28T14:33:41+00:00,buy
74-75°F,,[],Dallas,0xb3dc595dae7ba69db03a07bde0fb3fff568c7025feafa5f75eef9bb2a7b9b16e,True,highest-temperature-in-dallas-on-april-1-2026,False,False,missing_quote_pair,yes,0.07000001116000433,paired_under_par,buy,5.376342,2026-03-28T14:33:41+00:00,buy
74-75°F,,[],Dallas,0xb3dc595dae7ba69db03a07bde0fb3fff568c7025feafa5f75eef9bb2a7b9b16e,True,highest-temperature-in-dallas-on-april-1-2026,False,False,missing_quote_pair,yes,0.07000000808697052,paired_under_par,buy,1.236557,2026-03-28T14:33:43+00:00,buy
76-77°F,,[],Dallas,0x6d0d4f92ce29ccae6f9e43ab4a7876cd048496c4f331d3310765df88f2626de9,True,highest-temperature-in-dallas-on-april-1-2026,False,False,missing_quote_pair,yes,0.1,asymmetric_paired_accumulation,buy,2.72222,2026-03-28T14:33:43+00:00,buy
74-75°F,,[],Dallas,0xb3dc595dae7ba69db03a07bde0fb3fff568c7025feafa5f75eef9bb2a7b9b16e,True,highest-temperature-in-dallas-on-april-1-2026,False,False,missing_quote_pair,yes,0.07000000290625272,paired_under_par,buy,6.881714,2026-03-28T14:33:43+00:00,buy
76-77°F,,[],Dallas,0x6d0d4f92ce29ccae6f9e43ab4a7876cd048496c4f331d3310765df88f2626de9,True,highest-temperature-in-dallas-on-april-1-2026,False,False,missing_quote_pair,yes,0.1,asymmetric_paired_accumulation,buy,2.7,2026-03-28T14:33:55+00:00,buy
76-77°F,,[],Dallas,0x6d0d4f92ce29ccae6f9e43ab4a7876cd048496c4f331d3310765df88f2626de9,True,highest-temperature-in-dallas-on-april-1-2026,False,False,missing_quote_pair,yes,0.1,asymmetric_paired_accumulation,buy,2.43333,2026-03-28T14:34:09+00:00,buy
78-79°F,,[],Dallas,0x15e11df37779921a92411b8694ee6001e6aa6fe1168cb21daa8820628e009b69,True,highest-temperature-in-dallas-on-april-1-2026,False,False,missing_quote_pair,no,0.84,paired_under_par,buy,19.8167,2026-03-28T14:34:15+00:00,buy
78-79°F,,[],Dallas,0x15e11df37779921a92411b8694ee6001e6aa6fe1168cb21daa8820628e009b69,True,highest-temperature-in-dallas-on-april-1-2026,False,False,missing_quote_pair,yes,0.12000002095246776,paired_under_par,buy,1.909083,2026-03-28T14:34:17+00:00,buy
78-79°F,,[],Dallas,0x15e11df37779921a92411b8694ee6001e6aa6fe1168cb21daa8820628e009b69,True,highest-temperature-in-dallas-on-april-1-2026,False,False,missing_quote_pair,yes,0.12000002095246776,paired_under_par,buy,1.909083,2026-03-28T14:34:17+00:00,buy
78-79°F,,[],Dallas,0x15e11df37779921a92411b8694ee6001e6aa6fe1168cb21daa8820628e009b69,True,highest-temperature-in-dallas-on-april-1-2026,False,False,missing_quote_pair,yes,0.12000002095246776,paired_under_par,buy,1.909083,2026-03-28T14:34:17+00:00,buy
78-79°F,,[],Dallas,0x15e11df37779921a92411b8694ee6001e6aa6fe1168cb21daa8820628e009b69,True,highest-temperature-in-dallas-on-april-1-2026,False,False,missing_quote_pair,yes,0.12000003520017459,paired_under_par,buy,1.136358,2026-03-28T14:34:17+00:00,buy
78-79°F,,[],Dallas,0x15e11df37779921a92411b8694ee6001e6aa6fe1168cb21daa8820628e009b69,True,highest-temperature-in-dallas-on-april-1-2026,False,False,missing_quote_pair,yes,0.12000002095246776,paired_under_par,buy,1.909083,2026-03-28T14:34:17+00:00,buy
78-79°F,,[],Dallas,0x15e11df37779921a92411b8694ee6001e6aa6fe1168cb21daa8820628e009b69,True,highest-temperature-in-dallas-on-april-1-2026,False,False,missing_quote_pair,yes,0.12,paired_under_par,buy,9.54545,2026-03-28T14:34:17+00:00,buy
78-79°F,,[],Dallas,0x15e11df37779921a92411b8694ee6001e6aa6fe1168cb21daa8820628e009b69,True,highest-temperature-in-dallas-on-april-1-2026,False,False,missing_quote_pair,yes,0.12000002095246776,paired_under_par,buy,1.909083,2026-03-28T14:34:17+00:00,buy
78-79°F,,[],Dallas,0x15e11df37779921a92411b8694ee6001e6aa6fe1168cb21daa8820628e009b69,True,highest-temperature-in-dallas-on-april-1-2026,False,False,missing_quote_pair,yes,0.12000002095246776,paired_under_par,buy,1.909083,2026-03-28T14:34:17+00:00,buy
74-75°F,,[],Dallas,0xb3dc595dae7ba69db03a07bde0fb3fff568c7025feafa5f75eef9bb2a7b9b16e,True,highest-temperature-in-dallas-on-april-1-2026,False,False,missing_quote_pair,yes,0.07000000303260935,paired_under_par,buy,9.892471,2026-03-28T14:34:19+00:00,buy
74-75°F,,[],Dallas,0xb3dc595dae7ba69db03a07bde0fb3fff568c7025feafa5f75eef9bb2a7b9b16e,True,highest-temperature-in-dallas-on-april-1-2026,False,False,missing_quote_pair,yes,0.07000004227310966,paired_under_par,buy,1.182785,2026-03-28T14:34:19+00:00,buy
78-79°F,,[],Dallas,0x15e11df37779921a92411b8694ee6001e6aa6fe1168cb21daa8820628e009b69,True,highest-temperature-in-dallas-on-april-1-2026,False,False,missing_quote_pair,yes,0.12,paired_under_par,buy,13.25,2026-03-28T14:34:19+00:00,buy
74-75°F,,[],Dallas,0xb3dc595dae7ba69db03a07bde0fb3fff568c7025feafa5f75eef9bb2a7b9b16e,True,highest-temperature-in-dallas-on-april-1-2026,False,False,missing_quote_pair,yes,0.07000000930010221,paired_under_par,buy,1.075257,2026-03-28T14:34:19+00:00,buy
78-79°F,,[],Dallas,0x15e11df37779921a92411b8694ee6001e6aa6fe1168cb21daa8820628e009b69,True,highest-temperature-in-dallas-on-april-1-2026,False,False,missing_quote_pair,yes,0.12000002011431973,paired_under_par,buy,1.988633,2026-03-28T14:34:19+00:00,buy
78-79°F,,[],Dallas,0x15e11df37779921a92411b8694ee6001e6aa6fe1168cb21daa8820628e009b69,True,highest-temperature-in-dallas-on-april-1-2026,False,False,missing_quote_pair,yes,0.12000001057059266,paired_under_par,buy,3.784083,2026-03-28T14:34:19+00:00,buy
74-75°F,,[],Dallas,0xb3dc595dae7ba69db03a07bde0fb3fff568c7025feafa5f75eef9bb2a7b9b16e,True,highest-temperature-in-dallas-on-april-1-2026,False,False,missing_quote_pair,yes,0.07000000683827547,paired_under_par,buy,1.462357,2026-03-28T14:34:19+00:00,buy
74-75°F,,[],Dallas,0xb3dc595dae7ba69db03a07bde0fb3fff568c7025feafa5f75eef9bb2a7b9b16e,True,highest-temperature-in-dallas-on-april-1-2026,False,False,missing_quote_pair,yes,0.07000000808697052,paired_under_par,buy,4.946228,2026-03-28T14:34:19+00:00,buy
74-75°F,,[],Dallas,0xb3dc595dae7ba69db03a07bde0fb3fff568c7025feafa5f75eef9bb2a7b9b16e,True,highest-temperature-in-dallas-on-april-1-2026,False,False,missing_quote_pair,yes,0.07,paired_under_par,buy,5.0,2026-03-28T14:34:19+00:00,buy
74-75°F,,[],Dallas,0xb3dc595dae7ba69db03a07bde0fb3fff568c7025feafa5f75eef9bb2a7b9b16e,True,highest-temperature-in-dallas-on-april-1-2026,False,False,missing_quote_pair,yes,0.07000004227310966,paired_under_par,buy,1.182785,2026-03-28T14:34:19+00:00,buy
74-75°F,,[],Dallas,0xb3dc595dae7ba69db03a07bde0fb3fff568c7025feafa5f75eef9bb2a7b9b16e,True,highest-temperature-in-dallas-on-april-1-2026,False,False,missing_quote_pair,no,0.92,paired_under_par,buy,10.0,2026-03-28T14:34:19+00:00,buy
74-75°F,,[],Dallas,0xb3dc595dae7ba69db03a07bde0fb3fff568c7025feafa5f75eef9bb2a7b9b16e,True,highest-temperature-in-dallas-on-april-1-2026,False,False,missing_quote_pair,yes,0.07000000290625272,paired_under_par,buy,6.881714,2026-03-28T14:34:21+00:00,buy
74-75°F,,[],Dallas,0xb3dc595dae7ba69db03a07bde0fb3fff568c7025feafa5f75eef9bb2a7b9b16e,True,highest-temperature-in-dallas-on-april-1-2026,False,False,missing_quote_pair,yes,0.07000002032801282,paired_under_par,buy,1.967728,2026-03-28T14:34:23+00:00,buy
76-77°F,,[],Dallas,0x6d0d4f92ce29ccae6f9e43ab4a7876cd048496c4f331d3310765df88f2626de9,True,highest-temperature-in-dallas-on-april-1-2026,False,False,missing_quote_pair,yes,0.1,asymmetric_paired_accumulation,buy,2.98888,2026-03-28T14:34:27+00:00,buy
78-79°F,,[],Dallas,0x15e11df37779921a92411b8694ee6001e6aa6fe1168cb21daa8820628e009b69,True,highest-temperature-in-dallas-on-april-1-2026,False,False,missing_quote_pair,yes,0.12,paired_under_par,buy,5.0,2026-03-28T14:34:33+00:00,buy
78-79°F,,[],Dallas,0x15e11df37779921a92411b8694ee6001e6aa6fe1168cb21daa8820628e009b69,True,highest-temperature-in-dallas-on-april-1-2026,False,False,missing_quote_pair,yes,0.12,paired_under_par,buy,1.98,2026-03-28T14:34:47+00:00,buy
78-79°F,,[],Dallas,0x15e11df37779921a92411b8694ee6001e6aa6fe1168cb21daa8820628e009b69,True,highest-temperature-in-dallas-on-april-1-2026,False,False,missing_quote_pair,no,0.87,paired_under_par,buy,1.33,2026-03-28T14:34:49+00:00,buy
74-75°F,,[],Dallas,0xb3dc595dae7ba69db03a07bde0fb3fff568c7025feafa5f75eef9bb2a7b9b16e,True,highest-temperature-in-dallas-on-april-1-2026,False,False,missing_quote_pair,yes,0.07,paired_under_par,buy,2.6559,2026-03-28T14:34:51+00:00,buy
78-79°F,,[],Dallas,0x15e11df37779921a92411b8694ee6001e6aa6fe1168cb21daa8820628e009b69,True,highest-temperature-in-dallas-on-april-1-2026,False,False,missing_quote_pair,yes,0.12000003520017459,paired_under_par,buy,1.136358,2026-03-28T14:34:51+00:00,buy
80-81°F,,[],Dallas,0x21e679503465f7f609a31862105795194bd85731363b3d90e93dec9e7091df3f,True,highest-temperature-in-dallas-on-april-1-2026,False,False,missing_quote_pair,no,0.8969491525423728,paired_under_par,buy,5.855160000000001,2026-03-28T14:34:51+00:00,buy
78-79°F,,[],Dallas,0x15e11df37779921a92411b8694ee6001e6aa6fe1168cb21daa8820628e009b69,True,highest-temperature-in-dallas-on-april-1-2026,False,False,missing_quote_pair,yes,0.12,paired_under_par,buy,1.25,2026-03-28T14:34:51+00:00,buy
78-79°F,,[],Dallas,0x15e11df37779921a92411b8694ee6001e6aa6fe1168cb21daa8820628e009b69,True,highest-temperature-in-dallas-on-april-1-2026,False,False,missing_quote_pair,yes,0.12000006121749351,paired_under_par,buy,1.306816,2026-03-28T14:34:51+00:00,buy
80-81°F,,[],Dallas,0x21e679503465f7f609a31862105795194bd85731363b3d90e93dec9e7091df3f,True,highest-temperature-in-dallas-on-april-1-2026,False,False,missing_quote_pair,yes,0.08,paired_under_par,buy,5.0,2026-03-28T14:34:53+00:00,buy
80-81°F,,[],Dallas,0x21e679503465f7f609a31862105795194bd85731363b3d90e93dec9e7091df3f,True,highest-temperature-in-dallas-on-april-1-2026,False,False,missing_quote_pair,yes,0.08,paired_under_par,buy,1.19565,2026-03-28T14:34:53+00:00,buy
80-81°F,,[],Dallas,0x21e679503465f7f609a31862105795194bd85731363b3d90e93dec9e7091df3f,True,highest-temperature-in-dallas-on-april-1-2026,False,False,missing_quote_pair,yes,0.08,paired_under_par,buy,1.19565,2026-03-28T14:34:53+00:00,buy
80-81°F,,[],Dallas,0x21e679503465f7f609a31862105795194bd85731363b3d90e93dec9e7091df3f,True,highest-temperature-in-dallas-on-april-1-2026,False,False,missing_quote_pair,yes,0.08000001393940957,paired_under_par,buy,2.869562,2026-03-28T14:34:53+00:00,buy
80-81°F,,[],Dallas,0x21e679503465f7f609a31862105795194bd85731363b3d90e93dec9e7091df3f,True,highest-temperature-in-dallas-on-april-1-2026,False,False,missing_quote_pair,yes,0.08,paired_under_par,buy,1.08695,2026-03-28T14:34:55+00:00,buy
80-81°F,,[],Dallas,0x21e679503465f7f609a31862105795194bd85731363b3d90e93dec9e7091df3f,True,highest-temperature-in-dallas-on-april-1-2026,False,False,missing_quote_pair,yes,0.08,paired_under_par,buy,3.989125,2026-03-28T14:34:55+00:00,buy
80-81°F,,[],Dallas,0x21e679503465f7f609a31862105795194bd85731363b3d90e93dec9e7091df3f,True,highest-temperature-in-dallas-on-april-1-2026,False,False,missing_quote_pair,yes,0.0800000306669212,paired_under_par,buy,1.304337,2026-03-28T14:34:55+00:00,buy
74-75°F,,[],Dallas,0xb3dc595dae7ba69db03a07bde0fb3fff568c7025feafa5f75eef9bb2a7b9b16e,True,highest-temperature-in-dallas-on-april-1-2026,False,False,missing_quote_pair,yes,0.07,paired_under_par,buy,2.6559,2026-03-28T14:34:59+00:00,buy
74-75°F,,[],Dallas,0xb3dc595dae7ba69db03a07bde0fb3fff568c7025feafa5f75eef9bb2a7b9b16e,True,highest-temperature-in-dallas-on-april-1-2026,False,False,missing_quote_pair,yes,0.08,paired_under_par,buy,15.911349999999999,2026-03-28T14:35:09+00:00,buy
78-79°F,,[],Dallas,0x15e11df37779921a92411b8694ee6001e6aa6fe1168cb21daa8820628e009b69,True,highest-temperature-in-dallas-on-april-1-2026,False,False,missing_quote_pair,yes,0.12000000943700481,paired_under_par,buy,4.238633,2026-03-28T14:35:27+00:00,buy
76-77°F,,[],Dallas,0x6d0d4f92ce29ccae6f9e43ab4a7876cd048496c4f331d3310765df88f2626de9,True,highest-temperature-in-dallas-on-april-1-2026,False,False,missing_quote_pair,yes,0.1,asymmetric_paired_accumulation,buy,3.33333,2026-03-28T14:35:29+00:00,buy
76-77°F,,[],Dallas,0x6d0d4f92ce29ccae6f9e43ab4a7876cd048496c4f331d3310765df88f2626de9,True,highest-temperature-in-dallas-on-april-1-2026,False,False,missing_quote_pair,yes,0.1,asymmetric_paired_accumulation,buy,3.33333,2026-03-28T14:35:29+00:00,buy
74-75°F,,[],Dallas,0xb3dc595dae7ba69db03a07bde0fb3fff568c7025feafa5f75eef9bb2a7b9b16e,True,highest-temperature-in-dallas-on-april-1-2026,False,False,missing_quote_pair,no,0.28,paired_under_par,buy,18.53954,2026-03-28T14:35:49+00:00,buy
74-75°F,,[],Dallas,0xb3dc595dae7ba69db03a07bde0fb3fff568c7025feafa5f75eef9bb2a7b9b16e,True,highest-temperature-in-dallas-on-april-1-2026,False,False,missing_quote_pair,yes,0.07000000930010221,paired_under_par,buy,1.075257,2026-03-28T14:35:53+00:00,buy
74-75°F,,[],Dallas,0xb3dc595dae7ba69db03a07bde0fb3fff568c7025feafa5f75eef9bb2a7b9b16e,True,highest-temperature-in-dallas-on-april-1-2026,False,False,missing_quote_pair,yes,0.07000002032801282,paired_under_par,buy,1.967728,2026-03-28T14:35:53+00:00,buy
74-75°F,,[],Dallas,0xb3dc595dae7ba69db03a07bde0fb3fff568c7025feafa5f75eef9bb2a7b9b16e,True,highest-temperature-in-dallas-on-april-1-2026,False,False,missing_quote_pair,no,0.92,paired_under_par,buy,19.86436,2026-03-28T14:35:53+00:00,buy
74-75°F,,[],Dallas,0xb3dc595dae7ba69db03a07bde0fb3fff568c7025feafa5f75eef9bb2a7b9b16e,True,highest-temperature-in-dallas-on-april-1-2026,False,False,missing_quote_pair,yes,0.07000002032801282,paired_under_par,buy,1.967728,2026-03-28T14:35:53+00:00,buy
74-75°F,,[],Dallas,0xb3dc595dae7ba69db03a07bde0fb3fff568c7025feafa5f75eef9bb2a7b9b16e,True,highest-temperature-in-dallas-on-april-1-2026,False,False,missing_quote_pair,yes,0.07000001021982503,paired_under_par,buy,2.935471,2026-03-28T14:35:53+00:00,buy
74-75°F,,[],Dallas,0xb3dc595dae7ba69db03a07bde0fb3fff568c7025feafa5f75eef9bb2a7b9b16e,True,highest-temperature-in-dallas-on-april-1-2026,False,False,missing_quote_pair,yes,0.07000002032801282,paired_under_par,buy,1.967728,2026-03-28T14:35:53+00:00,buy
74-75°F,,[],Dallas,0xb3dc595dae7ba69db03a07bde0fb3fff568c7025feafa5f75eef9bb2a7b9b16e,True,highest-temperature-in-dallas-on-april-1-2026,False,False,missing_quote_pair,yes,0.07000002032801282,paired_under_par,buy,1.967728,2026-03-28T14:35:53+00:00,buy
74-75°F,,[],Dallas,0xb3dc595dae7ba69db03a07bde0fb3fff568c7025feafa5f75eef9bb2a7b9b16e,True,highest-temperature-in-dallas-on-april-1-2026,False,False,missing_quote_pair,yes,0.07000000362997884,paired_under_par,buy,13.774185,2026-03-28T14:35:55+00:00,buy
74-75°F,,[],Dallas,0xb3dc595dae7ba69db03a07bde0fb3fff568c7025feafa5f75eef9bb2a7b9b16e,True,highest-temperature-in-dallas-on-april-1-2026,False,False,missing_quote_pair,yes,0.07000000465000138,paired_under_par,buy,10.752685,2026-03-28T14:35:55+00:00,buy
74-75°F,,[],Dallas,0xb3dc595dae7ba69db03a07bde0fb3fff568c7025feafa5f75eef9bb2a7b9b16e,True,highest-temperature-in-dallas-on-april-1-2026,False,False,missing_quote_pair,yes,0.07000001116000433,paired_under_par,buy,5.376342,2026-03-28T14:35:55+00:00,buy
74-75°F,,[],Dallas,0xb3dc595dae7ba69db03a07bde0fb3fff568c7025feafa5f75eef9bb2a7b9b16e,True,highest-temperature-in-dallas-on-april-1-2026,False,False,missing_quote_pair,yes,0.07000000762297576,paired_under_par,buy,3.935471,2026-03-28T14:35:55+00:00,buy
74-75°F,,[],Dallas,0xb3dc595dae7ba69db03a07bde0fb3fff568c7025feafa5f75eef9bb2a7b9b16e,True,highest-temperature-in-dallas-on-april-1-2026,False,False,missing_quote_pair,yes,0.07000002527186205,paired_under_par,buy,1.978485,2026-03-28T14:35:55+00:00,buy
74-75°F,,[],Dallas,0xb3dc595dae7ba69db03a07bde0fb3fff568c7025feafa5f75eef9bb2a7b9b16e,True,highest-temperature-in-dallas-on-april-1-2026,False,False,missing_quote_pair,yes,0.07000004227310966,paired_under_par,buy,1.182785,2026-03-28T14:35:55+00:00,buy
74-75°F,,[],Dallas,0xb3dc595dae7ba69db03a07bde0fb3fff568c7025feafa5f75eef9bb2a7b9b16e,True,highest-temperature-in-dallas-on-april-1-2026,False,False,missing_quote_pair,yes,0.07000000673919388,paired_under_par,buy,1.483857,2026-03-28T14:35:57+00:00,buy
74-75°F,,[],Dallas,0xb3dc595dae7ba69db03a07bde0fb3fff568c7025feafa5f75eef9bb2a7b9b16e,True,highest-temperature-in-dallas-on-april-1-2026,False,False,missing_quote_pair,yes,0.07,paired_under_par,buy,5.0,2026-03-28T14:36:25+00:00,buy
74-75°F,,[],Dallas,0xb3dc595dae7ba69db03a07bde0fb3fff568c7025feafa5f75eef9bb2a7b9b16e,True,highest-temperature-in-dallas-on-april-1-2026,False,False,missing_quote_pair,yes,0.07,paired_under_par,buy,1.85,2026-03-28T14:36:27+00:00,buy
74-75°F,,[],Dallas,0xb3dc595dae7ba69db03a07bde0fb3fff568c7025feafa5f75eef9bb2a7b9b16e,True,highest-temperature-in-dallas-on-april-1-2026,False,False,missing_quote_pair,yes,0.07,paired_under_par,buy,1.67,2026-03-28T14:36:29+00:00,buy
76-77°F,,[],Dallas,0x6d0d4f92ce29ccae6f9e43ab4a7876cd048496c4f331d3310765df88f2626de9,True,highest-temperature-in-dallas-on-april-1-2026,False,False,missing_quote_pair,no,0.89,asymmetric_paired_accumulation,buy,10.0,2026-03-28T14:37:11+00:00,buy
22°C,,[],Mexico City,0x547fee7ce34ec6a2bb35972ce79f57d3fbf8907208e62b1f0575631e0fde1fb4,True,highest-temperature-in-mexico-city-on-april-1-2026,False,False,missing_quote_pair,yes,0.04500001326397161,asymmetric_paired_accumulation,buy,1.507844,2026-03-28T14:38:47+00:00,buy
22°C,,[],Mexico City,0x547fee7ce34ec6a2bb35972ce79f57d3fbf8907208e62b1f0575631e0fde1fb4,True,highest-temperature-in-mexico-city-on-april-1-2026,False,False,missing_quote_pair,no,0.955,asymmetric_paired_accumulation,buy,50.0,2026-03-28T14:38:47+00:00,buy
22°C,,[],Mexico City,0x547fee7ce34ec6a2bb35972ce79f57d3fbf8907208e62b1f0575631e0fde1fb4,True,highest-temperature-in-mexico-city-on-april-1-2026,False,False,missing_quote_pair,yes,0.04500000500525051,asymmetric_paired_accumulation,buy,4.994755,2026-03-28T14:38:47+00:00,buy
22°C,,[],Mexico City,0x547fee7ce34ec6a2bb35972ce79f57d3fbf8907208e62b1f0575631e0fde1fb4,True,highest-temperature-in-mexico-city-on-april-1-2026,False,False,missing_quote_pair,yes,0.04500000500525051,asymmetric_paired_accumulation,buy,4.994755,2026-03-28T14:38:47+00:00,buy
22°C,,[],Mexico City,0x547fee7ce34ec6a2bb35972ce79f57d3fbf8907208e62b1f0575631e0fde1fb4,True,highest-temperature-in-mexico-city-on-april-1-2026,False,False,missing_quote_pair,yes,0.04500000500525051,asymmetric_paired_accumulation,buy,4.994755,2026-03-28T14:38:47+00:00,buy
22°C,,[],Mexico City,0x547fee7ce34ec6a2bb35972ce79f57d3fbf8907208e62b1f0575631e0fde1fb4,True,highest-temperature-in-mexico-city-on-april-1-2026,False,False,missing_quote_pair,yes,0.04500000477504295,asymmetric_paired_accumulation,buy,1.047111,2026-03-28T14:38:47+00:00,buy
22°C,,[],Mexico City,0x547fee7ce34ec6a2bb35972ce79f57d3fbf8907208e62b1f0575631e0fde1fb4,True,highest-temperature-in-mexico-city-on-april-1-2026,False,False,missing_quote_pair,yes,0.045000001000209844,asymmetric_paired_accumulation,buy,24.994755,2026-03-28T14:38:47+00:00,buy
22°C,,[],Mexico City,0x547fee7ce34ec6a2bb35972ce79f57d3fbf8907208e62b1f0575631e0fde1fb4,True,highest-temperature-in-mexico-city-on-april-1-2026,False,False,missing_quote_pair,yes,0.04500002906549452,asymmetric_paired_accumulation,buy,1.204177,2026-03-28T14:38:47+00:00,buy
22°C,,[],Mexico City,0x547fee7ce34ec6a2bb35972ce79f57d3fbf8907208e62b1f0575631e0fde1fb4,True,highest-temperature-in-mexico-city-on-april-1-2026,False,False,missing_quote_pair,yes,0.045000008681897026,asymmetric_paired_accumulation,buy,1.151822,2026-03-28T14:38:47+00:00,buy
22°C,,[],Mexico City,0x547fee7ce34ec6a2bb35972ce79f57d3fbf8907208e62b1f0575631e0fde1fb4,True,highest-temperature-in-mexico-city-on-april-1-2026,False,False,missing_quote_pair,yes,0.045,asymmetric_paired_accumulation,buy,2.5026,2026-03-28T14:38:47+00:00,buy
22°C,,[],Mexico City,0x547fee7ce34ec6a2bb35972ce79f57d3fbf8907208e62b1f0575631e0fde1fb4,True,highest-temperature-in-mexico-city-on-april-1-2026,False,False,missing_quote_pair,yes,0.04500003537043456,asymmetric_paired_accumulation,buy,1.130888,2026-03-28T14:38:47+00:00,buy
22°C,,[],Mexico City,0x547fee7ce34ec6a2bb35972ce79f57d3fbf8907208e62b1f0575631e0fde1fb4,True,highest-temperature-in-mexico-city-on-april-1-2026,False,False,missing_quote_pair,yes,0.04500000500525051,asymmetric_paired_accumulation,buy,4.994755,2026-03-28T14:38:47+00:00,buy
22°C,,[],Mexico City,0x547fee7ce34ec6a2bb35972ce79f57d3fbf8907208e62b1f0575631e0fde1fb4,True,highest-temperature-in-mexico-city-on-april-1-2026,False,False,missing_quote_pair,yes,0.04500002337420703,asymmetric_paired_accumulation,buy,1.497377,2026-03-28T14:38:47+00:00,buy
22°C,,[],Mexico City,0x547fee7ce34ec6a2bb35972ce79f57d3fbf8907208e62b1f0575631e0fde1fb4,True,highest-temperature-in-mexico-city-on-april-1-2026,False,False,missing_quote_pair,yes,0.04500000500525051,asymmetric_paired_accumulation,buy,4.994755,2026-03-28T14:38:47+00:00,buy
22°C,,[],Mexico City,0x547fee7ce34ec6a2bb35972ce79f57d3fbf8907208e62b1f0575631e0fde1fb4,True,highest-temperature-in-mexico-city-on-april-1-2026,False,False,missing_quote_pair,yes,0.045,asymmetric_paired_accumulation,buy,1.7382,2026-03-28T14:38:49+00:00,buy
22°C,,[],Mexico City,0x547fee7ce34ec6a2bb35972ce79f57d3fbf8907208e62b1f0575631e0fde1fb4,True,highest-temperature-in-mexico-city-on-april-1-2026,False,False,missing_quote_pair,yes,0.045000001003452535,asymmetric_paired_accumulation,buy,34.879577,2026-03-28T14:38:49+00:00,buy
22°C,,[],Mexico City,0x547fee7ce34ec6a2bb35972ce79f57d3fbf8907208e62b1f0575631e0fde1fb4,True,highest-temperature-in-mexico-city-on-april-1-2026,False,False,missing_quote_pair,yes,0.0450000060189404,asymmetric_paired_accumulation,buy,2.492133,2026-03-28T14:38:51+00:00,buy
22°C,,[],Mexico City,0x547fee7ce34ec6a2bb35972ce79f57d3fbf8907208e62b1f0575631e0fde1fb4,True,highest-temperature-in-mexico-city-on-april-1-2026,False,False,missing_quote_pair,yes,0.04500000050210326,asymmetric_paired_accumulation,buy,9.958111,2026-03-28T14:38:51+00:00,buy
22°C,,[],Mexico City,0x547fee7ce34ec6a2bb35972ce79f57d3fbf8907208e62b1f0575631e0fde1fb4,True,highest-temperature-in-mexico-city-on-april-1-2026,False,False,missing_quote_pair,no,0.954,asymmetric_paired_accumulation,buy,10.0,2026-03-28T14:38:55+00:00,buy
22°C,,[],Mexico City,0x547fee7ce34ec6a2bb35972ce79f57d3fbf8907208e62b1f0575631e0fde1fb4,True,highest-temperature-in-mexico-city-on-april-1-2026,False,False,missing_quote_pair,yes,0.045000008681897026,asymmetric_paired_accumulation,buy,1.151822,2026-03-28T14:38:55+00:00,buy
22°C,,[],Mexico City,0x547fee7ce34ec6a2bb35972ce79f57d3fbf8907208e62b1f0575631e0fde1fb4,True,highest-temperature-in-mexico-city-on-april-1-2026,False,False,missing_quote_pair,yes,0.04500000477504295,asymmetric_paired_accumulation,buy,1.047111,2026-03-28T14:38:55+00:00,buy
22°C,,[],Mexico City,0x547fee7ce34ec6a2bb35972ce79f57d3fbf8907208e62b1f0575631e0fde1fb4,True,highest-temperature-in-mexico-city-on-april-1-2026,False,False,missing_quote_pair,yes,0.045,asymmetric_paired_accumulation,buy,50.0,2026-03-28T14:38:55+00:00,buy
22°C,,[],Mexico City,0x547fee7ce34ec6a2bb35972ce79f57d3fbf8907208e62b1f0575631e0fde1fb4,True,highest-temperature-in-mexico-city-on-april-1-2026,False,False,missing_quote_pair,yes,0.04500000477504295,asymmetric_paired_accumulation,buy,1.047111,2026-03-28T14:38:55+00:00,buy
22°C,,[],Mexico City,0x547fee7ce34ec6a2bb35972ce79f57d3fbf8907208e62b1f0575631e0fde1fb4,True,highest-temperature-in-mexico-city-on-april-1-2026,False,False,missing_quote_pair,yes,0.04500000477504295,asymmetric_paired_accumulation,buy,1.047111,2026-03-28T14:38:55+00:00,buy
22°C,,[],Mexico City,0x547fee7ce34ec6a2bb35972ce79f57d3fbf8907208e62b1f0575631e0fde1fb4,True,highest-temperature-in-mexico-city-on-april-1-2026,False,False,missing_quote_pair,yes,0.045000008681897026,asymmetric_paired_accumulation,buy,1.151822,2026-03-28T14:38:55+00:00,buy
22°C,,[],Mexico City,0x547fee7ce34ec6a2bb35972ce79f57d3fbf8907208e62b1f0575631e0fde1fb4,True,highest-temperature-in-mexico-city-on-april-1-2026,False,False,missing_quote_pair,yes,0.04500000477504295,asymmetric_paired_accumulation,buy,1.047111,2026-03-28T14:38:55+00:00,buy
22°C,,[],Mexico City,0x547fee7ce34ec6a2bb35972ce79f57d3fbf8907208e62b1f0575631e0fde1fb4,True,highest-temperature-in-mexico-city-on-april-1-2026,False,False,missing_quote_pair,yes,0.04500003537043456,asymmetric_paired_accumulation,buy,1.130888,2026-03-28T14:38:55+00:00,buy
22°C,,[],Mexico City,0x547fee7ce34ec6a2bb35972ce79f57d3fbf8907208e62b1f0575631e0fde1fb4,True,highest-temperature-in-mexico-city-on-april-1-2026,False,False,missing_quote_pair,yes,0.045,asymmetric_paired_accumulation,buy,15.7068,2026-03-28T14:38:55+00:00,buy
22°C,,[],Mexico City,0x547fee7ce34ec6a2bb35972ce79f57d3fbf8907208e62b1f0575631e0fde1fb4,True,highest-temperature-in-mexico-city-on-april-1-2026,False,False,missing_quote_pair,yes,0.045000004314767465,asymmetric_paired_accumulation,buy,6.952866,2026-03-28T14:38:57+00:00,buy
22°C,,[],Mexico City,0x547fee7ce34ec6a2bb35972ce79f57d3fbf8907208e62b1f0575631e0fde1fb4,True,highest-temperature-in-mexico-city-on-april-1-2026,False,False,missing_quote_pair,yes,0.04500001010588951,asymmetric_paired_accumulation,buy,1.979044,2026-03-28T14:38:57+00:00,buy
22°C,,[],Mexico City,0x547fee7ce34ec6a2bb35972ce79f57d3fbf8907208e62b1f0575631e0fde1fb4,True,highest-temperature-in-mexico-city-on-april-1-2026,False,False,missing_quote_pair,no,0.954,asymmetric_paired_accumulation,buy,10.0,2026-03-28T14:39:01+00:00,buy
22°C,,[],Mexico City,0x547fee7ce34ec6a2bb35972ce79f57d3fbf8907208e62b1f0575631e0fde1fb4,True,highest-temperature-in-mexico-city-on-april-1-2026,False,False,missing_quote_pair,yes,0.045,asymmetric_paired_accumulation,buy,4.0,2026-03-28T14:39:01+00:00,buy
22°C,,[],Mexico City,0x547fee7ce34ec6a2bb35972ce79f57d3fbf8907208e62b1f0575631e0fde1fb4,True,highest-temperature-in-mexico-city-on-april-1-2026,False,False,missing_quote_pair,yes,0.04500003537043456,asymmetric_paired_accumulation,buy,1.130888,2026-03-28T14:39:03+00:00,buy
22°C,,[],Mexico City,0x547fee7ce34ec6a2bb35972ce79f57d3fbf8907208e62b1f0575631e0fde1fb4,True,highest-temperature-in-mexico-city-on-april-1-2026,False,False,missing_quote_pair,yes,0.04500000477504295,asymmetric_paired_accumulation,buy,1.047111,2026-03-28T14:39:03+00:00,buy
22°C,,[],Mexico City,0x547fee7ce34ec6a2bb35972ce79f57d3fbf8907208e62b1f0575631e0fde1fb4,True,highest-temperature-in-mexico-city-on-april-1-2026,False,False,missing_quote_pair,yes,0.04500000477504295,asymmetric_paired_accumulation,buy,1.047111,2026-03-28T14:39:03+00:00,buy
22°C,,[],Mexico City,0x547fee7ce34ec6a2bb35972ce79f57d3fbf8907208e62b1f0575631e0fde1fb4,True,highest-temperature-in-mexico-city-on-april-1-2026,False,False,missing_quote_pair,yes,0.04500000477504295,asymmetric_paired_accumulation,buy,1.047111,2026-03-28T14:39:03+00:00,buy
22°C,,[],Mexico City,0x547fee7ce34ec6a2bb35972ce79f57d3fbf8907208e62b1f0575631e0fde1fb4,True,highest-temperature-in-mexico-city-on-april-1-2026,False,False,missing_quote_pair,yes,0.045000008681897026,asymmetric_paired_accumulation,buy,1.151822,2026-03-28T14:39:03+00:00,buy
22°C,,[],Mexico City,0x547fee7ce34ec6a2bb35972ce79f57d3fbf8907208e62b1f0575631e0fde1fb4,True,highest-temperature-in-mexico-city-on-april-1-2026,False,False,missing_quote_pair,yes,0.045000008681897026,asymmetric_paired_accumulation,buy,1.151822,2026-03-28T14:39:03+00:00,buy
22°C,,[],Mexico City,0x547fee7ce34ec6a2bb35972ce79f57d3fbf8907208e62b1f0575631e0fde1fb4,True,highest-temperature-in-mexico-city-on-april-1-2026,False,False,missing_quote_pair,yes,0.04500000477504295,asymmetric_paired_accumulation,buy,1.047111,2026-03-28T14:39:03+00:00,buy
22°C,,[],Mexico City,0x547fee7ce34ec6a2bb35972ce79f57d3fbf8907208e62b1f0575631e0fde1fb4,True,highest-temperature-in-mexico-city-on-april-1-2026,False,False,missing_quote_pair,yes,0.04500000477504295,asymmetric_paired_accumulation,buy,1.047111,2026-03-28T14:39:03+00:00,buy
22°C,,[],Mexico City,0x547fee7ce34ec6a2bb35972ce79f57d3fbf8907208e62b1f0575631e0fde1fb4,True,highest-temperature-in-mexico-city-on-april-1-2026,False,False,missing_quote_pair,yes,0.04500001010588951,asymmetric_paired_accumulation,buy,1.979044,2026-03-28T14:39:05+00:00,buy
22°C,,[],Mexico City,0x547fee7ce34ec6a2bb35972ce79f57d3fbf8907208e62b1f0575631e0fde1fb4,True,highest-temperature-in-mexico-city-on-april-1-2026,False,False,missing_quote_pair,yes,0.045000004314767465,asymmetric_paired_accumulation,buy,6.952866,2026-03-28T14:39:05+00:00,buy
22°C,,[],Mexico City,0x547fee7ce34ec6a2bb35972ce79f57d3fbf8907208e62b1f0575631e0fde1fb4,True,highest-temperature-in-mexico-city-on-april-1-2026,False,False,missing_quote_pair,yes,0.04500002337420703,asymmetric_paired_accumulation,buy,1.497377,2026-03-28T14:39:05+00:00,buy
22°C,,[],Mexico City,0x547fee7ce34ec6a2bb35972ce79f57d3fbf8907208e62b1f0575631e0fde1fb4,True,highest-temperature-in-mexico-city-on-april-1-2026,False,False,missing_quote_pair,yes,0.045,asymmetric_paired_accumulation,buy,4.0,2026-03-28T14:39:07+00:00,buy
22°C,,[],Mexico City,0x547fee7ce34ec6a2bb35972ce79f57d3fbf8907208e62b1f0575631e0fde1fb4,True,highest-temperature-in-mexico-city-on-april-1-2026,False,False,missing_quote_pair,yes,0.045,asymmetric_paired_accumulation,buy,5.0,2026-03-28T14:39:09+00:00,buy
22°C,,[],Mexico City,0x547fee7ce34ec6a2bb35972ce79f57d3fbf8907208e62b1f0575631e0fde1fb4,True,highest-temperature-in-mexico-city-on-april-1-2026,False,False,missing_quote_pair,yes,0.045000008681897026,asymmetric_paired_accumulation,buy,1.151822,2026-03-28T14:39:15+00:00,buy
22°C,,[],Mexico City,0x547fee7ce34ec6a2bb35972ce79f57d3fbf8907208e62b1f0575631e0fde1fb4,True,highest-temperature-in-mexico-city-on-april-1-2026,False,False,missing_quote_pair,yes,0.04500000477504295,asymmetric_paired_accumulation,buy,1.047111,2026-03-28T14:39:15+00:00,buy
22°C,,[],Mexico City,0x547fee7ce34ec6a2bb35972ce79f57d3fbf8907208e62b1f0575631e0fde1fb4,True,highest-temperature-in-mexico-city-on-april-1-2026,False,False,missing_quote_pair,yes,0.04500003537043456,asymmetric_paired_accumulation,buy,1.130888,2026-03-28T14:39:15+00:00,buy
22°C,,[],Mexico City,0x547fee7ce34ec6a2bb35972ce79f57d3fbf8907208e62b1f0575631e0fde1fb4,True,highest-temperature-in-mexico-city-on-april-1-2026,False,False,missing_quote_pair,no,0.954,asymmetric_paired_accumulation,buy,6.17,2026-03-28T14:39:15+00:00,buy
22°C,,[],Mexico City,0x547fee7ce34ec6a2bb35972ce79f57d3fbf8907208e62b1f0575631e0fde1fb4,True,highest-temperature-in-mexico-city-on-april-1-2026,False,False,missing_quote_pair,yes,0.045000008681897026,asymmetric_paired_accumulation,buy,1.151822,2026-03-28T14:39:15+00:00,buy
22°C,,[],Mexico City,0x547fee7ce34ec6a2bb35972ce79f57d3fbf8907208e62b1f0575631e0fde1fb4,True,highest-temperature-in-mexico-city-on-april-1-2026,False,False,missing_quote_pair,yes,0.045,asymmetric_paired_accumulation,buy,5.2356,2026-03-28T14:39:15+00:00,buy
22°C,,[],Mexico City,0x547fee7ce34ec6a2bb35972ce79f57d3fbf8907208e62b1f0575631e0fde1fb4,True,highest-temperature-in-mexico-city-on-april-1-2026,False,False,missing_quote_pair,no,0.954,asymmetric_paired_accumulation,buy,3.83,2026-03-28T14:39:17+00:00,buy
22°C,,[],Mexico City,0x547fee7ce34ec6a2bb35972ce79f57d3fbf8907208e62b1f0575631e0fde1fb4,True,highest-temperature-in-mexico-city-on-april-1-2026,False,False,missing_quote_pair,yes,0.04500003537043456,asymmetric_paired_accumulation,buy,1.130888,2026-03-28T14:39:17+00:00,buy
22°C,,[],Mexico City,0x547fee7ce34ec6a2bb35972ce79f57d3fbf8907208e62b1f0575631e0fde1fb4,True,highest-temperature-in-mexico-city-on-april-1-2026,False,False,missing_quote_pair,yes,0.045000008681897026,asymmetric_paired_accumulation,buy,1.151822,2026-03-28T14:39:17+00:00,buy
22°C,,[],Mexico City,0x547fee7ce34ec6a2bb35972ce79f57d3fbf8907208e62b1f0575631e0fde1fb4,True,highest-temperature-in-mexico-city-on-april-1-2026,False,False,missing_quote_pair,yes,0.045000016465729875,asymmetric_paired_accumulation,buy,1.214644,2026-03-28T14:39:17+00:00,buy
22°C,,[],Mexico City,0x547fee7ce34ec6a2bb35972ce79f57d3fbf8907208e62b1f0575631e0fde1fb4,True,highest-temperature-in-mexico-city-on-april-1-2026,False,False,missing_quote_pair,yes,0.045000008152470766,asymmetric_paired_accumulation,buy,4.293177,2026-03-28T14:39:17+00:00,buy
22°C,,[],Mexico City,0x547fee7ce34ec6a2bb35972ce79f57d3fbf8907208e62b1f0575631e0fde1fb4,True,highest-temperature-in-mexico-city-on-april-1-2026,False,False,missing_quote_pair,yes,0.045,asymmetric_paired_accumulation,buy,5.0,2026-03-28T14:39:19+00:00,buy
22°C,,[],Mexico City,0x547fee7ce34ec6a2bb35972ce79f57d3fbf8907208e62b1f0575631e0fde1fb4,True,highest-temperature-in-mexico-city-on-april-1-2026,False,False,missing_quote_pair,yes,0.0450000112796118,asymmetric_paired_accumulation,buy,2.659666,2026-03-28T14:39:19+00:00,buy
23°C,,[],Mexico City,0x9815d8a0a736bd3f2bd05e1d0c0b7fd7872aedaa1ef65754f080af06c14455dd,True,highest-temperature-in-mexico-city-on-april-1-2026,False,False,missing_quote_pair,yes,0.11000000367389211,paired_under_par,buy,10.887636,2026-03-28T14:39:59+00:00,buy
23°C,,[],Mexico City,0x9815d8a0a736bd3f2bd05e1d0c0b7fd7872aedaa1ef65754f080af06c14455dd,True,highest-temperature-in-mexico-city-on-april-1-2026,False,False,missing_quote_pair,yes,0.11000000367389211,paired_under_par,buy,10.887636,2026-03-28T14:39:59+00:00,buy
23°C,,[],Mexico City,0x9815d8a0a736bd3f2bd05e1d0c0b7fd7872aedaa1ef65754f080af06c14455dd,True,highest-temperature-in-mexico-city-on-april-1-2026,False,False,missing_quote_pair,yes,0.11000000367389211,paired_under_par,buy,10.887636,2026-03-28T14:39:59+00:00,buy
23°C,,[],Mexico City,0x9815d8a0a736bd3f2bd05e1d0c0b7fd7872aedaa1ef65754f080af06c14455dd,True,highest-temperature-in-mexico-city-on-april-1-2026,False,False,missing_quote_pair,yes,0.11000000367389211,paired_under_par,buy,10.887636,2026-03-28T14:39:59+00:00,buy
23°C,,[],Mexico City,0x9815d8a0a736bd3f2bd05e1d0c0b7fd7872aedaa1ef65754f080af06c14455dd,True,highest-temperature-in-mexico-city-on-april-1-2026,False,False,missing_quote_pair,no,0.6906192104888129,paired_under_par,buy,138.71824,2026-03-28T14:39:59+00:00,buy
23°C,,[],Mexico City,0x9815d8a0a736bd3f2bd05e1d0c0b7fd7872aedaa1ef65754f080af06c14455dd,True,highest-temperature-in-mexico-city-on-april-1-2026,False,False,missing_quote_pair,yes,0.11000006107866671,paired_under_par,buy,1.146063,2026-03-28T14:39:59+00:00,buy
23°C,,[],Mexico City,0x9815d8a0a736bd3f2bd05e1d0c0b7fd7872aedaa1ef65754f080af06c14455dd,True,highest-temperature-in-mexico-city-on-april-1-2026,False,False,missing_quote_pair,yes,0.11000000044500002,paired_under_par,buy,44.943818,2026-03-28T14:39:59+00:00,buy
23°C,,[],Mexico City,0x9815d8a0a736bd3f2bd05e1d0c0b7fd7872aedaa1ef65754f080af06c14455dd,True,highest-temperature-in-mexico-city-on-april-1-2026,False,False,missing_quote_pair,yes,0.11000001844562414,paired_under_par,buy,2.168536,2026-03-28T14:40:01+00:00,buy
23°C,,[],Mexico City,0x9815d8a0a736bd3f2bd05e1d0c0b7fd7872aedaa1ef65754f080af06c14455dd,True,highest-temperature-in-mexico-city-on-april-1-2026,False,False,missing_quote_pair,yes,0.11000001405266094,paired_under_par,buy,2.134827,2026-03-28T14:40:01+00:00,buy
23°C,,[],Mexico City,0x9815d8a0a736bd3f2bd05e1d0c0b7fd7872aedaa1ef65754f080af06c14455dd,True,highest-temperature-in-mexico-city-on-april-1-2026,False,False,missing_quote_pair,yes,0.11000000734020915,paired_under_par,buy,5.449436,2026-03-28T14:40:01+00:00,buy
23°C,,[],Mexico City,0x9815d8a0a736bd3f2bd05e1d0c0b7fd7872aedaa1ef65754f080af06c14455dd,True,highest-temperature-in-mexico-city-on-april-1-2026,False,False,missing_quote_pair,yes,0.11000000073462653,paired_under_par,buy,54.449436,2026-03-28T14:40:01+00:00,buy
23°C,,[],Mexico City,0x9815d8a0a736bd3f2bd05e1d0c0b7fd7872aedaa1ef65754f080af06c14455dd,True,highest-temperature-in-mexico-city-on-april-1-2026,False,False,missing_quote_pair,yes,0.11000000380342528,paired_under_par,buy,2.629209,2026-03-28T14:40:01+00:00,buy
23°C,,[],Mexico City,0x9815d8a0a736bd3f2bd05e1d0c0b7fd7872aedaa1ef65754f080af06c14455dd,True,highest-temperature-in-mexico-city-on-april-1-2026,False,False,missing_quote_pair,yes,0.11000000613794793,paired_under_par,buy,3.258418,2026-03-28T14:40:01+00:00,buy
23°C,,[],Mexico City,0x9815d8a0a736bd3f2bd05e1d0c0b7fd7872aedaa1ef65754f080af06c14455dd,True,highest-temperature-in-mexico-city-on-april-1-2026,False,False,missing_quote_pair,yes,0.11000000911264966,paired_under_par,buy,3.292127,2026-03-28T14:40:01+00:00,buy
23°C,,[],Mexico City,0x9815d8a0a736bd3f2bd05e1d0c0b7fd7872aedaa1ef65754f080af06c14455dd,True,highest-temperature-in-mexico-city-on-april-1-2026,False,False,missing_quote_pair,yes,0.11000000185127452,paired_under_par,buy,21.606736,2026-03-28T14:40:03+00:00,buy
23°C,,[],Mexico City,0x9815d8a0a736bd3f2bd05e1d0c0b7fd7872aedaa1ef65754f080af06c14455dd,True,highest-temperature-in-mexico-city-on-april-1-2026,False,False,missing_quote_pair,yes,0.11000000013222405,paired_under_par,buy,75.629209,2026-03-28T14:40:03+00:00,buy
23°C,,[],Mexico City,0x9815d8a0a736bd3f2bd05e1d0c0b7fd7872aedaa1ef65754f080af06c14455dd,True,highest-temperature-in-mexico-city-on-april-1-2026,False,False,missing_quote_pair,yes,0.11,paired_under_par,buy,5.4382,2026-03-28T14:40:03+00:00,buy
23°C,,[],Mexico City,0x9815d8a0a736bd3f2bd05e1d0c0b7fd7872aedaa1ef65754f080af06c14455dd,True,highest-temperature-in-mexico-city-on-april-1-2026,False,False,missing_quote_pair,yes,0.11000004944461338,paired_under_par,buy,1.617972,2026-03-28T14:40:03+00:00,buy
23°C,,[],Mexico City,0x9815d8a0a736bd3f2bd05e1d0c0b7fd7872aedaa1ef65754f080af06c14455dd,True,highest-temperature-in-mexico-city-on-april-1-2026,False,False,missing_quote_pair,no,0.8800000806722824,paired_under_par,buy,9.916665,2026-03-28T14:40:07+00:00,buy
23°C,,[],Mexico City,0x9815d8a0a736bd3f2bd05e1d0c0b7fd7872aedaa1ef65754f080af06c14455dd,True,highest-temperature-in-mexico-city-on-april-1-2026,False,False,missing_quote_pair,yes,0.11000001987596954,paired_under_par,buy,4.528081,2026-03-28T14:40:07+00:00,buy
23°C,,[],Mexico City,0x9815d8a0a736bd3f2bd05e1d0c0b7fd7872aedaa1ef65754f080af06c14455dd,True,highest-temperature-in-mexico-city-on-april-1-2026,False,False,missing_quote_pair,yes,0.11000004854549603,paired_under_par,buy,1.235954,2026-03-28T14:40:07+00:00,buy
23°C,,[],Mexico City,0x9815d8a0a736bd3f2bd05e1d0c0b7fd7872aedaa1ef65754f080af06c14455dd,True,highest-temperature-in-mexico-city-on-april-1-2026,False,False,missing_quote_pair,yes,0.11000001424001402,paired_under_par,buy,5.617972,2026-03-28T14:40:07+00:00,buy
23°C,,[],Mexico City,0x9815d8a0a736bd3f2bd05e1d0c0b7fd7872aedaa1ef65754f080af06c14455dd,True,highest-temperature-in-mexico-city-on-april-1-2026,False,False,missing_quote_pair,no,0.8800000872727431,paired_under_par,buy,9.166665,2026-03-28T14:40:07+00:00,buy
23°C,,[],Mexico City,0x9815d8a0a736bd3f2bd05e1d0c0b7fd7872aedaa1ef65754f080af06c14455dd,True,highest-temperature-in-mexico-city-on-april-1-2026,False,False,missing_quote_pair,yes,0.11000004854549603,paired_under_par,buy,1.235954,2026-03-28T14:40:07+00:00,buy
23°C,,[],Mexico City,0x9815d8a0a736bd3f2bd05e1d0c0b7fd7872aedaa1ef65754f080af06c14455dd,True,highest-temperature-in-mexico-city-on-april-1-2026,False,False,missing_quote_pair,yes,0.11000000510321507,paired_under_par,buy,9.797745,2026-03-28T14:40:07+00:00,buy
23°C,,[],Mexico City,0x9815d8a0a736bd3f2bd05e1d0c0b7fd7872aedaa1ef65754f080af06c14455dd,True,highest-temperature-in-mexico-city-on-april-1-2026,False,False,missing_quote_pair,yes,0.11000001633028991,paired_under_par,buy,4.898872,2026-03-28T14:40:07+00:00,buy
23°C,,[],Mexico City,0x9815d8a0a736bd3f2bd05e1d0c0b7fd7872aedaa1ef65754f080af06c14455dd,True,highest-temperature-in-mexico-city-on-april-1-2026,False,False,missing_quote_pair,yes,0.11000004854549603,paired_under_par,buy,1.235954,2026-03-28T14:40:09+00:00,buy
23°C,,[],Mexico City,0x9815d8a0a736bd3f2bd05e1d0c0b7fd7872aedaa1ef65754f080af06c14455dd,True,highest-temperature-in-mexico-city-on-april-1-2026,False,False,missing_quote_pair,yes,0.11000000883375448,paired_under_par,buy,9.056172,2026-03-28T14:40:09+00:00,buy
23°C,,[],Mexico City,0x9815d8a0a736bd3f2bd05e1d0c0b7fd7872aedaa1ef65754f080af06c14455dd,True,highest-temperature-in-mexico-city-on-april-1-2026,False,False,missing_quote_pair,yes,0.11000000735538035,paired_under_par,buy,6.797745,2026-03-28T14:40:09+00:00,buy
23°C,,[],Mexico City,0x9815d8a0a736bd3f2bd05e1d0c0b7fd7872aedaa1ef65754f080af06c14455dd,True,highest-temperature-in-mexico-city-on-april-1-2026,False,False,missing_quote_pair,yes,0.11000001589297038,paired_under_par,buy,1.258418,2026-03-28T14:40:11+00:00,buy
23°C,,[],Mexico City,0x9815d8a0a736bd3f2bd05e1d0c0b7fd7872aedaa1ef65754f080af06c14455dd,True,highest-temperature-in-mexico-city-on-april-1-2026,False,False,missing_quote_pair,yes,0.11000001262412673,paired_under_par,buy,6.337072,2026-03-28T14:40:11+00:00,buy
23°C,,[],Mexico City,0x9815d8a0a736bd3f2bd05e1d0c0b7fd7872aedaa1ef65754f080af06c14455dd,True,highest-temperature-in-mexico-city-on-april-1-2026,False,False,missing_quote_pair,yes,0.11000001589297038,paired_under_par,buy,1.258418,2026-03-28T14:40:11+00:00,buy
23°C,,[],Mexico City,0x9815d8a0a736bd3f2bd05e1d0c0b7fd7872aedaa1ef65754f080af06c14455dd,True,highest-temperature-in-mexico-city-on-april-1-2026,False,False,missing_quote_pair,no,0.8800000654545522,paired_under_par,buy,12.833332,2026-03-28T14:40:11+00:00,buy
23°C,,[],Mexico City,0x9815d8a0a736bd3f2bd05e1d0c0b7fd7872aedaa1ef65754f080af06c14455dd,True,highest-temperature-in-mexico-city-on-april-1-2026,False,False,missing_quote_pair,yes,0.11000004854549603,paired_under_par,buy,1.235954,2026-03-28T14:40:11+00:00,buy
23°C,,[],Mexico City,0x9815d8a0a736bd3f2bd05e1d0c0b7fd7872aedaa1ef65754f080af06c14455dd,True,highest-temperature-in-mexico-city-on-april-1-2026,False,False,missing_quote_pair,yes,0.11000002643574748,paired_under_par,buy,1.134827,2026-03-28T14:40:11+00:00,buy
23°C,,[],Mexico City,0x9815d8a0a736bd3f2bd05e1d0c0b7fd7872aedaa1ef65754f080af06c14455dd,True,highest-temperature-in-mexico-city-on-april-1-2026,False,False,missing_quote_pair,yes,0.1100000053400005,paired_under_par,buy,11.235954,2026-03-28T14:40:11+00:00,buy
23°C,,[],Mexico City,0x9815d8a0a736bd3f2bd05e1d0c0b7fd7872aedaa1ef65754f080af06c14455dd,True,highest-temperature-in-mexico-city-on-april-1-2026,False,False,missing_quote_pair,yes,0.11000001592131052,paired_under_par,buy,6.28089,2026-03-28T14:40:11+00:00,buy
23°C,,[],Mexico City,0x9815d8a0a736bd3f2bd05e1d0c0b7fd7872aedaa1ef65754f080af06c14455dd,True,highest-temperature-in-mexico-city-on-april-1-2026,False,False,missing_quote_pair,yes,0.11000001589297038,paired_under_par,buy,1.258418,2026-03-28T14:40:13+00:00,buy
23°C,,[],Mexico City,0x9815d8a0a736bd3f2bd05e1d0c0b7fd7872aedaa1ef65754f080af06c14455dd,True,highest-temperature-in-mexico-city-on-april-1-2026,False,False,missing_quote_pair,yes,0.11000001589297038,paired_under_par,buy,1.258418,2026-03-28T14:40:13+00:00,buy
23°C,,[],Mexico City,0x9815d8a0a736bd3f2bd05e1d0c0b7fd7872aedaa1ef65754f080af06c14455dd,True,highest-temperature-in-mexico-city-on-april-1-2026,False,False,missing_quote_pair,yes,0.11000004656984623,paired_under_par,buy,1.932581,2026-03-28T14:40:13+00:00,buy
23°C,,[],Mexico City,0x9815d8a0a736bd3f2bd05e1d0c0b7fd7872aedaa1ef65754f080af06c14455dd,True,highest-temperature-in-mexico-city-on-april-1-2026,False,False,missing_quote_pair,yes,0.11000001589297038,paired_under_par,buy,1.258418,2026-03-28T14:40:13+00:00,buy
23°C,,[],Mexico City,0x9815d8a0a736bd3f2bd05e1d0c0b7fd7872aedaa1ef65754f080af06c14455dd,True,highest-temperature-in-mexico-city-on-april-1-2026,False,False,missing_quote_pair,yes,0.11000000559750889,paired_under_par,buy,1.786509,2026-03-28T14:40:15+00:00,buy
23°C,,[],Mexico City,0x9815d8a0a736bd3f2bd05e1d0c0b7fd7872aedaa1ef65754f080af06c14455dd,True,highest-temperature-in-mexico-city-on-april-1-2026,False,False,missing_quote_pair,yes,0.11,paired_under_par,buy,5.0,2026-03-28T14:40:23+00:00,buy
23°C,,[],Mexico City,0x9815d8a0a736bd3f2bd05e1d0c0b7fd7872aedaa1ef65754f080af06c14455dd,True,highest-temperature-in-mexico-city-on-april-1-2026,False,False,missing_quote_pair,no,0.88,paired_under_par,buy,1.09,2026-03-28T14:40:27+00:00,buy
23°C,,[],Mexico City,0x9815d8a0a736bd3f2bd05e1d0c0b7fd7872aedaa1ef65754f080af06c14455dd,True,highest-temperature-in-mexico-city-on-april-1-2026,False,False,missing_quote_pair,no,0.88,paired_under_par,buy,1.09,2026-03-28T14:40:27+00:00,buy
23°C,,[],Mexico City,0x9815d8a0a736bd3f2bd05e1d0c0b7fd7872aedaa1ef65754f080af06c14455dd,True,highest-temperature-in-mexico-city-on-april-1-2026,False,False,missing_quote_pair,yes,0.11,paired_under_par,buy,8.0,2026-03-28T14:40:27+00:00,buy
23°C,,[],Mexico City,0x9815d8a0a736bd3f2bd05e1d0c0b7fd7872aedaa1ef65754f080af06c14455dd,True,highest-temperature-in-mexico-city-on-april-1-2026,False,False,missing_quote_pair,yes,0.11000004854549603,paired_under_par,buy,1.235954,2026-03-28T14:40:29+00:00,buy
23°C,,[],Mexico City,0x9815d8a0a736bd3f2bd05e1d0c0b7fd7872aedaa1ef65754f080af06c14455dd,True,highest-temperature-in-mexico-city-on-april-1-2026,False,False,missing_quote_pair,yes,0.11000004854549603,paired_under_par,buy,1.235954,2026-03-28T14:40:29+00:00,buy
23°C,,[],Mexico City,0x9815d8a0a736bd3f2bd05e1d0c0b7fd7872aedaa1ef65754f080af06c14455dd,True,highest-temperature-in-mexico-city-on-april-1-2026,False,False,missing_quote_pair,yes,0.11000004854549603,paired_under_par,buy,1.235954,2026-03-28T14:40:29+00:00,buy
23°C,,[],Mexico City,0x9815d8a0a736bd3f2bd05e1d0c0b7fd7872aedaa1ef65754f080af06c14455dd,True,highest-temperature-in-mexico-city-on-april-1-2026,False,False,missing_quote_pair,yes,0.11000004854549603,paired_under_par,buy,1.235954,2026-03-28T14:40:29+00:00,buy
23°C,,[],Mexico City,0x9815d8a0a736bd3f2bd05e1d0c0b7fd7872aedaa1ef65754f080af06c14455dd,True,highest-temperature-in-mexico-city-on-april-1-2026,False,False,missing_quote_pair,yes,0.11000001202705124,paired_under_par,buy,3.325836,2026-03-28T14:40:29+00:00,buy
23°C,,[],Mexico City,0x9815d8a0a736bd3f2bd05e1d0c0b7fd7872aedaa1ef65754f080af06c14455dd,True,highest-temperature-in-mexico-city-on-april-1-2026,False,False,missing_quote_pair,yes,0.11000004854549603,paired_under_par,buy,1.235954,2026-03-28T14:40:29+00:00,buy
23°C,,[],Mexico City,0x9815d8a0a736bd3f2bd05e1d0c0b7fd7872aedaa1ef65754f080af06c14455dd,True,highest-temperature-in-mexico-city-on-april-1-2026,False,False,missing_quote_pair,no,0.88,paired_under_par,buy,3.37,2026-03-28T14:40:29+00:00,buy
23°C,,[],Mexico City,0x9815d8a0a736bd3f2bd05e1d0c0b7fd7872aedaa1ef65754f080af06c14455dd,True,highest-temperature-in-mexico-city-on-april-1-2026,False,False,missing_quote_pair,no,0.88,paired_under_par,buy,1.12,2026-03-28T14:40:29+00:00,buy
23°C,,[],Mexico City,0x9815d8a0a736bd3f2bd05e1d0c0b7fd7872aedaa1ef65754f080af06c14455dd,True,highest-temperature-in-mexico-city-on-april-1-2026,False,False,missing_quote_pair,yes,0.11000004854549603,paired_under_par,buy,1.235954,2026-03-28T14:40:29+00:00,buy
23°C,,[],Mexico City,0x9815d8a0a736bd3f2bd05e1d0c0b7fd7872aedaa1ef65754f080af06c14455dd,True,highest-temperature-in-mexico-city-on-april-1-2026,False,False,missing_quote_pair,yes,0.11000004854549603,paired_under_par,buy,1.235954,2026-03-28T14:40:29+00:00,buy
23°C,,[],Mexico City,0x9815d8a0a736bd3f2bd05e1d0c0b7fd7872aedaa1ef65754f080af06c14455dd,True,highest-temperature-in-mexico-city-on-april-1-2026,False,False,missing_quote_pair,yes,0.11000004854549603,paired_under_par,buy,1.235954,2026-03-28T14:40:29+00:00,buy
23°C,,[],Mexico City,0x9815d8a0a736bd3f2bd05e1d0c0b7fd7872aedaa1ef65754f080af06c14455dd,True,highest-temperature-in-mexico-city-on-april-1-2026,False,False,missing_quote_pair,no,0.88,paired_under_par,buy,1.09,2026-03-28T14:40:29+00:00,buy
23°C,,[],Mexico City,0x9815d8a0a736bd3f2bd05e1d0c0b7fd7872aedaa1ef65754f080af06c14455dd,True,highest-temperature-in-mexico-city-on-april-1-2026,False,False,missing_quote_pair,no,0.88,paired_under_par,buy,1.09,2026-03-28T14:40:29+00:00,buy
23°C,,[],Mexico City,0x9815d8a0a736bd3f2bd05e1d0c0b7fd7872aedaa1ef65754f080af06c14455dd,True,highest-temperature-in-mexico-city-on-april-1-2026,False,False,missing_quote_pair,yes,0.11000004854549603,paired_under_par,buy,1.235954,2026-03-28T14:40:29+00:00,buy
23°C,,[],Mexico City,0x9815d8a0a736bd3f2bd05e1d0c0b7fd7872aedaa1ef65754f080af06c14455dd,True,highest-temperature-in-mexico-city-on-april-1-2026,False,False,missing_quote_pair,yes,0.11000002643574748,paired_under_par,buy,1.134827,2026-03-28T14:40:31+00:00,buy
23°C,,[],Mexico City,0x9815d8a0a736bd3f2bd05e1d0c0b7fd7872aedaa1ef65754f080af06c14455dd,True,highest-temperature-in-mexico-city-on-april-1-2026,False,False,missing_quote_pair,yes,0.11000003039034664,paired_under_par,buy,2.303363,2026-03-28T14:40:33+00:00,buy
23°C,,[],Mexico City,0x9815d8a0a736bd3f2bd05e1d0c0b7fd7872aedaa1ef65754f080af06c14455dd,True,highest-temperature-in-mexico-city-on-april-1-2026,False,False,missing_quote_pair,yes,0.11,paired_under_par,buy,22.47,2026-03-28T14:40:43+00:00,buy
23°C,,[],Mexico City,0x9815d8a0a736bd3f2bd05e1d0c0b7fd7872aedaa1ef65754f080af06c14455dd,True,highest-temperature-in-mexico-city-on-april-1-2026,False,False,missing_quote_pair,no,0.88,paired_under_par,buy,5.44,2026-03-28T14:40:49+00:00,buy
23°C,,[],Mexico City,0x9815d8a0a736bd3f2bd05e1d0c0b7fd7872aedaa1ef65754f080af06c14455dd,True,highest-temperature-in-mexico-city-on-april-1-2026,False,False,missing_quote_pair,no,0.88,paired_under_par,buy,2.16,2026-03-28T14:40:49+00:00,buy
23°C,,[],Mexico City,0x9815d8a0a736bd3f2bd05e1d0c0b7fd7872aedaa1ef65754f080af06c14455dd,True,highest-temperature-in-mexico-city-on-april-1-2026,False,False,missing_quote_pair,yes,0.11000001768214228,paired_under_par,buy,3.393254,2026-03-28T14:40:49+00:00,buy
23°C,,[],Mexico City,0x9815d8a0a736bd3f2bd05e1d0c0b7fd7872aedaa1ef65754f080af06c14455dd,True,highest-temperature-in-mexico-city-on-april-1-2026,False,False,missing_quote_pair,yes,0.11000001768214228,paired_under_par,buy,1.696627,2026-03-28T14:40:49+00:00,buy
23°C,,[],Mexico City,0x9815d8a0a736bd3f2bd05e1d0c0b7fd7872aedaa1ef65754f080af06c14455dd,True,highest-temperature-in-mexico-city-on-april-1-2026,False,False,missing_quote_pair,yes,0.11000004854549603,paired_under_par,buy,1.235954,2026-03-28T14:40:49+00:00,buy
23°C,,[],Mexico City,0x9815d8a0a736bd3f2bd05e1d0c0b7fd7872aedaa1ef65754f080af06c14455dd,True,highest-temperature-in-mexico-city-on-april-1-2026,False,False,missing_quote_pair,yes,0.1100000372385389,paired_under_par,buy,2.68539,2026-03-28T14:40:49+00:00,buy
23°C,,[],Mexico City,0x9815d8a0a736bd3f2bd05e1d0c0b7fd7872aedaa1ef65754f080af06c14455dd,True,highest-temperature-in-mexico-city-on-april-1-2026,False,False,missing_quote_pair,no,0.88,paired_under_par,buy,3.44,2026-03-28T14:40:49+00:00,buy
23°C,,[],Mexico City,0x9815d8a0a736bd3f2bd05e1d0c0b7fd7872aedaa1ef65754f080af06c14455dd,True,highest-temperature-in-mexico-city-on-april-1-2026,False,False,missing_quote_pair,no,0.88,paired_under_par,buy,4.12,2026-03-28T14:40:49+00:00,buy
23°C,,[],Mexico City,0x9815d8a0a736bd3f2bd05e1d0c0b7fd7872aedaa1ef65754f080af06c14455dd,True,highest-temperature-in-mexico-city-on-april-1-2026,False,False,missing_quote_pair,yes,0.11000004854549603,paired_under_par,buy,1.235954,2026-03-28T14:40:49+00:00,buy
23°C,,[],Mexico City,0x9815d8a0a736bd3f2bd05e1d0c0b7fd7872aedaa1ef65754f080af06c14455dd,True,highest-temperature-in-mexico-city-on-april-1-2026,False,False,missing_quote_pair,yes,0.11000001675733939,paired_under_par,buy,5.370781,2026-03-28T14:40:49+00:00,buy
23°C,,[],Mexico City,0x9815d8a0a736bd3f2bd05e1d0c0b7fd7872aedaa1ef65754f080af06c14455dd,True,highest-temperature-in-mexico-city-on-april-1-2026,False,False,missing_quote_pair,yes,0.11000004854549603,paired_under_par,buy,1.235954,2026-03-28T14:40:51+00:00,buy
23°C,,[],Mexico City,0x9815d8a0a736bd3f2bd05e1d0c0b7fd7872aedaa1ef65754f080af06c14455dd,True,highest-temperature-in-mexico-city-on-april-1-2026,False,False,missing_quote_pair,no,0.88,paired_under_par,buy,1.12,2026-03-28T14:40:51+00:00,buy
23°C,,[],Mexico City,0x9815d8a0a736bd3f2bd05e1d0c0b7fd7872aedaa1ef65754f080af06c14455dd,True,highest-temperature-in-mexico-city-on-april-1-2026,False,False,missing_quote_pair,yes,0.11000000679389826,paired_under_par,buy,1.471909,2026-03-28T14:40:51+00:00,buy
23°C,,[],Mexico City,0x9815d8a0a736bd3f2bd05e1d0c0b7fd7872aedaa1ef65754f080af06c14455dd,True,highest-temperature-in-mexico-city-on-april-1-2026,False,False,missing_quote_pair,yes,0.11000001405266094,paired_under_par,buy,2.134827,2026-03-28T14:40:51+00:00,buy
23°C,,[],Mexico City,0x9815d8a0a736bd3f2bd05e1d0c0b7fd7872aedaa1ef65754f080af06c14455dd,True,highest-temperature-in-mexico-city-on-april-1-2026,False,False,missing_quote_pair,yes,0.11,paired_under_par,buy,1.28,2026-03-28T14:40:51+00:00,buy
23°C,,[],Mexico City,0x9815d8a0a736bd3f2bd05e1d0c0b7fd7872aedaa1ef65754f080af06c14455dd,True,highest-temperature-in-mexico-city-on-april-1-2026,False,False,missing_quote_pair,yes,0.11000004854549603,paired_under_par,buy,1.235954,2026-03-28T14:40:53+00:00,buy
23°C,,[],Mexico City,0x9815d8a0a736bd3f2bd05e1d0c0b7fd7872aedaa1ef65754f080af06c14455dd,True,highest-temperature-in-mexico-city-on-april-1-2026,False,False,missing_quote_pair,yes,0.11000004854549603,paired_under_par,buy,1.235954,2026-03-28T14:40:53+00:00,buy
23°C,,[],Mexico City,0x9815d8a0a736bd3f2bd05e1d0c0b7fd7872aedaa1ef65754f080af06c14455dd,True,highest-temperature-in-mexico-city-on-april-1-2026,False,False,missing_quote_pair,yes,0.11000000425838337,paired_under_par,buy,2.348309,2026-03-28T14:40:55+00:00,buy
23°C,,[],Mexico City,0x9815d8a0a736bd3f2bd05e1d0c0b7fd7872aedaa1ef65754f080af06c14455dd,True,highest-temperature-in-mexico-city-on-april-1-2026,False,False,missing_quote_pair,no,0.88,paired_under_par,buy,2.25,2026-03-28T14:41:09+00:00,buy
23°C,,[],Mexico City,0x9815d8a0a736bd3f2bd05e1d0c0b7fd7872aedaa1ef65754f080af06c14455dd,True,highest-temperature-in-mexico-city-on-april-1-2026,False,False,missing_quote_pair,yes,0.11000000898990343,paired_under_par,buy,2.224718,2026-03-28T14:41:11+00:00,buy
23°C,,[],Mexico City,0x9815d8a0a736bd3f2bd05e1d0c0b7fd7872aedaa1ef65754f080af06c14455dd,True,highest-temperature-in-mexico-city-on-april-1-2026,False,False,missing_quote_pair,yes,0.11000004854549603,paired_under_par,buy,1.235954,2026-03-28T14:41:11+00:00,buy
23°C,,[],Mexico City,0x9815d8a0a736bd3f2bd05e1d0c0b7fd7872aedaa1ef65754f080af06c14455dd,True,highest-temperature-in-mexico-city-on-april-1-2026,False,False,missing_quote_pair,yes,0.11000002643574748,paired_under_par,buy,1.134827,2026-03-28T14:41:13+00:00,buy
24°C,,[],Mexico City,0x5b317eba2d33da2d594c1dd6eef399cd3ee430be44103d6169172f7feca05e9c,True,highest-temperature-in-mexico-city-on-april-1-2026,False,False,missing_quote_pair,no,0.7613569576490925,asymmetric_paired_accumulation,buy,11.44671,2026-03-28T14:41:23+00:00,buy
24°C,,[],Mexico City,0x5b317eba2d33da2d594c1dd6eef399cd3ee430be44103d6169172f7feca05e9c,True,highest-temperature-in-mexico-city-on-april-1-2026,False,False,missing_quote_pair,yes,0.1,asymmetric_paired_accumulation,buy,6.78888,2026-03-28T14:41:25+00:00,buy
24°C,,[],Mexico City,0x5b317eba2d33da2d594c1dd6eef399cd3ee430be44103d6169172f7feca05e9c,True,highest-temperature-in-mexico-city-on-april-1-2026,False,False,missing_quote_pair,yes,0.1,asymmetric_paired_accumulation,buy,4.88888,2026-03-28T14:41:25+00:00,buy
24°C,,[],Mexico City,0x5b317eba2d33da2d594c1dd6eef399cd3ee430be44103d6169172f7feca05e9c,True,highest-temperature-in-mexico-city-on-april-1-2026,False,False,missing_quote_pair,yes,0.1,asymmetric_paired_accumulation,buy,1.13,2026-03-28T14:41:49+00:00,buy
78-79°F,,[],Dallas,0x15e11df37779921a92411b8694ee6001e6aa6fe1168cb21daa8820628e009b69,True,highest-temperature-in-dallas-on-april-1-2026,False,False,missing_quote_pair,yes,0.12,paired_under_par,buy,22.73,2026-03-28T14:42:39+00:00,buy
21°C,,[],Mexico City,0xe24bd4951da746f43b71514ac28f23c2ff4881a79815f4f9dbd19e6ab44f8a25,True,highest-temperature-in-mexico-city-on-april-1-2026,False,False,missing_quote_pair,yes,0.02,asymmetric_paired_accumulation,buy,1.38775,2026-03-28T14:42:47+00:00,buy
21°C,,[],Mexico City,0xe24bd4951da746f43b71514ac28f23c2ff4881a79815f4f9dbd19e6ab44f8a25,True,highest-temperature-in-mexico-city-on-april-1-2026,False,False,missing_quote_pair,yes,0.02,asymmetric_paired_accumulation,buy,1.102,2026-03-28T14:42:47+00:00,buy
21°C,,[],Mexico City,0xe24bd4951da746f43b71514ac28f23c2ff4881a79815f4f9dbd19e6ab44f8a25,True,highest-temperature-in-mexico-city-on-april-1-2026,False,False,missing_quote_pair,yes,0.02,asymmetric_paired_accumulation,buy,1.38775,2026-03-28T14:42:47+00:00,buy
21°C,,[],Mexico City,0xe24bd4951da746f43b71514ac28f23c2ff4881a79815f4f9dbd19e6ab44f8a25,True,highest-temperature-in-mexico-city-on-april-1-2026,False,False,missing_quote_pair,yes,0.02,asymmetric_paired_accumulation,buy,1.29775,2026-03-28T14:42:47+00:00,buy
21°C,,[],Mexico City,0xe24bd4951da746f43b71514ac28f23c2ff4881a79815f4f9dbd19e6ab44f8a25,True,highest-temperature-in-mexico-city-on-april-1-2026,False,False,missing_quote_pair,yes,0.02,asymmetric_paired_accumulation,buy,1.38775,2026-03-28T14:42:47+00:00,buy
21°C,,[],Mexico City,0xe24bd4951da746f43b71514ac28f23c2ff4881a79815f4f9dbd19e6ab44f8a25,True,highest-temperature-in-mexico-city-on-april-1-2026,False,False,missing_quote_pair,no,0.9764285714285714,asymmetric_paired_accumulation,buy,14.0,2026-03-28T14:42:47+00:00,buy
21°C,,[],Mexico City,0xe24bd4951da746f43b71514ac28f23c2ff4881a79815f4f9dbd19e6ab44f8a25,True,highest-temperature-in-mexico-city-on-april-1-2026,False,False,missing_quote_pair,yes,0.02,asymmetric_paired_accumulation,buy,1.38775,2026-03-28T14:42:47+00:00,buy
21°C,,[],Mexico City,0xe24bd4951da746f43b71514ac28f23c2ff4881a79815f4f9dbd19e6ab44f8a25,True,highest-temperature-in-mexico-city-on-april-1-2026,False,False,missing_quote_pair,yes,0.02,asymmetric_paired_accumulation,buy,1.1224,2026-03-28T14:42:49+00:00,buy
21°C,,[],Mexico City,0xe24bd4951da746f43b71514ac28f23c2ff4881a79815f4f9dbd19e6ab44f8a25,True,highest-temperature-in-mexico-city-on-april-1-2026,False,False,missing_quote_pair,yes,0.02,asymmetric_paired_accumulation,buy,5.102,2026-03-28T14:42:49+00:00,buy
21°C,,[],Mexico City,0xe24bd4951da746f43b71514ac28f23c2ff4881a79815f4f9dbd19e6ab44f8a25,True,highest-temperature-in-mexico-city-on-april-1-2026,False,False,missing_quote_pair,yes,0.02,asymmetric_paired_accumulation,buy,9.73465,2026-03-28T14:42:51+00:00,buy
21°C,,[],Mexico City,0xe24bd4951da746f43b71514ac28f23c2ff4881a79815f4f9dbd19e6ab44f8a25,True,highest-temperature-in-mexico-city-on-april-1-2026,False,False,missing_quote_pair,yes,0.02,asymmetric_paired_accumulation,buy,14.0,2026-03-28T14:42:55+00:00,buy
21°C,,[],Mexico City,0xe24bd4951da746f43b71514ac28f23c2ff4881a79815f4f9dbd19e6ab44f8a25,True,highest-temperature-in-mexico-city-on-april-1-2026,False,False,missing_quote_pair,yes,0.02,asymmetric_paired_accumulation,buy,9.051,2026-03-28T14:43:03+00:00,buy
21°C,,[],Mexico City,0xe24bd4951da746f43b71514ac28f23c2ff4881a79815f4f9dbd19e6ab44f8a25,True,highest-temperature-in-mexico-city-on-april-1-2026,False,False,missing_quote_pair,yes,0.02,asymmetric_paired_accumulation,buy,2.0,2026-03-28T14:43:03+00:00,buy
21°C,,[],Mexico City,0xe24bd4951da746f43b71514ac28f23c2ff4881a79815f4f9dbd19e6ab44f8a25,True,highest-temperature-in-mexico-city-on-april-1-2026,False,False,missing_quote_pair,yes,0.02,asymmetric_paired_accumulation,buy,5.0,2026-03-28T14:43:05+00:00,buy
78-79°F,,[],Dallas,0x15e11df37779921a92411b8694ee6001e6aa6fe1168cb21daa8820628e009b69,True,highest-temperature-in-dallas-on-april-1-2026,False,False,missing_quote_pair,no,0.87,paired_under_par,buy,2.27,2026-03-28T14:43:07+00:00,buy
78-79°F,,[],Dallas,0x15e11df37779921a92411b8694ee6001e6aa6fe1168cb21daa8820628e009b69,True,highest-temperature-in-dallas-on-april-1-2026,False,False,missing_quote_pair,yes,0.12,paired_under_par,buy,1.25,2026-03-28T14:43:09+00:00,buy
78-79°F,,[],Dallas,0x15e11df37779921a92411b8694ee6001e6aa6fe1168cb21daa8820628e009b69,True,highest-temperature-in-dallas-on-april-1-2026,False,False,missing_quote_pair,yes,0.12000001786804715,paired_under_par,buy,2.238633,2026-03-28T14:43:09+00:00,buy
78-79°F,,[],Dallas,0x15e11df37779921a92411b8694ee6001e6aa6fe1168cb21daa8820628e009b69,True,highest-temperature-in-dallas-on-april-1-2026,False,False,missing_quote_pair,yes,0.1200000260742085,paired_under_par,buy,1.534083,2026-03-28T14:43:11+00:00,buy
21°C,,[],Mexico City,0xe24bd4951da746f43b71514ac28f23c2ff4881a79815f4f9dbd19e6ab44f8a25,True,highest-temperature-in-mexico-city-on-april-1-2026,False,False,missing_quote_pair,yes,0.02,asymmetric_paired_accumulation,buy,1.4,2026-03-28T14:43:29+00:00,buy
21°C,,[],Mexico City,0xe24bd4951da746f43b71514ac28f23c2ff4881a79815f4f9dbd19e6ab44f8a25,True,highest-temperature-in-mexico-city-on-april-1-2026,False,False,missing_quote_pair,no,0.97,asymmetric_paired_accumulation,buy,1.4,2026-03-28T14:43:29+00:00,buy
21°C,,[],Mexico City,0xe24bd4951da746f43b71514ac28f23c2ff4881a79815f4f9dbd19e6ab44f8a25,True,highest-temperature-in-mexico-city-on-april-1-2026,False,False,missing_quote_pair,yes,0.02,asymmetric_paired_accumulation,buy,1.1224,2026-03-28T14:43:31+00:00,buy
78-79°F,,[],Dallas,0x15e11df37779921a92411b8694ee6001e6aa6fe1168cb21daa8820628e009b69,True,highest-temperature-in-dallas-on-april-1-2026,False,False,missing_quote_pair,yes,0.12,paired_under_par,buy,22.73,2026-03-28T14:45:35+00:00,buy
80-81°F,,[],Dallas,0x21e679503465f7f609a31862105795194bd85731363b3d90e93dec9e7091df3f,True,highest-temperature-in-dallas-on-april-1-2026,False,False,missing_quote_pair,yes,0.08,cheap_bucket_accumulation,buy,4.06,2026-03-28T14:45:53+00:00,buy
78-79°F,,[],Dallas,0x15e11df37779921a92411b8694ee6001e6aa6fe1168cb21daa8820628e009b69,True,highest-temperature-in-dallas-on-april-1-2026,False,False,missing_quote_pair,yes,0.12,paired_under_par,buy,4.06,2026-03-28T14:45:53+00:00,buy
78-79°F,,[],Dallas,0x15e11df37779921a92411b8694ee6001e6aa6fe1168cb21daa8820628e009b69,True,highest-temperature-in-dallas-on-april-1-2026,False,False,missing_quote_pair,no,0.87,paired_under_par,buy,2.27,2026-03-28T14:46:07+00:00,buy
78-79°F,,[],Dallas,0x15e11df37779921a92411b8694ee6001e6aa6fe1168cb21daa8820628e009b69,True,highest-temperature-in-dallas-on-april-1-2026,False,False,missing_quote_pair,yes,0.12,paired_under_par,buy,1.25,2026-03-28T14:46:09+00:00,buy
78-79°F,,[],Dallas,0x15e11df37779921a92411b8694ee6001e6aa6fe1168cb21daa8820628e009b69,True,highest-temperature-in-dallas-on-april-1-2026,False,False,missing_quote_pair,yes,0.12000001786804715,paired_under_par,buy,2.238633,2026-03-28T14:46:09+00:00,buy
78-79°F,,[],Dallas,0x15e11df37779921a92411b8694ee6001e6aa6fe1168cb21daa8820628e009b69,True,highest-temperature-in-dallas-on-april-1-2026,False,False,missing_quote_pair,yes,0.12000003520017459,paired_under_par,buy,1.136358,2026-03-28T14:46:09+00:00,buy
78-79°F,,[],Dallas,0x15e11df37779921a92411b8694ee6001e6aa6fe1168cb21daa8820628e009b69,True,highest-temperature-in-dallas-on-april-1-2026,False,False,missing_quote_pair,yes,0.1200000260742085,paired_under_par,buy,1.534083,2026-03-28T14:46:11+00:00,buy
78-79°F,,[],Dallas,0x15e11df37779921a92411b8694ee6001e6aa6fe1168cb21daa8820628e009b69,True,highest-temperature-in-dallas-on-april-1-2026,False,False,missing_quote_pair,yes,0.12,paired_under_par,buy,22.73,2026-03-28T14:47:25+00:00,buy
78-79°F,,[],Dallas,0x15e11df37779921a92411b8694ee6001e6aa6fe1168cb21daa8820628e009b69,True,highest-temperature-in-dallas-on-april-1-2026,False,False,missing_quote_pair,yes,0.12,paired_under_par,buy,1.25,2026-03-28T14:47:47+00:00,buy
78-79°F,,[],Dallas,0x15e11df37779921a92411b8694ee6001e6aa6fe1168cb21daa8820628e009b69,True,highest-temperature-in-dallas-on-april-1-2026,False,False,missing_quote_pair,no,0.87,paired_under_par,buy,2.27,2026-03-28T14:47:47+00:00,buy
78-79°F,,[],Dallas,0x15e11df37779921a92411b8694ee6001e6aa6fe1168cb21daa8820628e009b69,True,highest-temperature-in-dallas-on-april-1-2026,False,False,missing_quote_pair,yes,0.12000001786804715,paired_under_par,buy,2.238633,2026-03-28T14:47:49+00:00,buy
78-79°F,,[],Dallas,0x15e11df37779921a92411b8694ee6001e6aa6fe1168cb21daa8820628e009b69,True,highest-temperature-in-dallas-on-april-1-2026,False,False,missing_quote_pair,yes,0.12000003520017459,paired_under_par,buy,1.136358,2026-03-28T14:47:49+00:00,buy
78-79°F,,[],Dallas,0x15e11df37779921a92411b8694ee6001e6aa6fe1168cb21daa8820628e009b69,True,highest-temperature-in-dallas-on-april-1-2026,False,False,missing_quote_pair,yes,0.1200000260742085,paired_under_par,buy,1.534083,2026-03-28T14:47:51+00:00,buy
23°C,,[],Mexico City,0x9815d8a0a736bd3f2bd05e1d0c0b7fd7872aedaa1ef65754f080af06c14455dd,True,highest-temperature-in-mexico-city-on-april-1-2026,False,False,missing_quote_pair,no,0.88,paired_under_par,buy,4.65,2026-03-28T14:49:17+00:00,buy
23°C,,[],Mexico City,0x9815d8a0a736bd3f2bd05e1d0c0b7fd7872aedaa1ef65754f080af06c14455dd,True,highest-temperature-in-mexico-city-on-april-1-2026,False,False,missing_quote_pair,no,0.88,paired_under_par,buy,0.35,2026-03-28T14:49:17+00:00,buy
23°C,,[],Mexico City,0x9815d8a0a736bd3f2bd05e1d0c0b7fd7872aedaa1ef65754f080af06c14455dd,True,highest-temperature-in-mexico-city-on-april-1-2026,False,False,missing_quote_pair,yes,0.11000004854549603,paired_under_par,buy,1.235954,2026-03-28T14:49:19+00:00,buy
23°C,,[],Mexico City,0x9815d8a0a736bd3f2bd05e1d0c0b7fd7872aedaa1ef65754f080af06c14455dd,True,highest-temperature-in-mexico-city-on-april-1-2026,False,False,missing_quote_pair,yes,0.11000004854549603,paired_under_par,buy,1.235954,2026-03-28T14:49:19+00:00,buy
23°C,,[],Mexico City,0x9815d8a0a736bd3f2bd05e1d0c0b7fd7872aedaa1ef65754f080af06c14455dd,True,highest-temperature-in-mexico-city-on-april-1-2026,False,False,missing_quote_pair,yes,0.11000001424001402,paired_under_par,buy,5.617972,2026-03-28T14:49:19+00:00,buy
23°C,,[],Mexico City,0x9815d8a0a736bd3f2bd05e1d0c0b7fd7872aedaa1ef65754f080af06c14455dd,True,highest-temperature-in-mexico-city-on-april-1-2026,False,False,missing_quote_pair,yes,0.1100000890004361,paired_under_par,buy,1.12359,2026-03-28T14:49:19+00:00,buy
78-79°F,,[],Dallas,0x15e11df37779921a92411b8694ee6001e6aa6fe1168cb21daa8820628e009b69,True,highest-temperature-in-dallas-on-april-1-2026,False,False,missing_quote_pair,yes,0.12,paired_under_par,buy,18.34,2026-03-28T14:50:47+00:00,buy
78-79°F,,[],Dallas,0x15e11df37779921a92411b8694ee6001e6aa6fe1168cb21daa8820628e009b69,True,highest-temperature-in-dallas-on-april-1-2026,False,False,missing_quote_pair,no,0.87,paired_under_par,buy,1.83,2026-03-28T14:51:09+00:00,buy
78-79°F,,[],Dallas,0x15e11df37779921a92411b8694ee6001e6aa6fe1168cb21daa8820628e009b69,True,highest-temperature-in-dallas-on-april-1-2026,False,False,missing_quote_pair,yes,0.12000004427678303,paired_under_par,buy,1.806816,2026-03-28T14:51:09+00:00,buy
78-79°F,,[],Dallas,0x15e11df37779921a92411b8694ee6001e6aa6fe1168cb21daa8820628e009b69,True,highest-temperature-in-dallas-on-april-1-2026,False,False,missing_quote_pair,yes,0.12,paired_under_par,buy,1.25,2026-03-28T14:51:11+00:00,buy
76-77°F,,[],Dallas,0x6d0d4f92ce29ccae6f9e43ab4a7876cd048496c4f331d3310765df88f2626de9,True,highest-temperature-in-dallas-on-april-1-2026,False,False,missing_quote_pair,yes,0.15000007870384216,paired_under_par,buy,1.270586,2026-03-28T15:42:31+00:00,buy
76-77°F,,[],Dallas,0x6d0d4f92ce29ccae6f9e43ab4a7876cd048496c4f331d3310765df88f2626de9,True,highest-temperature-in-dallas-on-april-1-2026,False,False,missing_quote_pair,no,0.85,paired_under_par,buy,10.90181,2026-03-28T15:42:31+00:00,buy
76-77°F,,[],Dallas,0x6d0d4f92ce29ccae6f9e43ab4a7876cd048496c4f331d3310765df88f2626de9,True,highest-temperature-in-dallas-on-april-1-2026,False,False,missing_quote_pair,yes,0.15000003863650238,paired_under_par,buy,1.294113,2026-03-28T15:42:33+00:00,buy
76-77°F,,[],Dallas,0x6d0d4f92ce29ccae6f9e43ab4a7876cd048496c4f331d3310765df88f2626de9,True,highest-temperature-in-dallas-on-april-1-2026,False,False,missing_quote_pair,yes,0.15,paired_under_par,buy,7.61176,2026-03-28T15:42:35+00:00,buy
76-77°F,,[],Dallas,0x6d0d4f92ce29ccae6f9e43ab4a7876cd048496c4f331d3310765df88f2626de9,True,highest-temperature-in-dallas-on-april-1-2026,False,False,missing_quote_pair,yes,0.15,paired_under_par,buy,3.30588,2026-03-28T15:42:37+00:00,buy
76-77°F,,[],Dallas,0x6d0d4f92ce29ccae6f9e43ab4a7876cd048496c4f331d3310765df88f2626de9,True,highest-temperature-in-dallas-on-april-1-2026,False,False,missing_quote_pair,yes,0.15000003863650238,paired_under_par,buy,1.294113,2026-03-28T15:42:55+00:00,buy
76-77°F,,[],Dallas,0x6d0d4f92ce29ccae6f9e43ab4a7876cd048496c4f331d3310765df88f2626de9,True,highest-temperature-in-dallas-on-april-1-2026,False,False,missing_quote_pair,no,0.84,paired_under_par,buy,5.0,2026-03-28T15:42:55+00:00,buy
76-77°F,,[],Dallas,0x6d0d4f92ce29ccae6f9e43ab4a7876cd048496c4f331d3310765df88f2626de9,True,highest-temperature-in-dallas-on-april-1-2026,False,False,missing_quote_pair,yes,0.15,paired_under_par,buy,1.09,2026-03-28T15:42:55+00:00,buy
76-77°F,,[],Dallas,0x6d0d4f92ce29ccae6f9e43ab4a7876cd048496c4f331d3310765df88f2626de9,True,highest-temperature-in-dallas-on-april-1-2026,False,False,missing_quote_pair,yes,0.15,paired_under_par,buy,3.41176,2026-03-28T15:42:57+00:00,buy
76-77°F,,[],Dallas,0x6d0d4f92ce29ccae6f9e43ab4a7876cd048496c4f331d3310765df88f2626de9,True,highest-temperature-in-dallas-on-april-1-2026,False,False,missing_quote_pair,yes,0.15000003728079822,paired_under_par,buy,1.341173,2026-03-28T15:42:59+00:00,buy
23°C,,[],Mexico City,0x9815d8a0a736bd3f2bd05e1d0c0b7fd7872aedaa1ef65754f080af06c14455dd,True,highest-temperature-in-mexico-city-on-april-1-2026,False,False,missing_quote_pair,no,0.62,unsupported_public_behavior,buy,9.078489999999999,2026-03-28T16:10:41+00:00,buy
58-59°F,,[],New York City,0x6b041ef9b1b971cabd427a76182f43408fb018ade06ee65c0774d1afac986ef3,True,highest-temperature-in-nyc-on-march-31-2026,False,False,missing_quote_pair,yes,0.010477983870967742,asymmetric_paired_accumulation,buy,247.36869,2026-03-28T21:10:52+00:00,buy
58-59°F,,[],New York City,0x6b041ef9b1b971cabd427a76182f43408fb018ade06ee65c0774d1afac986ef3,True,highest-temperature-in-nyc-on-march-31-2026,False,False,missing_quote_pair,no,0.96,asymmetric_paired_accumulation,buy,30.7675,2026-03-28T21:10:56+00:00,buy
58-59°F,,[],New York City,0x6b041ef9b1b971cabd427a76182f43408fb018ade06ee65c0774d1afac986ef3,True,highest-temperature-in-nyc-on-march-31-2026,False,False,missing_quote_pair,no,0.96,asymmetric_paired_accumulation,buy,25.0,2026-03-28T21:10:56+00:00,buy
58-59°F,,[],New York City,0x6b041ef9b1b971cabd427a76182f43408fb018ade06ee65c0774d1afac986ef3,True,highest-temperature-in-nyc-on-march-31-2026,False,False,missing_quote_pair,yes,0.03309882964889467,asymmetric_paired_accumulation,buy,15.31122,2026-03-28T21:11:28+00:00,buy
58-59°F,,[],New York City,0x6b041ef9b1b971cabd427a76182f43408fb018ade06ee65c0774d1afac986ef3,True,highest-temperature-in-nyc-on-march-31-2026,False,False,missing_quote_pair,yes,0.039,asymmetric_paired_accumulation,buy,10.0,2026-03-28T21:11:28+00:00,buy
58-59°F,,[],New York City,0x6b041ef9b1b971cabd427a76182f43408fb018ade06ee65c0774d1afac986ef3,True,highest-temperature-in-nyc-on-march-31-2026,False,False,missing_quote_pair,yes,0.03900001779644427,asymmetric_paired_accumulation,buy,1.12382,2026-03-28T21:11:30+00:00,buy
58-59°F,,[],New York City,0x6b041ef9b1b971cabd427a76182f43408fb018ade06ee65c0774d1afac986ef3,True,highest-temperature-in-nyc-on-march-31-2026,False,False,missing_quote_pair,no,0.96,asymmetric_paired_accumulation,buy,27.5,2026-03-28T21:11:30+00:00,buy
58-59°F,,[],New York City,0x6b041ef9b1b971cabd427a76182f43408fb018ade06ee65c0774d1afac986ef3,True,highest-temperature-in-nyc-on-march-31-2026,False,False,missing_quote_pair,yes,0.03900001310484311,asymmetric_paired_accumulation,buy,1.144615,2026-03-28T21:11:30+00:00,buy
58-59°F,,[],New York City,0x6b041ef9b1b971cabd427a76182f43408fb018ade06ee65c0774d1afac986ef3,True,highest-temperature-in-nyc-on-march-31-2026,False,False,missing_quote_pair,no,0.96,asymmetric_paired_accumulation,buy,27.5,2026-03-28T21:11:30+00:00,buy
58-59°F,,[],New York City,0x6b041ef9b1b971cabd427a76182f43408fb018ade06ee65c0774d1afac986ef3,True,highest-temperature-in-nyc-on-march-31-2026,False,False,missing_quote_pair,yes,0.03900001779644427,asymmetric_paired_accumulation,buy,1.12382,2026-03-28T21:11:30+00:00,buy
58-59°F,,[],New York City,0x6b041ef9b1b971cabd427a76182f43408fb018ade06ee65c0774d1afac986ef3,True,highest-temperature-in-nyc-on-march-31-2026,False,False,missing_quote_pair,yes,0.03900000291213224,asymmetric_paired_accumulation,buy,2.747128,2026-03-28T21:11:32+00:00,buy
58-59°F,,[],New York City,0x6b041ef9b1b971cabd427a76182f43408fb018ade06ee65c0774d1afac986ef3,True,highest-temperature-in-nyc-on-march-31-2026,False,False,missing_quote_pair,yes,0.039,asymmetric_paired_accumulation,buy,3.08,2026-03-28T21:11:32+00:00,buy
58-59°F,,[],New York City,0x6b041ef9b1b971cabd427a76182f43408fb018ade06ee65c0774d1afac986ef3,True,highest-temperature-in-nyc-on-march-31-2026,False,False,missing_quote_pair,no,0.96,asymmetric_paired_accumulation,buy,25.0,2026-03-28T21:11:32+00:00,buy
58-59°F,,[],New York City,0x6b041ef9b1b971cabd427a76182f43408fb018ade06ee65c0774d1afac986ef3,True,highest-temperature-in-nyc-on-march-31-2026,False,False,missing_quote_pair,yes,0.03900000291213224,asymmetric_paired_accumulation,buy,2.747128,2026-03-28T21:11:32+00:00,buy
58-59°F,,[],New York City,0x6b041ef9b1b971cabd427a76182f43408fb018ade06ee65c0774d1afac986ef3,True,highest-temperature-in-nyc-on-march-31-2026,False,False,missing_quote_pair,yes,0.039,asymmetric_paired_accumulation,buy,2.5,2026-03-28T21:11:32+00:00,buy
58-59°F,,[],New York City,0x6b041ef9b1b971cabd427a76182f43408fb018ade06ee65c0774d1afac986ef3,True,highest-temperature-in-nyc-on-march-31-2026,False,False,missing_quote_pair,yes,0.03900001779644427,asymmetric_paired_accumulation,buy,1.12382,2026-03-28T21:11:34+00:00,buy
58-59°F,,[],New York City,0x6b041ef9b1b971cabd427a76182f43408fb018ade06ee65c0774d1afac986ef3,True,highest-temperature-in-nyc-on-march-31-2026,False,False,missing_quote_pair,no,0.96,asymmetric_paired_accumulation,buy,25.0,2026-03-28T21:11:34+00:00,buy
58-59°F,,[],New York City,0x6b041ef9b1b971cabd427a76182f43408fb018ade06ee65c0774d1afac986ef3,True,highest-temperature-in-nyc-on-march-31-2026,False,False,missing_quote_pair,yes,0.03900001779644427,asymmetric_paired_accumulation,buy,1.12382,2026-03-28T21:11:34+00:00,buy
58-59°F,,[],New York City,0x6b041ef9b1b971cabd427a76182f43408fb018ade06ee65c0774d1afac986ef3,True,highest-temperature-in-nyc-on-march-31-2026,False,False,missing_quote_pair,no,0.96,asymmetric_paired_accumulation,buy,25.0,2026-03-28T21:11:34+00:00,buy
58-59°F,,[],New York City,0x6b041ef9b1b971cabd427a76182f43408fb018ade06ee65c0774d1afac986ef3,True,highest-temperature-in-nyc-on-march-31-2026,False,False,missing_quote_pair,yes,0.039000019860705976,asymmetric_paired_accumulation,buy,1.560871,2026-03-28T21:11:34+00:00,buy
58-59°F,,[],New York City,0x6b041ef9b1b971cabd427a76182f43408fb018ade06ee65c0774d1afac986ef3,True,highest-temperature-in-nyc-on-march-31-2026,False,False,missing_quote_pair,yes,0.0390000012133846,asymmetric_paired_accumulation,buy,8.24141,2026-03-28T21:11:36+00:00,buy
58-59°F,,[],New York City,0x6b041ef9b1b971cabd427a76182f43408fb018ade06ee65c0774d1afac986ef3,True,highest-temperature-in-nyc-on-march-31-2026,False,False,missing_quote_pair,yes,0.039,asymmetric_paired_accumulation,buy,3.74,2026-03-28T21:11:36+00:00,buy
58-59°F,,[],New York City,0x6b041ef9b1b971cabd427a76182f43408fb018ade06ee65c0774d1afac986ef3,True,highest-temperature-in-nyc-on-march-31-2026,False,False,missing_quote_pair,yes,0.039000002221526144,asymmetric_paired_accumulation,buy,4.50141,2026-03-28T21:11:36+00:00,buy
58-59°F,,[],New York City,0x6b041ef9b1b971cabd427a76182f43408fb018ade06ee65c0774d1afac986ef3,True,highest-temperature-in-nyc-on-march-31-2026,False,False,missing_quote_pair,yes,0.03900000384406918,asymmetric_paired_accumulation,buy,1.040564,2026-03-28T21:11:36+00:00,buy
58-59°F,,[],New York City,0x6b041ef9b1b971cabd427a76182f43408fb018ade06ee65c0774d1afac986ef3,True,highest-temperature-in-nyc-on-march-31-2026,False,False,missing_quote_pair,yes,0.03900001779644427,asymmetric_paired_accumulation,buy,1.12382,2026-03-28T21:11:36+00:00,buy
58-59°F,,[],New York City,0x6b041ef9b1b971cabd427a76182f43408fb018ade06ee65c0774d1afac986ef3,True,highest-temperature-in-nyc-on-march-31-2026,False,False,missing_quote_pair,no,0.96,asymmetric_paired_accumulation,buy,25.0,2026-03-28T21:11:36+00:00,buy
58-59°F,,[],New York City,0x6b041ef9b1b971cabd427a76182f43408fb018ade06ee65c0774d1afac986ef3,True,highest-temperature-in-nyc-on-march-31-2026,False,False,missing_quote_pair,yes,0.03900000253597785,asymmetric_paired_accumulation,buy,7.492179,2026-03-28T21:11:38+00:00,buy
58-59°F,,[],New York City,0x6b041ef9b1b971cabd427a76182f43408fb018ade06ee65c0774d1afac986ef3,True,highest-temperature-in-nyc-on-march-31-2026,False,False,missing_quote_pair,yes,0.03900000253597785,asymmetric_paired_accumulation,buy,7.492179,2026-03-28T21:11:40+00:00,buy
58-59°F,,[],New York City,0x6b041ef9b1b971cabd427a76182f43408fb018ade06ee65c0774d1afac986ef3,True,highest-temperature-in-nyc-on-march-31-2026,False,False,missing_quote_pair,yes,0.03900000253597785,asymmetric_paired_accumulation,buy,7.492179,2026-03-28T21:11:40+00:00,buy
58-59°F,,[],New York City,0x6b041ef9b1b971cabd427a76182f43408fb018ade06ee65c0774d1afac986ef3,True,highest-temperature-in-nyc-on-march-31-2026,False,False,missing_quote_pair,yes,0.03900000253597785,asymmetric_paired_accumulation,buy,7.492179,2026-03-28T21:11:42+00:00,buy
58-59°F,,[],New York City,0x6b041ef9b1b971cabd427a76182f43408fb018ade06ee65c0774d1afac986ef3,True,highest-temperature-in-nyc-on-march-31-2026,False,False,missing_quote_pair,yes,0.039,asymmetric_paired_accumulation,buy,20.0,2026-03-28T21:11:46+00:00,buy
58-59°F,,[],New York City,0x6b041ef9b1b971cabd427a76182f43408fb018ade06ee65c0774d1afac986ef3,True,highest-temperature-in-nyc-on-march-31-2026,False,False,missing_quote_pair,yes,0.039,asymmetric_paired_accumulation,buy,35.49,2026-03-28T21:11:46+00:00,buy
58-59°F,,[],New York City,0x6b041ef9b1b971cabd427a76182f43408fb018ade06ee65c0774d1afac986ef3,True,highest-temperature-in-nyc-on-march-31-2026,False,False,missing_quote_pair,no,0.9893344425956738,asymmetric_paired_accumulation,buy,60.1,2026-03-28T21:12:16+00:00,buy
58-59°F,,[],New York City,0x6b041ef9b1b971cabd427a76182f43408fb018ade06ee65c0774d1afac986ef3,True,highest-temperature-in-nyc-on-march-31-2026,False,False,missing_quote_pair,no,0.9901929480238224,asymmetric_paired_accumulation,buy,295.52,2026-03-28T21:12:20+00:00,buy
60-61°F,,[],New York City,0x732559df9ab91f68ea1a3243a32a4dfd8d3ee8e503021d9319e11c0e716741d2,True,highest-temperature-in-nyc-on-march-31-2026,False,False,missing_quote_pair,yes,0.035191950464396285,asymmetric_paired_accumulation,buy,35.36633,2026-03-28T21:13:04+00:00,buy
60-61°F,,[],New York City,0x732559df9ab91f68ea1a3243a32a4dfd8d3ee8e503021d9319e11c0e716741d2,True,highest-temperature-in-nyc-on-march-31-2026,False,False,missing_quote_pair,yes,0.044,asymmetric_paired_accumulation,buy,10.0,2026-03-28T21:13:06+00:00,buy
60-61°F,,[],New York City,0x732559df9ab91f68ea1a3243a32a4dfd8d3ee8e503021d9319e11c0e716741d2,True,highest-temperature-in-nyc-on-march-31-2026,False,False,missing_quote_pair,no,0.9550000382500022,asymmetric_paired_accumulation,buy,24.444443,2026-03-28T21:13:06+00:00,buy
60-61°F,,[],New York City,0x732559df9ab91f68ea1a3243a32a4dfd8d3ee8e503021d9319e11c0e716741d2,True,highest-temperature-in-nyc-on-march-31-2026,False,False,missing_quote_pair,no,0.9550000382500022,asymmetric_paired_accumulation,buy,24.444443,2026-03-28T21:13:06+00:00,buy
60-61°F,,[],New York City,0x732559df9ab91f68ea1a3243a32a4dfd8d3ee8e503021d9319e11c0e716741d2,True,highest-temperature-in-nyc-on-march-31-2026,False,False,missing_quote_pair,yes,0.04400002433485455,asymmetric_paired_accumulation,buy,1.150613,2026-03-28T21:13:06+00:00,buy
60-61°F,,[],New York City,0x732559df9ab91f68ea1a3243a32a4dfd8d3ee8e503021d9319e11c0e716741d2,True,highest-temperature-in-nyc-on-march-31-2026,False,False,missing_quote_pair,no,0.955,asymmetric_paired_accumulation,buy,62.0,2026-03-28T21:13:08+00:00,buy
60-61°F,,[],New York City,0x732559df9ab91f68ea1a3243a32a4dfd8d3ee8e503021d9319e11c0e716741d2,True,highest-temperature-in-nyc-on-march-31-2026,False,False,missing_quote_pair,yes,0.044,asymmetric_paired_accumulation,buy,10.36,2026-03-28T21:13:08+00:00,buy
60-61°F,,[],New York City,0x732559df9ab91f68ea1a3243a32a4dfd8d3ee8e503021d9319e11c0e716741d2,True,highest-temperature-in-nyc-on-march-31-2026,False,False,missing_quote_pair,yes,0.044,asymmetric_paired_accumulation,buy,27.15,2026-03-28T21:13:08+00:00,buy
60-61°F,,[],New York City,0x732559df9ab91f68ea1a3243a32a4dfd8d3ee8e503021d9319e11c0e716741d2,True,highest-temperature-in-nyc-on-march-31-2026,False,False,missing_quote_pair,yes,0.04400002433485455,asymmetric_paired_accumulation,buy,1.150613,2026-03-28T21:13:08+00:00,buy
60-61°F,,[],New York City,0x732559df9ab91f68ea1a3243a32a4dfd8d3ee8e503021d9319e11c0e716741d2,True,highest-temperature-in-nyc-on-march-31-2026,False,False,missing_quote_pair,yes,0.044,asymmetric_paired_accumulation,buy,4.0,2026-03-28T21:13:08+00:00,buy
60-61°F,,[],New York City,0x732559df9ab91f68ea1a3243a32a4dfd8d3ee8e503021d9319e11c0e716741d2,True,highest-temperature-in-nyc-on-march-31-2026,False,False,missing_quote_pair,no,0.9550000425250024,asymmetric_paired_accumulation,buy,22.222221,2026-03-28T21:13:10+00:00,buy
60-61°F,,[],New York City,0x732559df9ab91f68ea1a3243a32a4dfd8d3ee8e503021d9319e11c0e716741d2,True,highest-temperature-in-nyc-on-march-31-2026,False,False,missing_quote_pair,yes,0.044,asymmetric_paired_accumulation,buy,0.64,2026-03-28T21:13:10+00:00,buy
60-61°F,,[],New York City,0x732559df9ab91f68ea1a3243a32a4dfd8d3ee8e503021d9319e11c0e716741d2,True,highest-temperature-in-nyc-on-march-31-2026,False,False,missing_quote_pair,no,0.9550000771176186,asymmetric_paired_accumulation,buy,11.994665,2026-03-28T21:13:12+00:00,buy
60-61°F,,[],New York City,0x732559df9ab91f68ea1a3243a32a4dfd8d3ee8e503021d9319e11c0e716741d2,True,highest-temperature-in-nyc-on-march-31-2026,False,False,missing_quote_pair,yes,0.04400000222326098,asymmetric_paired_accumulation,buy,1.799159,2026-03-28T21:13:12+00:00,buy
60-61°F,,[],New York City,0x732559df9ab91f68ea1a3243a32a4dfd8d3ee8e503021d9319e11c0e716741d2,True,highest-temperature-in-nyc-on-march-31-2026,False,False,missing_quote_pair,yes,0.044000003875684826,asymmetric_paired_accumulation,buy,3.096227,2026-03-28T21:13:12+00:00,buy
60-61°F,,[],New York City,0x732559df9ab91f68ea1a3243a32a4dfd8d3ee8e503021d9319e11c0e716741d2,True,highest-temperature-in-nyc-on-march-31-2026,False,False,missing_quote_pair,yes,0.044000030592090796,asymmetric_paired_accumulation,buy,1.046022,2026-03-28T21:13:12+00:00,buy
60-61°F,,[],New York City,0x732559df9ab91f68ea1a3243a32a4dfd8d3ee8e503021d9319e11c0e716741d2,True,highest-temperature-in-nyc-on-march-31-2026,False,False,missing_quote_pair,no,0.9550000425250024,asymmetric_paired_accumulation,buy,22.222221,2026-03-28T21:13:12+00:00,buy
60-61°F,,[],New York City,0x732559df9ab91f68ea1a3243a32a4dfd8d3ee8e503021d9319e11c0e716741d2,True,highest-temperature-in-nyc-on-march-31-2026,False,False,missing_quote_pair,no,0.9550000425250024,asymmetric_paired_accumulation,buy,22.222221,2026-03-28T21:13:14+00:00,buy
60-61°F,,[],New York City,0x732559df9ab91f68ea1a3243a32a4dfd8d3ee8e503021d9319e11c0e716741d2,True,highest-temperature-in-nyc-on-march-31-2026,False,False,missing_quote_pair,yes,0.04400002886075767,asymmetric_paired_accumulation,buy,1.108772,2026-03-28T21:13:14+00:00,buy
60-61°F,,[],New York City,0x732559df9ab91f68ea1a3243a32a4dfd8d3ee8e503021d9319e11c0e716741d2,True,highest-temperature-in-nyc-on-march-31-2026,False,False,missing_quote_pair,no,0.9550000425250024,asymmetric_paired_accumulation,buy,22.222221,2026-03-28T21:13:14+00:00,buy
60-61°F,,[],New York City,0x732559df9ab91f68ea1a3243a32a4dfd8d3ee8e503021d9319e11c0e716741d2,True,highest-temperature-in-nyc-on-march-31-2026,False,False,missing_quote_pair,yes,0.04400002886075767,asymmetric_paired_accumulation,buy,1.108772,2026-03-28T21:13:14+00:00,buy
60-61°F,,[],New York City,0x732559df9ab91f68ea1a3243a32a4dfd8d3ee8e503021d9319e11c0e716741d2,True,highest-temperature-in-nyc-on-march-31-2026,False,False,missing_quote_pair,yes,0.044,asymmetric_paired_accumulation,buy,4.0,2026-03-28T21:13:16+00:00,buy
60-61°F,,[],New York City,0x732559df9ab91f68ea1a3243a32a4dfd8d3ee8e503021d9319e11c0e716741d2,True,highest-temperature-in-nyc-on-march-31-2026,False,False,missing_quote_pair,yes,0.044000009104862986,asymmetric_paired_accumulation,buy,1.317977,2026-03-28T21:13:16+00:00,buy
60-61°F,,[],New York City,0x732559df9ab91f68ea1a3243a32a4dfd8d3ee8e503021d9319e11c0e716741d2,True,highest-temperature-in-nyc-on-march-31-2026,False,False,missing_quote_pair,yes,0.044,asymmetric_paired_accumulation,buy,16.51,2026-03-28T21:13:22+00:00,buy
60-61°F,,[],New York City,0x732559df9ab91f68ea1a3243a32a4dfd8d3ee8e503021d9319e11c0e716741d2,True,highest-temperature-in-nyc-on-march-31-2026,False,False,missing_quote_pair,yes,0.044,asymmetric_paired_accumulation,buy,20.0,2026-03-28T21:13:22+00:00,buy
60-61°F,,[],New York City,0x732559df9ab91f68ea1a3243a32a4dfd8d3ee8e503021d9319e11c0e716741d2,True,highest-temperature-in-nyc-on-march-31-2026,False,False,missing_quote_pair,yes,0.044,asymmetric_paired_accumulation,buy,30.0,2026-03-28T21:13:28+00:00,buy
60-61°F,,[],New York City,0x732559df9ab91f68ea1a3243a32a4dfd8d3ee8e503021d9319e11c0e716741d2,True,highest-temperature-in-nyc-on-march-31-2026,False,False,missing_quote_pair,no,0.955,asymmetric_paired_accumulation,buy,1.04,2026-03-28T21:13:32+00:00,buy
60-61°F,,[],New York City,0x732559df9ab91f68ea1a3243a32a4dfd8d3ee8e503021d9319e11c0e716741d2,True,highest-temperature-in-nyc-on-march-31-2026,False,False,missing_quote_pair,no,0.955,asymmetric_paired_accumulation,buy,1.25,2026-03-28T21:13:32+00:00,buy
60-61°F,,[],New York City,0x732559df9ab91f68ea1a3243a32a4dfd8d3ee8e503021d9319e11c0e716741d2,True,highest-temperature-in-nyc-on-march-31-2026,False,False,missing_quote_pair,no,0.955,asymmetric_paired_accumulation,buy,1.65,2026-03-28T21:13:34+00:00,buy
60-61°F,,[],New York City,0x732559df9ab91f68ea1a3243a32a4dfd8d3ee8e503021d9319e11c0e716741d2,True,highest-temperature-in-nyc-on-march-31-2026,False,False,missing_quote_pair,no,0.955,asymmetric_paired_accumulation,buy,2.0,2026-03-28T21:13:34+00:00,buy
74-75°F,,[],Miami,0x34c90dc8fde04aaff9fd9daa225452c00222e49be81084ef6a26e8567997293b,True,highest-temperature-in-miami-on-april-1-2026,False,False,missing_quote_pair,no,0.7400000353600023,asymmetric_paired_accumulation,buy,19.230768,2026-03-28T21:16:06+00:00,buy
74-75°F,,[],Miami,0x34c90dc8fde04aaff9fd9daa225452c00222e49be81084ef6a26e8567997293b,True,highest-temperature-in-miami-on-april-1-2026,False,False,missing_quote_pair,no,0.7400000353600023,asymmetric_paired_accumulation,buy,19.230768,2026-03-28T21:16:06+00:00,buy
74-75°F,,[],Miami,0x34c90dc8fde04aaff9fd9daa225452c00222e49be81084ef6a26e8567997293b,True,highest-temperature-in-miami-on-april-1-2026,False,False,missing_quote_pair,no,0.7400001752230486,asymmetric_paired_accumulation,buy,3.880768,2026-03-28T21:16:06+00:00,buy
74-75°F,,[],Miami,0x34c90dc8fde04aaff9fd9daa225452c00222e49be81084ef6a26e8567997293b,True,highest-temperature-in-miami-on-april-1-2026,False,False,missing_quote_pair,yes,0.26,asymmetric_paired_accumulation,buy,5.93421,2026-03-28T21:16:06+00:00,buy
74-75°F,,[],Miami,0x34c90dc8fde04aaff9fd9daa225452c00222e49be81084ef6a26e8567997293b,True,highest-temperature-in-miami-on-april-1-2026,False,False,missing_quote_pair,no,0.7400000353600023,asymmetric_paired_accumulation,buy,19.230768,2026-03-28T21:16:06+00:00,buy
74-75°F,,[],Miami,0x34c90dc8fde04aaff9fd9daa225452c00222e49be81084ef6a26e8567997293b,True,highest-temperature-in-miami-on-april-1-2026,False,False,missing_quote_pair,yes,0.249,asymmetric_paired_accumulation,buy,9.8919,2026-03-28T21:16:10+00:00,buy
74-75°F,,[],Miami,0x34c90dc8fde04aaff9fd9daa225452c00222e49be81084ef6a26e8567997293b,True,highest-temperature-in-miami-on-april-1-2026,False,False,missing_quote_pair,no,0.7845392646391285,asymmetric_paired_accumulation,buy,21.80357,2026-03-28T21:16:22+00:00,buy
73°F or below,,[],Miami,0x17711651978d4779cb964acbebb6c06e67ee00799632036485bbf48bd5bfbe72,True,highest-temperature-in-miami-on-april-1-2026,False,False,missing_quote_pair,yes,0.020429408891060086,asymmetric_paired_accumulation,buy,81.59043,2026-03-28T21:17:22+00:00,buy
73°F or below,,[],Miami,0x17711651978d4779cb964acbebb6c06e67ee00799632036485bbf48bd5bfbe72,True,highest-temperature-in-miami-on-april-1-2026,False,False,missing_quote_pair,yes,0.03474125,asymmetric_paired_accumulation,buy,39.81688,2026-03-28T21:17:46+00:00,buy
73°F or below,,[],Miami,0x17711651978d4779cb964acbebb6c06e67ee00799632036485bbf48bd5bfbe72,True,highest-temperature-in-miami-on-april-1-2026,False,False,missing_quote_pair,no,0.9640000309777081,asymmetric_paired_accumulation,buy,30.215276,2026-03-28T21:17:46+00:00,buy
73°F or below,,[],Miami,0x17711651978d4779cb964acbebb6c06e67ee00799632036485bbf48bd5bfbe72,True,highest-temperature-in-miami-on-april-1-2026,False,False,missing_quote_pair,yes,0.035,asymmetric_paired_accumulation,buy,1.3886,2026-03-28T21:17:52+00:00,buy
73°F or below,,[],Miami,0x17711651978d4779cb964acbebb6c06e67ee00799632036485bbf48bd5bfbe72,True,highest-temperature-in-miami-on-april-1-2026,False,False,missing_quote_pair,no,0.964000030894547,asymmetric_paired_accumulation,buy,30.555554,2026-03-28T21:17:52+00:00,buy
73°F or below,,[],Miami,0x17711651978d4779cb964acbebb6c06e67ee00799632036485bbf48bd5bfbe72,True,highest-temperature-in-miami-on-april-1-2026,False,False,missing_quote_pair,yes,0.035000005790005756,asymmetric_paired_accumulation,buy,5.181342,2026-03-28T21:17:52+00:00,buy
73°F or below,,[],Miami,0x17711651978d4779cb964acbebb6c06e67ee00799632036485bbf48bd5bfbe72,True,highest-temperature-in-miami-on-april-1-2026,False,False,missing_quote_pair,yes,0.035000021932037,asymmetric_paired_accumulation,buy,1.139885,2026-03-28T21:17:52+00:00,buy
73°F or below,,[],Miami,0x17711651978d4779cb964acbebb6c06e67ee00799632036485bbf48bd5bfbe72,True,highest-temperature-in-miami-on-april-1-2026,False,False,missing_quote_pair,yes,0.035,asymmetric_paired_accumulation,buy,1.24,2026-03-28T21:17:52+00:00,buy
73°F or below,,[],Miami,0x17711651978d4779cb964acbebb6c06e67ee00799632036485bbf48bd5bfbe72,True,highest-temperature-in-miami-on-april-1-2026,False,False,missing_quote_pair,yes,0.03500000482505788,asymmetric_paired_accumulation,buy,1.036257,2026-03-28T21:17:52+00:00,buy
73°F or below,,[],Miami,0x17711651978d4779cb964acbebb6c06e67ee00799632036485bbf48bd5bfbe72,True,highest-temperature-in-miami-on-april-1-2026,False,False,missing_quote_pair,no,0.9640000336960022,asymmetric_paired_accumulation,buy,27.777776,2026-03-28T21:17:52+00:00,buy
73°F or below,,[],Miami,0x17711651978d4779cb964acbebb6c06e67ee00799632036485bbf48bd5bfbe72,True,highest-temperature-in-miami-on-april-1-2026,False,False,missing_quote_pair,no,0.964,asymmetric_paired_accumulation,buy,8.0,2026-03-28T21:17:52+00:00,buy
73°F or below,,[],Miami,0x17711651978d4779cb964acbebb6c06e67ee00799632036485bbf48bd5bfbe72,True,highest-temperature-in-miami-on-april-1-2026,False,False,missing_quote_pair,no,0.964,asymmetric_paired_accumulation,buy,42.31,2026-03-28T21:17:54+00:00,buy
73°F or below,,[],Miami,0x17711651978d4779cb964acbebb6c06e67ee00799632036485bbf48bd5bfbe72,True,highest-temperature-in-miami-on-april-1-2026,False,False,missing_quote_pair,no,0.964000030894547,asymmetric_paired_accumulation,buy,30.555554,2026-03-28T21:17:54+00:00,buy
73°F or below,,[],Miami,0x17711651978d4779cb964acbebb6c06e67ee00799632036485bbf48bd5bfbe72,True,highest-temperature-in-miami-on-april-1-2026,False,False,missing_quote_pair,no,0.9640000067104001,asymmetric_paired_accumulation,buy,138.888887,2026-03-28T21:17:54+00:00,buy
73°F or below,,[],Miami,0x17711651978d4779cb964acbebb6c06e67ee00799632036485bbf48bd5bfbe72,True,highest-temperature-in-miami-on-april-1-2026,False,False,missing_quote_pair,no,0.964000030894547,asymmetric_paired_accumulation,buy,30.555554,2026-03-28T21:17:54+00:00,buy
73°F or below,,[],Miami,0x17711651978d4779cb964acbebb6c06e67ee00799632036485bbf48bd5bfbe72,True,highest-temperature-in-miami-on-april-1-2026,False,False,missing_quote_pair,no,0.964000030894547,asymmetric_paired_accumulation,buy,30.555554,2026-03-28T21:17:54+00:00,buy
73°F or below,,[],Miami,0x17711651978d4779cb964acbebb6c06e67ee00799632036485bbf48bd5bfbe72,True,highest-temperature-in-miami-on-april-1-2026,False,False,missing_quote_pair,no,0.964000030894547,asymmetric_paired_accumulation,buy,30.555554,2026-03-28T21:17:54+00:00,buy
73°F or below,,[],Miami,0x17711651978d4779cb964acbebb6c06e67ee00799632036485bbf48bd5bfbe72,True,highest-temperature-in-miami-on-april-1-2026,False,False,missing_quote_pair,yes,0.049,asymmetric_paired_accumulation,buy,8.0,2026-03-28T21:18:14+00:00,buy
73°F or below,,[],Miami,0x17711651978d4779cb964acbebb6c06e67ee00799632036485bbf48bd5bfbe72,True,highest-temperature-in-miami-on-april-1-2026,False,False,missing_quote_pair,yes,0.049,asymmetric_paired_accumulation,buy,0.04,2026-03-28T21:18:14+00:00,buy
73°F or below,,[],Miami,0x17711651978d4779cb964acbebb6c06e67ee00799632036485bbf48bd5bfbe72,True,highest-temperature-in-miami-on-april-1-2026,False,False,missing_quote_pair,yes,0.049,asymmetric_paired_accumulation,buy,3.06,2026-03-28T21:18:14+00:00,buy
73°F or below,,[],Miami,0x17711651978d4779cb964acbebb6c06e67ee00799632036485bbf48bd5bfbe72,True,highest-temperature-in-miami-on-april-1-2026,False,False,missing_quote_pair,yes,0.049,asymmetric_paired_accumulation,buy,5.21,2026-03-28T21:18:14+00:00,buy
73°F or below,,[],Miami,0x17711651978d4779cb964acbebb6c06e67ee00799632036485bbf48bd5bfbe72,True,highest-temperature-in-miami-on-april-1-2026,False,False,missing_quote_pair,yes,0.049,asymmetric_paired_accumulation,buy,3.06,2026-03-28T21:18:14+00:00,buy
73°F or below,,[],Miami,0x17711651978d4779cb964acbebb6c06e67ee00799632036485bbf48bd5bfbe72,True,highest-temperature-in-miami-on-april-1-2026,False,False,missing_quote_pair,yes,0.049,asymmetric_paired_accumulation,buy,3.06,2026-03-28T21:18:14+00:00,buy
73°F or below,,[],Miami,0x17711651978d4779cb964acbebb6c06e67ee00799632036485bbf48bd5bfbe72,True,highest-temperature-in-miami-on-april-1-2026,False,False,missing_quote_pair,no,0.95,asymmetric_paired_accumulation,buy,22.0,2026-03-28T21:18:14+00:00,buy
73°F or below,,[],Miami,0x17711651978d4779cb964acbebb6c06e67ee00799632036485bbf48bd5bfbe72,True,highest-temperature-in-miami-on-april-1-2026,False,False,missing_quote_pair,yes,0.04900000228240502,asymmetric_paired_accumulation,buy,5.257612,2026-03-28T21:18:14+00:00,buy
73°F or below,,[],Miami,0x17711651978d4779cb964acbebb6c06e67ee00799632036485bbf48bd5bfbe72,True,highest-temperature-in-miami-on-april-1-2026,False,False,missing_quote_pair,yes,0.049,asymmetric_paired_accumulation,buy,3.06,2026-03-28T21:18:14+00:00,buy
73°F or below,,[],Miami,0x17711651978d4779cb964acbebb6c06e67ee00799632036485bbf48bd5bfbe72,True,highest-temperature-in-miami-on-april-1-2026,False,False,missing_quote_pair,yes,0.049,asymmetric_paired_accumulation,buy,2.78,2026-03-28T21:18:14+00:00,buy
73°F or below,,[],Miami,0x17711651978d4779cb964acbebb6c06e67ee00799632036485bbf48bd5bfbe72,True,highest-temperature-in-miami-on-april-1-2026,False,False,missing_quote_pair,no,0.95,asymmetric_paired_accumulation,buy,22.0,2026-03-28T21:18:14+00:00,buy
73°F or below,,[],Miami,0x17711651978d4779cb964acbebb6c06e67ee00799632036485bbf48bd5bfbe72,True,highest-temperature-in-miami-on-april-1-2026,False,False,missing_quote_pair,no,0.95,asymmetric_paired_accumulation,buy,22.0,2026-03-28T21:18:14+00:00,buy
73°F or below,,[],Miami,0x17711651978d4779cb964acbebb6c06e67ee00799632036485bbf48bd5bfbe72,True,highest-temperature-in-miami-on-april-1-2026,False,False,missing_quote_pair,yes,0.049,asymmetric_paired_accumulation,buy,4.23,2026-03-28T21:18:14+00:00,buy
73°F or below,,[],Miami,0x17711651978d4779cb964acbebb6c06e67ee00799632036485bbf48bd5bfbe72,True,highest-temperature-in-miami-on-april-1-2026,False,False,missing_quote_pair,yes,0.0490000151803741,asymmetric_paired_accumulation,buy,2.239734,2026-03-28T21:18:14+00:00,buy
73°F or below,,[],Miami,0x17711651978d4779cb964acbebb6c06e67ee00799632036485bbf48bd5bfbe72,True,highest-temperature-in-miami-on-april-1-2026,False,False,missing_quote_pair,no,0.95,asymmetric_paired_accumulation,buy,22.0,2026-03-28T21:18:16+00:00,buy
73°F or below,,[],Miami,0x17711651978d4779cb964acbebb6c06e67ee00799632036485bbf48bd5bfbe72,True,highest-temperature-in-miami-on-april-1-2026,False,False,missing_quote_pair,no,0.95,asymmetric_paired_accumulation,buy,22.0,2026-03-28T21:18:16+00:00,buy
73°F or below,,[],Miami,0x17711651978d4779cb964acbebb6c06e67ee00799632036485bbf48bd5bfbe72,True,highest-temperature-in-miami-on-april-1-2026,False,False,missing_quote_pair,no,0.95,asymmetric_paired_accumulation,buy,22.0,2026-03-28T21:18:16+00:00,buy
73°F or below,,[],Miami,0x17711651978d4779cb964acbebb6c06e67ee00799632036485bbf48bd5bfbe72,True,highest-temperature-in-miami-on-april-1-2026,False,False,missing_quote_pair,yes,0.049,asymmetric_paired_accumulation,buy,29.8381,2026-03-28T21:18:18+00:00,buy
73°F or below,,[],Miami,0x17711651978d4779cb964acbebb6c06e67ee00799632036485bbf48bd5bfbe72,True,highest-temperature-in-miami-on-april-1-2026,False,False,missing_quote_pair,yes,0.049,asymmetric_paired_accumulation,buy,56.69239,2026-03-28T21:18:20+00:00,buy
73°F or below,,[],Miami,0x17711651978d4779cb964acbebb6c06e67ee00799632036485bbf48bd5bfbe72,True,highest-temperature-in-miami-on-april-1-2026,False,False,missing_quote_pair,no,0.95,asymmetric_paired_accumulation,buy,22.0,2026-03-28T21:18:22+00:00,buy
73°F or below,,[],Miami,0x17711651978d4779cb964acbebb6c06e67ee00799632036485bbf48bd5bfbe72,True,highest-temperature-in-miami-on-april-1-2026,False,False,missing_quote_pair,yes,0.0490000280776501,asymmetric_paired_accumulation,buy,1.104081,2026-03-28T21:18:22+00:00,buy
73°F or below,,[],Miami,0x17711651978d4779cb964acbebb6c06e67ee00799632036485bbf48bd5bfbe72,True,highest-temperature-in-miami-on-april-1-2026,False,False,missing_quote_pair,yes,0.04900000606700399,asymmetric_paired_accumulation,buy,6.59304,2026-03-28T21:18:22+00:00,buy
73°F or below,,[],Miami,0x17711651978d4779cb964acbebb6c06e67ee00799632036485bbf48bd5bfbe72,True,highest-temperature-in-miami-on-april-1-2026,False,False,missing_quote_pair,yes,0.049,asymmetric_paired_accumulation,buy,5.0,2026-03-28T21:18:22+00:00,buy
73°F or below,,[],Miami,0x17711651978d4779cb964acbebb6c06e67ee00799632036485bbf48bd5bfbe72,True,highest-temperature-in-miami-on-april-1-2026,False,False,missing_quote_pair,yes,0.04900000606700399,asymmetric_paired_accumulation,buy,6.59304,2026-03-28T21:18:22+00:00,buy
73°F or below,,[],Miami,0x17711651978d4779cb964acbebb6c06e67ee00799632036485bbf48bd5bfbe72,True,highest-temperature-in-miami-on-april-1-2026,False,False,missing_quote_pair,no,0.95,asymmetric_paired_accumulation,buy,22.0,2026-03-28T21:18:22+00:00,buy
73°F or below,,[],Miami,0x17711651978d4779cb964acbebb6c06e67ee00799632036485bbf48bd5bfbe72,True,highest-temperature-in-miami-on-april-1-2026,False,False,missing_quote_pair,yes,0.049,asymmetric_paired_accumulation,buy,23.69,2026-03-28T21:18:22+00:00,buy
73°F or below,,[],Miami,0x17711651978d4779cb964acbebb6c06e67ee00799632036485bbf48bd5bfbe72,True,highest-temperature-in-miami-on-april-1-2026,False,False,missing_quote_pair,yes,0.049,asymmetric_paired_accumulation,buy,99.46033,2026-03-28T21:18:24+00:00,buy
73°F or below,,[],Miami,0x17711651978d4779cb964acbebb6c06e67ee00799632036485bbf48bd5bfbe72,True,highest-temperature-in-miami-on-april-1-2026,False,False,missing_quote_pair,yes,0.049,asymmetric_paired_accumulation,buy,95.23327,2026-03-28T21:18:32+00:00,buy
73°F or below,,[],Miami,0x17711651978d4779cb964acbebb6c06e67ee00799632036485bbf48bd5bfbe72,True,highest-temperature-in-miami-on-april-1-2026,False,False,missing_quote_pair,no,0.95,asymmetric_paired_accumulation,buy,22.0,2026-03-28T21:18:32+00:00,buy
73°F or below,,[],Miami,0x17711651978d4779cb964acbebb6c06e67ee00799632036485bbf48bd5bfbe72,True,highest-temperature-in-miami-on-april-1-2026,False,False,missing_quote_pair,yes,0.049,asymmetric_paired_accumulation,buy,2.2,2026-03-28T21:18:34+00:00,buy
73°F or below,,[],Miami,0x17711651978d4779cb964acbebb6c06e67ee00799632036485bbf48bd5bfbe72,True,highest-temperature-in-miami-on-april-1-2026,False,False,missing_quote_pair,yes,0.049,asymmetric_paired_accumulation,buy,2.2,2026-03-28T21:18:34+00:00,buy
73°F or below,,[],Miami,0x17711651978d4779cb964acbebb6c06e67ee00799632036485bbf48bd5bfbe72,True,highest-temperature-in-miami-on-april-1-2026,False,False,missing_quote_pair,no,0.95,asymmetric_paired_accumulation,buy,22.0,2026-03-28T21:18:34+00:00,buy
73°F or below,,[],Miami,0x17711651978d4779cb964acbebb6c06e67ee00799632036485bbf48bd5bfbe72,True,highest-temperature-in-miami-on-april-1-2026,False,False,missing_quote_pair,no,0.95,asymmetric_paired_accumulation,buy,2.98,2026-03-28T21:18:34+00:00,buy
73°F or below,,[],Miami,0x17711651978d4779cb964acbebb6c06e67ee00799632036485bbf48bd5bfbe72,True,highest-temperature-in-miami-on-april-1-2026,False,False,missing_quote_pair,yes,0.049,asymmetric_paired_accumulation,buy,2.2,2026-03-28T21:18:34+00:00,buy
73°F or below,,[],Miami,0x17711651978d4779cb964acbebb6c06e67ee00799632036485bbf48bd5bfbe72,True,highest-temperature-in-miami-on-april-1-2026,False,False,missing_quote_pair,yes,0.049,asymmetric_paired_accumulation,buy,2.2,2026-03-28T21:18:34+00:00,buy
73°F or below,,[],Miami,0x17711651978d4779cb964acbebb6c06e67ee00799632036485bbf48bd5bfbe72,True,highest-temperature-in-miami-on-april-1-2026,False,False,missing_quote_pair,yes,0.049000019884617343,asymmetric_paired_accumulation,buy,1.156673,2026-03-28T21:18:34+00:00,buy
73°F or below,,[],Miami,0x17711651978d4779cb964acbebb6c06e67ee00799632036485bbf48bd5bfbe72,True,highest-temperature-in-miami-on-april-1-2026,False,False,missing_quote_pair,yes,0.049,asymmetric_paired_accumulation,buy,2.2,2026-03-28T21:18:34+00:00,buy
73°F or below,,[],Miami,0x17711651978d4779cb964acbebb6c06e67ee00799632036485bbf48bd5bfbe72,True,highest-temperature-in-miami-on-april-1-2026,False,False,missing_quote_pair,yes,0.049,asymmetric_paired_accumulation,buy,2.2,2026-03-28T21:18:34+00:00,buy
73°F or below,,[],Miami,0x17711651978d4779cb964acbebb6c06e67ee00799632036485bbf48bd5bfbe72,True,highest-temperature-in-miami-on-april-1-2026,False,False,missing_quote_pair,yes,0.049000022446185273,asymmetric_paired_accumulation,buy,1.692938,2026-03-28T21:18:36+00:00,buy
73°F or below,,[],Miami,0x17711651978d4779cb964acbebb6c06e67ee00799632036485bbf48bd5bfbe72,True,highest-temperature-in-miami-on-april-1-2026,False,False,missing_quote_pair,no,0.95,asymmetric_paired_accumulation,buy,2.37,2026-03-28T21:18:36+00:00,buy
73°F or below,,[],Miami,0x17711651978d4779cb964acbebb6c06e67ee00799632036485bbf48bd5bfbe72,True,highest-temperature-in-miami-on-april-1-2026,False,False,missing_quote_pair,yes,0.049,asymmetric_paired_accumulation,buy,2.2,2026-03-28T21:18:36+00:00,buy
73°F or below,,[],Miami,0x17711651978d4779cb964acbebb6c06e67ee00799632036485bbf48bd5bfbe72,True,highest-temperature-in-miami-on-april-1-2026,False,False,missing_quote_pair,no,0.95,asymmetric_paired_accumulation,buy,5.67,2026-03-28T21:18:36+00:00,buy
73°F or below,,[],Miami,0x17711651978d4779cb964acbebb6c06e67ee00799632036485bbf48bd5bfbe72,True,highest-temperature-in-miami-on-april-1-2026,False,False,missing_quote_pair,yes,0.049,asymmetric_paired_accumulation,buy,2.2,2026-03-28T21:18:36+00:00,buy
73°F or below,,[],Miami,0x17711651978d4779cb964acbebb6c06e67ee00799632036485bbf48bd5bfbe72,True,highest-temperature-in-miami-on-april-1-2026,False,False,missing_quote_pair,no,0.95,asymmetric_paired_accumulation,buy,8.0,2026-03-28T21:18:36+00:00,buy
73°F or below,,[],Miami,0x17711651978d4779cb964acbebb6c06e67ee00799632036485bbf48bd5bfbe72,True,highest-temperature-in-miami-on-april-1-2026,False,False,missing_quote_pair,no,0.95,asymmetric_paired_accumulation,buy,28.2,2026-03-28T21:18:38+00:00,buy
73°F or below,,[],Miami,0x17711651978d4779cb964acbebb6c06e67ee00799632036485bbf48bd5bfbe72,True,highest-temperature-in-miami-on-april-1-2026,False,False,missing_quote_pair,yes,0.04900000606700399,asymmetric_paired_accumulation,buy,6.59304,2026-03-28T21:18:38+00:00,buy
73°F or below,,[],Miami,0x17711651978d4779cb964acbebb6c06e67ee00799632036485bbf48bd5bfbe72,True,highest-temperature-in-miami-on-april-1-2026,False,False,missing_quote_pair,yes,0.04900000606700399,asymmetric_paired_accumulation,buy,6.59304,2026-03-28T21:18:40+00:00,buy
73°F or below,,[],Miami,0x17711651978d4779cb964acbebb6c06e67ee00799632036485bbf48bd5bfbe72,True,highest-temperature-in-miami-on-april-1-2026,False,False,missing_quote_pair,yes,0.049000007925024264,asymmetric_paired_accumulation,buy,2.397469,2026-03-28T21:18:42+00:00,buy
73°F or below,,[],Miami,0x17711651978d4779cb964acbebb6c06e67ee00799632036485bbf48bd5bfbe72,True,highest-temperature-in-miami-on-april-1-2026,False,False,missing_quote_pair,yes,0.049,asymmetric_paired_accumulation,buy,8.95143,2026-03-28T21:18:44+00:00,buy
73°F or below,,[],Miami,0x17711651978d4779cb964acbebb6c06e67ee00799632036485bbf48bd5bfbe72,True,highest-temperature-in-miami-on-april-1-2026,False,False,missing_quote_pair,yes,0.04900000520448665,asymmetric_paired_accumulation,buy,8.454244,2026-03-28T21:18:44+00:00,buy
73°F or below,,[],Miami,0x17711651978d4779cb964acbebb6c06e67ee00799632036485bbf48bd5bfbe72,True,highest-temperature-in-miami-on-april-1-2026,False,False,missing_quote_pair,yes,0.049,asymmetric_paired_accumulation,buy,56.59,2026-03-28T21:18:44+00:00,buy
73°F or below,,[],Miami,0x17711651978d4779cb964acbebb6c06e67ee00799632036485bbf48bd5bfbe72,True,highest-temperature-in-miami-on-april-1-2026,False,False,missing_quote_pair,yes,0.049,asymmetric_paired_accumulation,buy,100.0,2026-03-28T21:18:44+00:00,buy
73°F or below,,[],Miami,0x17711651978d4779cb964acbebb6c06e67ee00799632036485bbf48bd5bfbe72,True,highest-temperature-in-miami-on-april-1-2026,False,False,missing_quote_pair,no,0.95,asymmetric_paired_accumulation,buy,29.4,2026-03-28T21:18:48+00:00,buy
73°F or below,,[],Miami,0x17711651978d4779cb964acbebb6c06e67ee00799632036485bbf48bd5bfbe72,True,highest-temperature-in-miami-on-april-1-2026,False,False,missing_quote_pair,no,0.95,asymmetric_paired_accumulation,buy,29.4,2026-03-28T21:18:50+00:00,buy
73°F or below,,[],Miami,0x17711651978d4779cb964acbebb6c06e67ee00799632036485bbf48bd5bfbe72,True,highest-temperature-in-miami-on-april-1-2026,False,False,missing_quote_pair,yes,0.049,asymmetric_paired_accumulation,buy,82.54,2026-03-28T21:18:50+00:00,buy
73°F or below,,[],Miami,0x17711651978d4779cb964acbebb6c06e67ee00799632036485bbf48bd5bfbe72,True,highest-temperature-in-miami-on-april-1-2026,False,False,missing_quote_pair,no,0.95,asymmetric_paired_accumulation,buy,24.2,2026-03-28T21:18:56+00:00,buy
73°F or below,,[],Miami,0x17711651978d4779cb964acbebb6c06e67ee00799632036485bbf48bd5bfbe72,True,highest-temperature-in-miami-on-april-1-2026,False,False,missing_quote_pair,yes,0.04900000137826287,asymmetric_paired_accumulation,buy,7.25551,2026-03-28T21:19:02+00:00,buy
73°F or below,,[],Miami,0x17711651978d4779cb964acbebb6c06e67ee00799632036485bbf48bd5bfbe72,True,highest-temperature-in-miami-on-april-1-2026,False,False,missing_quote_pair,yes,0.049,asymmetric_paired_accumulation,buy,22.74,2026-03-28T21:19:02+00:00,buy
73°F or below,,[],Miami,0x17711651978d4779cb964acbebb6c06e67ee00799632036485bbf48bd5bfbe72,True,highest-temperature-in-miami-on-april-1-2026,False,False,missing_quote_pair,yes,0.049,asymmetric_paired_accumulation,buy,7.22082,2026-03-28T21:19:06+00:00,buy
73°F or below,,[],Miami,0x17711651978d4779cb964acbebb6c06e67ee00799632036485bbf48bd5bfbe72,True,highest-temperature-in-miami-on-april-1-2026,False,False,missing_quote_pair,no,0.95,asymmetric_paired_accumulation,buy,8.0,2026-03-28T21:19:12+00:00,buy
73°F or below,,[],Miami,0x17711651978d4779cb964acbebb6c06e67ee00799632036485bbf48bd5bfbe72,True,highest-temperature-in-miami-on-april-1-2026,False,False,missing_quote_pair,yes,0.049,asymmetric_paired_accumulation,buy,2.2,2026-03-28T21:19:12+00:00,buy
73°F or below,,[],Miami,0x17711651978d4779cb964acbebb6c06e67ee00799632036485bbf48bd5bfbe72,True,highest-temperature-in-miami-on-april-1-2026,False,False,missing_quote_pair,no,0.95,asymmetric_paired_accumulation,buy,8.0,2026-03-28T21:19:14+00:00,buy
73°F or below,,[],Miami,0x17711651978d4779cb964acbebb6c06e67ee00799632036485bbf48bd5bfbe72,True,highest-temperature-in-miami-on-april-1-2026,False,False,missing_quote_pair,no,0.95,asymmetric_paired_accumulation,buy,8.0,2026-03-28T21:19:14+00:00,buy
73°F or below,,[],Miami,0x17711651978d4779cb964acbebb6c06e67ee00799632036485bbf48bd5bfbe72,True,highest-temperature-in-miami-on-april-1-2026,False,False,missing_quote_pair,yes,0.049,asymmetric_paired_accumulation,buy,2.2,2026-03-28T21:19:14+00:00,buy
73°F or below,,[],Miami,0x17711651978d4779cb964acbebb6c06e67ee00799632036485bbf48bd5bfbe72,True,highest-temperature-in-miami-on-april-1-2026,False,False,missing_quote_pair,yes,0.049,asymmetric_paired_accumulation,buy,2.82,2026-03-28T21:19:14+00:00,buy
73°F or below,,[],Miami,0x17711651978d4779cb964acbebb6c06e67ee00799632036485bbf48bd5bfbe72,True,highest-temperature-in-miami-on-april-1-2026,False,False,missing_quote_pair,no,0.95,asymmetric_paired_accumulation,buy,5.66,2026-03-28T21:19:16+00:00,buy
73°F or below,,[],Miami,0x17711651978d4779cb964acbebb6c06e67ee00799632036485bbf48bd5bfbe72,True,highest-temperature-in-miami-on-april-1-2026,False,False,missing_quote_pair,yes,0.049,asymmetric_paired_accumulation,buy,35.52,2026-03-28T21:19:18+00:00,buy
73°F or below,,[],Miami,0x17711651978d4779cb964acbebb6c06e67ee00799632036485bbf48bd5bfbe72,True,highest-temperature-in-miami-on-april-1-2026,False,False,missing_quote_pair,no,0.95,asymmetric_paired_accumulation,buy,2.27,2026-03-28T21:19:34+00:00,buy
73°F or below,,[],Miami,0x17711651978d4779cb964acbebb6c06e67ee00799632036485bbf48bd5bfbe72,True,highest-temperature-in-miami-on-april-1-2026,False,False,missing_quote_pair,no,0.95,asymmetric_paired_accumulation,buy,8.0,2026-03-28T21:19:34+00:00,buy
73°F or below,,[],Miami,0x17711651978d4779cb964acbebb6c06e67ee00799632036485bbf48bd5bfbe72,True,highest-temperature-in-miami-on-april-1-2026,False,False,missing_quote_pair,no,0.9899814861700108,asymmetric_paired_accumulation,buy,631.96,2026-03-28T21:19:42+00:00,buy
74-75°F,,[],Miami,0x34c90dc8fde04aaff9fd9daa225452c00222e49be81084ef6a26e8567997293b,True,highest-temperature-in-miami-on-april-1-2026,False,False,missing_quote_pair,no,0.8700000957272893,asymmetric_paired_accumulation,buy,8.461537,2026-03-28T21:21:00+00:00,buy
74-75°F,,[],Miami,0x34c90dc8fde04aaff9fd9daa225452c00222e49be81084ef6a26e8567997293b,True,highest-temperature-in-miami-on-april-1-2026,False,False,missing_quote_pair,yes,0.12495,asymmetric_paired_accumulation,buy,13.88427,2026-03-28T21:21:00+00:00,buy
74-75°F,,[],Miami,0x34c90dc8fde04aaff9fd9daa225452c00222e49be81084ef6a26e8567997293b,True,highest-temperature-in-miami-on-april-1-2026,False,False,missing_quote_pair,no,0.8700000257024173,asymmetric_paired_accumulation,buy,31.903614,2026-03-28T21:21:00+00:00,buy
74-75°F,,[],Miami,0x34c90dc8fde04aaff9fd9daa225452c00222e49be81084ef6a26e8567997293b,True,highest-temperature-in-miami-on-april-1-2026,False,False,missing_quote_pair,no,0.8700000247857889,asymmetric_paired_accumulation,buy,34.293845,2026-03-28T21:21:14+00:00,buy
74-75°F,,[],Miami,0x34c90dc8fde04aaff9fd9daa225452c00222e49be81084ef6a26e8567997293b,True,highest-temperature-in-miami-on-april-1-2026,False,False,missing_quote_pair,yes,0.12333,asymmetric_paired_accumulation,buy,9.9178,2026-03-28T21:21:14+00:00,buy
74-75°F,,[],Miami,0x34c90dc8fde04aaff9fd9daa225452c00222e49be81084ef6a26e8567997293b,True,highest-temperature-in-miami-on-april-1-2026,False,False,missing_quote_pair,no,0.8700000957272893,asymmetric_paired_accumulation,buy,8.461537,2026-03-28T21:21:16+00:00,buy
74-75°F,,[],Miami,0x34c90dc8fde04aaff9fd9daa225452c00222e49be81084ef6a26e8567997293b,True,highest-temperature-in-miami-on-april-1-2026,False,False,missing_quote_pair,yes,0.129,asymmetric_paired_accumulation,buy,9.81704,2026-03-28T21:21:18+00:00,buy
74-75°F,,[],Miami,0x34c90dc8fde04aaff9fd9daa225452c00222e49be81084ef6a26e8567997293b,True,highest-temperature-in-miami-on-april-1-2026,False,False,missing_quote_pair,no,0.8700001014000223,asymmetric_paired_accumulation,buy,7.692306,2026-03-28T21:21:20+00:00,buy
74-75°F,,[],Miami,0x34c90dc8fde04aaff9fd9daa225452c00222e49be81084ef6a26e8567997293b,True,highest-temperature-in-miami-on-april-1-2026,False,False,missing_quote_pair,no,0.8700000957272893,asymmetric_paired_accumulation,buy,8.461537,2026-03-28T21:21:20+00:00,buy
74-75°F,,[],Miami,0x34c90dc8fde04aaff9fd9daa225452c00222e49be81084ef6a26e8567997293b,True,highest-temperature-in-miami-on-april-1-2026,False,False,missing_quote_pair,no,0.8700001014000223,asymmetric_paired_accumulation,buy,7.692306,2026-03-28T21:21:24+00:00,buy
74-75°F,,[],Miami,0x34c90dc8fde04aaff9fd9daa225452c00222e49be81084ef6a26e8567997293b,True,highest-temperature-in-miami-on-april-1-2026,False,False,missing_quote_pair,yes,0.12900005156674058,asymmetric_paired_accumulation,buy,2.307689,2026-03-28T21:21:28+00:00,buy
74-75°F,,[],Miami,0x34c90dc8fde04aaff9fd9daa225452c00222e49be81084ef6a26e8567997293b,True,highest-temperature-in-miami-on-april-1-2026,False,False,missing_quote_pair,yes,0.1290000871004268,asymmetric_paired_accumulation,buy,1.1481,2026-03-28T21:21:28+00:00,buy
74-75°F,,[],Miami,0x34c90dc8fde04aaff9fd9daa225452c00222e49be81084ef6a26e8567997293b,True,highest-temperature-in-miami-on-april-1-2026,False,False,missing_quote_pair,no,0.8700000957272893,asymmetric_paired_accumulation,buy,8.461537,2026-03-28T21:21:30+00:00,buy
74-75°F,,[],Miami,0x34c90dc8fde04aaff9fd9daa225452c00222e49be81084ef6a26e8567997293b,True,highest-temperature-in-miami-on-april-1-2026,False,False,missing_quote_pair,yes,0.12900000290333913,asymmetric_paired_accumulation,buy,3.44431,2026-03-28T21:21:30+00:00,buy
74-75°F,,[],Miami,0x34c90dc8fde04aaff9fd9daa225452c00222e49be81084ef6a26e8567997293b,True,highest-temperature-in-miami-on-april-1-2026,False,False,missing_quote_pair,yes,0.129,asymmetric_paired_accumulation,buy,1.82,2026-03-28T21:21:30+00:00,buy
74-75°F,,[],Miami,0x34c90dc8fde04aaff9fd9daa225452c00222e49be81084ef6a26e8567997293b,True,highest-temperature-in-miami-on-april-1-2026,False,False,missing_quote_pair,yes,0.12900007443103806,asymmetric_paired_accumulation,buy,1.262914,2026-03-28T21:21:30+00:00,buy
74-75°F,,[],Miami,0x34c90dc8fde04aaff9fd9daa225452c00222e49be81084ef6a26e8567997293b,True,highest-temperature-in-miami-on-april-1-2026,False,False,missing_quote_pair,yes,0.115,asymmetric_paired_accumulation,buy,4.96013,2026-03-28T21:21:34+00:00,buy
74-75°F,,[],Miami,0x34c90dc8fde04aaff9fd9daa225452c00222e49be81084ef6a26e8567997293b,True,highest-temperature-in-miami-on-april-1-2026,False,False,missing_quote_pair,yes,0.1290000039411818,asymmetric_paired_accumulation,buy,2.53731,2026-03-28T21:21:36+00:00,buy
74-75°F,,[],Miami,0x34c90dc8fde04aaff9fd9daa225452c00222e49be81084ef6a26e8567997293b,True,highest-temperature-in-miami-on-april-1-2026,False,False,missing_quote_pair,yes,0.129,asymmetric_paired_accumulation,buy,2.46,2026-03-28T21:21:44+00:00,buy
74-75°F,,[],Miami,0x34c90dc8fde04aaff9fd9daa225452c00222e49be81084ef6a26e8567997293b,True,highest-temperature-in-miami-on-april-1-2026,False,False,missing_quote_pair,yes,0.129,asymmetric_paired_accumulation,buy,3.43,2026-03-28T21:21:54+00:00,buy
74-75°F,,[],Miami,0x34c90dc8fde04aaff9fd9daa225452c00222e49be81084ef6a26e8567997293b,True,highest-temperature-in-miami-on-april-1-2026,False,False,missing_quote_pair,no,0.87,asymmetric_paired_accumulation,buy,2.43,2026-03-28T21:21:58+00:00,buy
74-75°F,,[],Miami,0x34c90dc8fde04aaff9fd9daa225452c00222e49be81084ef6a26e8567997293b,True,highest-temperature-in-miami-on-april-1-2026,False,False,missing_quote_pair,yes,0.12900005258902336,asymmetric_paired_accumulation,buy,1.216984,2026-03-28T21:21:58+00:00,buy
74-75°F,,[],Miami,0x34c90dc8fde04aaff9fd9daa225452c00222e49be81084ef6a26e8567997293b,True,highest-temperature-in-miami-on-april-1-2026,False,False,missing_quote_pair,yes,0.1290000937368053,asymmetric_paired_accumulation,buy,1.205503,2026-03-28T21:21:58+00:00,buy
74-75°F,,[],Miami,0x34c90dc8fde04aaff9fd9daa225452c00222e49be81084ef6a26e8567997293b,True,highest-temperature-in-miami-on-april-1-2026,False,False,missing_quote_pair,yes,0.12900000660475808,asymmetric_paired_accumulation,buy,2.422496,2026-03-28T21:21:58+00:00,buy
74-75°F,,[],Miami,0x34c90dc8fde04aaff9fd9daa225452c00222e49be81084ef6a26e8567997293b,True,highest-temperature-in-miami-on-april-1-2026,False,False,missing_quote_pair,yes,0.129,asymmetric_paired_accumulation,buy,1.71,2026-03-28T21:22:00+00:00,buy
74-75°F,,[],Miami,0x34c90dc8fde04aaff9fd9daa225452c00222e49be81084ef6a26e8567997293b,True,highest-temperature-in-miami-on-april-1-2026,False,False,missing_quote_pair,yes,0.129,asymmetric_paired_accumulation,buy,20.0,2026-03-28T21:22:16+00:00,buy
74-75°F,,[],Miami,0x34c90dc8fde04aaff9fd9daa225452c00222e49be81084ef6a26e8567997293b,True,highest-temperature-in-miami-on-april-1-2026,False,False,missing_quote_pair,no,0.88,asymmetric_paired_accumulation,buy,31.02589,2026-03-28T21:22:22+00:00,buy
74-75°F,,[],Miami,0x34c90dc8fde04aaff9fd9daa225452c00222e49be81084ef6a26e8567997293b,True,highest-temperature-in-miami-on-april-1-2026,False,False,missing_quote_pair,no,0.87,asymmetric_paired_accumulation,buy,2.0,2026-03-28T21:22:52+00:00,buy
90-91°F,,[],Miami,0xa004f53eedf2ea63c9c90a1915e5147a0d17ecd2f2039401aa04809ccddbe6bc,True,highest-temperature-in-miami-on-april-1-2026,False,False,missing_quote_pair,yes,0.008207151515151515,asymmetric_paired_accumulation,buy,164.62784,2026-03-28T21:23:20+00:00,buy
90-91°F,,[],Miami,0xa004f53eedf2ea63c9c90a1915e5147a0d17ecd2f2039401aa04809ccddbe6bc,True,highest-temperature-in-miami-on-april-1-2026,False,False,missing_quote_pair,no,0.8510001378809925,asymmetric_paired_accumulation,buy,5.192884,2026-03-28T21:23:24+00:00,buy
90-91°F,,[],Miami,0xa004f53eedf2ea63c9c90a1915e5147a0d17ecd2f2039401aa04809ccddbe6bc,True,highest-temperature-in-miami-on-april-1-2026,False,False,missing_quote_pair,no,0.913,asymmetric_paired_accumulation,buy,8.0,2026-03-28T21:23:52+00:00,buy
90-91°F,,[],Miami,0xa004f53eedf2ea63c9c90a1915e5147a0d17ecd2f2039401aa04809ccddbe6bc,True,highest-temperature-in-miami-on-april-1-2026,False,False,missing_quote_pair,yes,0.077,asymmetric_paired_accumulation,buy,19.86671,2026-03-28T21:23:54+00:00,buy
90-91°F,,[],Miami,0xa004f53eedf2ea63c9c90a1915e5147a0d17ecd2f2039401aa04809ccddbe6bc,True,highest-temperature-in-miami-on-april-1-2026,False,False,missing_quote_pair,no,0.9130000186138436,asymmetric_paired_accumulation,buy,47.169194,2026-03-28T21:23:56+00:00,buy
90-91°F,,[],Miami,0xa004f53eedf2ea63c9c90a1915e5147a0d17ecd2f2039401aa04809ccddbe6bc,True,highest-temperature-in-miami-on-april-1-2026,False,False,missing_quote_pair,no,0.9130000711027338,asymmetric_paired_accumulation,buy,12.643677,2026-03-28T21:23:56+00:00,buy
90-91°F,,[],Miami,0xa004f53eedf2ea63c9c90a1915e5147a0d17ecd2f2039401aa04809ccddbe6bc,True,highest-temperature-in-miami-on-april-1-2026,False,False,missing_quote_pair,yes,0.08600003624504488,asymmetric_paired_accumulation,buy,1.269139,2026-03-28T21:24:00+00:00,buy
90-91°F,,[],Miami,0xa004f53eedf2ea63c9c90a1915e5147a0d17ecd2f2039401aa04809ccddbe6bc,True,highest-temperature-in-miami-on-april-1-2026,False,False,missing_quote_pair,yes,0.08600000197740551,asymmetric_paired_accumulation,buy,9.102837,2026-03-28T21:24:00+00:00,buy
90-91°F,,[],Miami,0xa004f53eedf2ea63c9c90a1915e5147a0d17ecd2f2039401aa04809ccddbe6bc,True,highest-temperature-in-miami-on-april-1-2026,False,False,missing_quote_pair,yes,0.086,asymmetric_paired_accumulation,buy,1.2035,2026-03-28T21:24:00+00:00,buy
90-91°F,,[],Miami,0xa004f53eedf2ea63c9c90a1915e5147a0d17ecd2f2039401aa04809ccddbe6bc,True,highest-temperature-in-miami-on-april-1-2026,False,False,missing_quote_pair,yes,0.086,asymmetric_paired_accumulation,buy,1.2035,2026-03-28T21:24:00+00:00,buy
90-91°F,,[],Miami,0xa004f53eedf2ea63c9c90a1915e5147a0d17ecd2f2039401aa04809ccddbe6bc,True,highest-temperature-in-miami-on-april-1-2026,False,False,missing_quote_pair,no,0.913,asymmetric_paired_accumulation,buy,0.68,2026-03-28T21:24:00+00:00,buy
90-91°F,,[],Miami,0xa004f53eedf2ea63c9c90a1915e5147a0d17ecd2f2039401aa04809ccddbe6bc,True,highest-temperature-in-miami-on-april-1-2026,False,False,missing_quote_pair,yes,0.08600002550705908,asymmetric_paired_accumulation,buy,2.35229,2026-03-28T21:24:00+00:00,buy
90-91°F,,[],Miami,0xa004f53eedf2ea63c9c90a1915e5147a0d17ecd2f2039401aa04809ccddbe6bc,True,highest-temperature-in-miami-on-april-1-2026,False,False,missing_quote_pair,no,0.9130000711027338,asymmetric_paired_accumulation,buy,12.643677,2026-03-28T21:24:02+00:00,buy
90-91°F,,[],Miami,0xa004f53eedf2ea63c9c90a1915e5147a0d17ecd2f2039401aa04809ccddbe6bc,True,highest-temperature-in-miami-on-april-1-2026,False,False,missing_quote_pair,no,0.9130000711027338,asymmetric_paired_accumulation,buy,12.643677,2026-03-28T21:24:02+00:00,buy
90-91°F,,[],Miami,0xa004f53eedf2ea63c9c90a1915e5147a0d17ecd2f2039401aa04809ccddbe6bc,True,highest-temperature-in-miami-on-april-1-2026,False,False,missing_quote_pair,yes,0.086,asymmetric_paired_accumulation,buy,9.05,2026-03-28T21:24:04+00:00,buy
90-91°F,,[],Miami,0xa004f53eedf2ea63c9c90a1915e5147a0d17ecd2f2039401aa04809ccddbe6bc,True,highest-temperature-in-miami-on-april-1-2026,False,False,missing_quote_pair,yes,0.08600000475280045,asymmetric_paired_accumulation,buy,10.940918,2026-03-28T21:24:04+00:00,buy
90-91°F,,[],Miami,0xa004f53eedf2ea63c9c90a1915e5147a0d17ecd2f2039401aa04809ccddbe6bc,True,highest-temperature-in-miami-on-april-1-2026,False,False,missing_quote_pair,no,0.9130000728190119,asymmetric_paired_accumulation,buy,11.494251,2026-03-28T21:24:06+00:00,buy
90-91°F,,[],Miami,0xa004f53eedf2ea63c9c90a1915e5147a0d17ecd2f2039401aa04809ccddbe6bc,True,highest-temperature-in-miami-on-april-1-2026,False,False,missing_quote_pair,no,0.9130000728190119,asymmetric_paired_accumulation,buy,11.494251,2026-03-28T21:24:06+00:00,buy
90-91°F,,[],Miami,0xa004f53eedf2ea63c9c90a1915e5147a0d17ecd2f2039401aa04809ccddbe6bc,True,highest-temperature-in-miami-on-april-1-2026,False,False,missing_quote_pair,no,0.913,asymmetric_paired_accumulation,buy,0.68,2026-03-28T21:24:08+00:00,buy
90-91°F,,[],Miami,0xa004f53eedf2ea63c9c90a1915e5147a0d17ecd2f2039401aa04809ccddbe6bc,True,highest-temperature-in-miami-on-april-1-2026,False,False,missing_quote_pair,no,0.9130000728190119,asymmetric_paired_accumulation,buy,11.494251,2026-03-28T21:24:08+00:00,buy
90-91°F,,[],Miami,0xa004f53eedf2ea63c9c90a1915e5147a0d17ecd2f2039401aa04809ccddbe6bc,True,highest-temperature-in-miami-on-april-1-2026,False,False,missing_quote_pair,no,0.9130000728190119,asymmetric_paired_accumulation,buy,11.494251,2026-03-28T21:24:08+00:00,buy
90-91°F,,[],Miami,0xa004f53eedf2ea63c9c90a1915e5147a0d17ecd2f2039401aa04809ccddbe6bc,True,highest-temperature-in-miami-on-april-1-2026,False,False,missing_quote_pair,yes,0.086,asymmetric_paired_accumulation,buy,40.0,2026-03-28T21:24:10+00:00,buy
90-91°F,,[],Miami,0xa004f53eedf2ea63c9c90a1915e5147a0d17ecd2f2039401aa04809ccddbe6bc,True,highest-temperature-in-miami-on-april-1-2026,False,False,missing_quote_pair,yes,0.069,asymmetric_paired_accumulation,buy,7.95925,2026-03-28T21:24:32+00:00,buy
90-91°F,,[],Miami,0xa004f53eedf2ea63c9c90a1915e5147a0d17ecd2f2039401aa04809ccddbe6bc,True,highest-temperature-in-miami-on-april-1-2026,False,False,missing_quote_pair,yes,0.069,asymmetric_paired_accumulation,buy,1.26,2026-03-28T21:24:34+00:00,buy
90-91°F,,[],Miami,0xa004f53eedf2ea63c9c90a1915e5147a0d17ecd2f2039401aa04809ccddbe6bc,True,highest-temperature-in-miami-on-april-1-2026,False,False,missing_quote_pair,yes,0.069,asymmetric_paired_accumulation,buy,1.14,2026-03-28T21:24:34+00:00,buy
90-91°F,,[],Miami,0xa004f53eedf2ea63c9c90a1915e5147a0d17ecd2f2039401aa04809ccddbe6bc,True,highest-temperature-in-miami-on-april-1-2026,False,False,missing_quote_pair,yes,0.069,asymmetric_paired_accumulation,buy,1.14,2026-03-28T21:24:34+00:00,buy
90-91°F,,[],Miami,0xa004f53eedf2ea63c9c90a1915e5147a0d17ecd2f2039401aa04809ccddbe6bc,True,highest-temperature-in-miami-on-april-1-2026,False,False,missing_quote_pair,no,0.93,asymmetric_paired_accumulation,buy,1.09,2026-03-28T21:24:34+00:00,buy
90-91°F,,[],Miami,0xa004f53eedf2ea63c9c90a1915e5147a0d17ecd2f2039401aa04809ccddbe6bc,True,highest-temperature-in-miami-on-april-1-2026,False,False,missing_quote_pair,yes,0.069,asymmetric_paired_accumulation,buy,1.26,2026-03-28T21:24:34+00:00,buy
90-91°F,,[],Miami,0xa004f53eedf2ea63c9c90a1915e5147a0d17ecd2f2039401aa04809ccddbe6bc,True,highest-temperature-in-miami-on-april-1-2026,False,False,missing_quote_pair,yes,0.069,asymmetric_paired_accumulation,buy,1.14,2026-03-28T21:24:34+00:00,buy
90-91°F,,[],Miami,0xa004f53eedf2ea63c9c90a1915e5147a0d17ecd2f2039401aa04809ccddbe6bc,True,highest-temperature-in-miami-on-april-1-2026,False,False,missing_quote_pair,yes,0.069,asymmetric_paired_accumulation,buy,1.14,2026-03-28T21:24:34+00:00,buy
90-91°F,,[],Miami,0xa004f53eedf2ea63c9c90a1915e5147a0d17ecd2f2039401aa04809ccddbe6bc,True,highest-temperature-in-miami-on-april-1-2026,False,False,missing_quote_pair,yes,0.06900004316470042,asymmetric_paired_accumulation,buy,1.181521,2026-03-28T21:24:34+00:00,buy
90-91°F,,[],Miami,0xa004f53eedf2ea63c9c90a1915e5147a0d17ecd2f2039401aa04809ccddbe6bc,True,highest-temperature-in-miami-on-april-1-2026,False,False,missing_quote_pair,no,0.93,asymmetric_paired_accumulation,buy,4.0,2026-03-28T21:24:36+00:00,buy
90-91°F,,[],Miami,0xa004f53eedf2ea63c9c90a1915e5147a0d17ecd2f2039401aa04809ccddbe6bc,True,highest-temperature-in-miami-on-april-1-2026,False,False,missing_quote_pair,yes,0.06900004316470042,asymmetric_paired_accumulation,buy,1.181521,2026-03-28T21:24:40+00:00,buy
90-91°F,,[],Miami,0xa004f53eedf2ea63c9c90a1915e5147a0d17ecd2f2039401aa04809ccddbe6bc,True,highest-temperature-in-miami-on-april-1-2026,False,False,missing_quote_pair,no,0.93,asymmetric_paired_accumulation,buy,21.88,2026-03-28T21:24:40+00:00,buy
90-91°F,,[],Miami,0xa004f53eedf2ea63c9c90a1915e5147a0d17ecd2f2039401aa04809ccddbe6bc,True,highest-temperature-in-miami-on-april-1-2026,False,False,missing_quote_pair,yes,0.069,asymmetric_paired_accumulation,buy,5.9,2026-03-28T21:24:42+00:00,buy
90-91°F,,[],Miami,0xa004f53eedf2ea63c9c90a1915e5147a0d17ecd2f2039401aa04809ccddbe6bc,True,highest-temperature-in-miami-on-april-1-2026,False,False,missing_quote_pair,yes,0.069,asymmetric_paired_accumulation,buy,1.203,2026-03-28T21:24:42+00:00,buy
90-91°F,,[],Miami,0xa004f53eedf2ea63c9c90a1915e5147a0d17ecd2f2039401aa04809ccddbe6bc,True,highest-temperature-in-miami-on-april-1-2026,False,False,missing_quote_pair,yes,0.06900001277845626,asymmetric_paired_accumulation,buy,1.095594,2026-03-28T21:24:42+00:00,buy
90-91°F,,[],Miami,0xa004f53eedf2ea63c9c90a1915e5147a0d17ecd2f2039401aa04809ccddbe6bc,True,highest-temperature-in-miami-on-april-1-2026,False,False,missing_quote_pair,yes,0.06900003687179676,asymmetric_paired_accumulation,buy,1.08484,2026-03-28T21:24:44+00:00,buy
90-91°F,,[],Miami,0xa004f53eedf2ea63c9c90a1915e5147a0d17ecd2f2039401aa04809ccddbe6bc,True,highest-temperature-in-miami-on-april-1-2026,False,False,missing_quote_pair,no,0.9892831100559607,asymmetric_paired_accumulation,buy,235.88,2026-03-28T21:25:08+00:00,buy
74-75°F,,[],Miami,0x34c90dc8fde04aaff9fd9daa225452c00222e49be81084ef6a26e8567997293b,True,highest-temperature-in-miami-on-april-1-2026,False,False,missing_quote_pair,yes,0.17942,asymmetric_paired_accumulation,buy,20.79856,2026-03-28T21:26:40+00:00,buy
74-75°F,,[],Miami,0x34c90dc8fde04aaff9fd9daa225452c00222e49be81084ef6a26e8567997293b,True,highest-temperature-in-miami-on-april-1-2026,False,False,missing_quote_pair,no,0.8090000687415544,asymmetric_paired_accumulation,buy,10.837695,2026-03-28T21:26:46+00:00,buy
74-75°F,,[],Miami,0x34c90dc8fde04aaff9fd9daa225452c00222e49be81084ef6a26e8567997293b,True,highest-temperature-in-miami-on-april-1-2026,False,False,missing_quote_pair,yes,0.19,asymmetric_paired_accumulation,buy,6.18871,2026-03-28T21:26:46+00:00,buy
74-75°F,,[],Miami,0x34c90dc8fde04aaff9fd9daa225452c00222e49be81084ef6a26e8567997293b,True,highest-temperature-in-miami-on-april-1-2026,False,False,missing_quote_pair,yes,0.19,asymmetric_paired_accumulation,buy,10.0,2026-03-28T21:26:50+00:00,buy
74-75°F,,[],Miami,0x34c90dc8fde04aaff9fd9daa225452c00222e49be81084ef6a26e8567997293b,True,highest-temperature-in-miami-on-april-1-2026,False,False,missing_quote_pair,no,0.809,asymmetric_paired_accumulation,buy,2.08,2026-03-28T21:26:54+00:00,buy
74-75°F,,[],Miami,0x34c90dc8fde04aaff9fd9daa225452c00222e49be81084ef6a26e8567997293b,True,highest-temperature-in-miami-on-april-1-2026,False,False,missing_quote_pair,no,0.8972261427771315,asymmetric_paired_accumulation,buy,230.34792000000002,2026-03-28T21:27:54+00:00,buy
62-63°F,,[],Atlanta,0xc85b611707a4af450f359ceec54e5bfd63b94ec447dd94a92c6964a0859cf262,True,highest-temperature-in-atlanta-on-march-29-2026,False,False,missing_quote_pair,yes,0.04,asymmetric_paired_accumulation,buy,1.04165,2026-03-28T21:32:36+00:00,buy
62-63°F,,[],Atlanta,0xc85b611707a4af450f359ceec54e5bfd63b94ec447dd94a92c6964a0859cf262,True,highest-temperature-in-atlanta-on-march-29-2026,False,False,missing_quote_pair,no,0.959,asymmetric_paired_accumulation,buy,20.0,2026-03-28T21:32:36+00:00,buy
62-63°F,,[],Atlanta,0xc85b611707a4af450f359ceec54e5bfd63b94ec447dd94a92c6964a0859cf262,True,highest-temperature-in-atlanta-on-march-29-2026,False,False,missing_quote_pair,yes,0.04,asymmetric_paired_accumulation,buy,3.114575,2026-03-28T21:32:38+00:00,buy
62-63°F,,[],Atlanta,0xc85b611707a4af450f359ceec54e5bfd63b94ec447dd94a92c6964a0859cf262,True,highest-temperature-in-atlanta-on-march-29-2026,False,False,missing_quote_pair,no,0.959,asymmetric_paired_accumulation,buy,6.0,2026-03-28T21:32:38+00:00,buy
62-63°F,,[],Atlanta,0xc85b611707a4af450f359ceec54e5bfd63b94ec447dd94a92c6964a0859cf262,True,highest-temperature-in-atlanta-on-march-29-2026,False,False,missing_quote_pair,yes,0.04,asymmetric_paired_accumulation,buy,9.10415,2026-03-28T21:32:40+00:00,buy
62-63°F,,[],Atlanta,0xc85b611707a4af450f359ceec54e5bfd63b94ec447dd94a92c6964a0859cf262,True,highest-temperature-in-atlanta-on-march-29-2026,False,False,missing_quote_pair,yes,0.04,asymmetric_paired_accumulation,buy,5.989575,2026-03-28T21:32:42+00:00,buy
62-63°F,,[],Atlanta,0xc85b611707a4af450f359ceec54e5bfd63b94ec447dd94a92c6964a0859cf262,True,highest-temperature-in-atlanta-on-march-29-2026,False,False,missing_quote_pair,yes,0.04,asymmetric_paired_accumulation,buy,1.04165,2026-03-28T21:32:42+00:00,buy
62-63°F,,[],Atlanta,0xc85b611707a4af450f359ceec54e5bfd63b94ec447dd94a92c6964a0859cf262,True,highest-temperature-in-atlanta-on-march-29-2026,False,False,missing_quote_pair,no,0.959,asymmetric_paired_accumulation,buy,4.0,2026-03-28T21:32:42+00:00,buy
62-63°F,,[],Atlanta,0xc85b611707a4af450f359ceec54e5bfd63b94ec447dd94a92c6964a0859cf262,True,highest-temperature-in-atlanta-on-march-29-2026,False,False,missing_quote_pair,yes,0.04,asymmetric_paired_accumulation,buy,1.04165,2026-03-28T21:32:42+00:00,buy
62-63°F,,[],Atlanta,0xc85b611707a4af450f359ceec54e5bfd63b94ec447dd94a92c6964a0859cf262,True,highest-temperature-in-atlanta-on-march-29-2026,False,False,missing_quote_pair,yes,0.04,asymmetric_paired_accumulation,buy,1.29165,2026-03-28T21:32:42+00:00,buy
62-63°F,,[],Atlanta,0xc85b611707a4af450f359ceec54e5bfd63b94ec447dd94a92c6964a0859cf262,True,highest-temperature-in-atlanta-on-march-29-2026,False,False,missing_quote_pair,yes,0.04,asymmetric_paired_accumulation,buy,1.802075,2026-03-28T21:32:42+00:00,buy
62-63°F,,[],Atlanta,0xc85b611707a4af450f359ceec54e5bfd63b94ec447dd94a92c6964a0859cf262,True,highest-temperature-in-atlanta-on-march-29-2026,False,False,missing_quote_pair,yes,0.04,asymmetric_paired_accumulation,buy,1.5625,2026-03-28T21:32:44+00:00,buy
62-63°F,,[],Atlanta,0xc85b611707a4af450f359ceec54e5bfd63b94ec447dd94a92c6964a0859cf262,True,highest-temperature-in-atlanta-on-march-29-2026,False,False,missing_quote_pair,yes,0.04,asymmetric_paired_accumulation,buy,1.1979,2026-03-28T21:32:46+00:00,buy
62-63°F,,[],Atlanta,0xc85b611707a4af450f359ceec54e5bfd63b94ec447dd94a92c6964a0859cf262,True,highest-temperature-in-atlanta-on-march-29-2026,False,False,missing_quote_pair,yes,0.04,asymmetric_paired_accumulation,buy,19.3,2026-03-28T21:32:52+00:00,buy
62-63°F,,[],Atlanta,0xc85b611707a4af450f359ceec54e5bfd63b94ec447dd94a92c6964a0859cf262,True,highest-temperature-in-atlanta-on-march-29-2026,False,False,missing_quote_pair,yes,0.04,asymmetric_paired_accumulation,buy,5.0,2026-03-28T21:32:56+00:00,buy
62-63°F,,[],Atlanta,0xc85b611707a4af450f359ceec54e5bfd63b94ec447dd94a92c6964a0859cf262,True,highest-temperature-in-atlanta-on-march-29-2026,False,False,missing_quote_pair,yes,0.04,asymmetric_paired_accumulation,buy,5.0,2026-03-28T21:33:06+00:00,buy
62-63°F,,[],Atlanta,0xc85b611707a4af450f359ceec54e5bfd63b94ec447dd94a92c6964a0859cf262,True,highest-temperature-in-atlanta-on-march-29-2026,False,False,missing_quote_pair,yes,0.04,asymmetric_paired_accumulation,buy,5.0,2026-03-28T21:33:06+00:00,buy
62-63°F,,[],Atlanta,0xc85b611707a4af450f359ceec54e5bfd63b94ec447dd94a92c6964a0859cf262,True,highest-temperature-in-atlanta-on-march-29-2026,False,False,missing_quote_pair,yes,0.04,asymmetric_paired_accumulation,buy,5.0,2026-03-28T21:33:06+00:00,buy
62-63°F,,[],Atlanta,0xc85b611707a4af450f359ceec54e5bfd63b94ec447dd94a92c6964a0859cf262,True,highest-temperature-in-atlanta-on-march-29-2026,False,False,missing_quote_pair,yes,0.04,asymmetric_paired_accumulation,buy,12.2,2026-03-28T21:33:08+00:00,buy
62-63°F,,[],Atlanta,0xc85b611707a4af450f359ceec54e5bfd63b94ec447dd94a92c6964a0859cf262,True,highest-temperature-in-atlanta-on-march-29-2026,False,False,missing_quote_pair,yes,0.04,asymmetric_paired_accumulation,buy,2.0,2026-03-28T21:33:12+00:00,buy
62-63°F,,[],Atlanta,0xc85b611707a4af450f359ceec54e5bfd63b94ec447dd94a92c6964a0859cf262,True,highest-temperature-in-atlanta-on-march-29-2026,False,False,missing_quote_pair,no,0.959,asymmetric_paired_accumulation,buy,1.93,2026-03-28T21:33:32+00:00,buy
62-63°F,,[],Atlanta,0xc85b611707a4af450f359ceec54e5bfd63b94ec447dd94a92c6964a0859cf262,True,highest-temperature-in-atlanta-on-march-29-2026,False,False,missing_quote_pair,no,0.959,asymmetric_paired_accumulation,buy,1.22,2026-03-28T21:33:34+00:00,buy
62-63°F,,[],Atlanta,0xc85b611707a4af450f359ceec54e5bfd63b94ec447dd94a92c6964a0859cf262,True,highest-temperature-in-atlanta-on-march-29-2026,False,False,missing_quote_pair,no,0.959,asymmetric_paired_accumulation,buy,6.85,2026-03-28T21:34:28+00:00,buy
62-63°F,,[],Atlanta,0xc85b611707a4af450f359ceec54e5bfd63b94ec447dd94a92c6964a0859cf262,True,highest-temperature-in-atlanta-on-march-29-2026,False,False,missing_quote_pair,yes,0.06091892658802546,cheap_bucket_accumulation,buy,246.69,2026-03-28T21:36:44+00:00,buy
64-65°F,,[],Atlanta,0x11bce02b799c52f6302168e218c99583d4cd7f9efe157cfa1ce4ab727d637a39,True,highest-temperature-in-atlanta-on-march-29-2026,False,False,missing_quote_pair,yes,0.1797153991497402,unsupported_public_behavior,buy,254.04,2026-03-28T21:36:50+00:00,buy
62-63°F,,[],Atlanta,0xc85b611707a4af450f359ceec54e5bfd63b94ec447dd94a92c6964a0859cf262,True,highest-temperature-in-atlanta-on-march-29-2026,False,False,missing_quote_pair,yes,0.07084976206662134,neg_risk_basket,buy,58.84,2026-03-28T21:39:02+00:00,buy
64-65°F,,[],Atlanta,0x11bce02b799c52f6302168e218c99583d4cd7f9efe157cfa1ce4ab727d637a39,True,highest-temperature-in-atlanta-on-march-29-2026,False,False,missing_quote_pair,yes,0.23020544513111743,neg_risk_basket,buy,59.87,2026-03-28T21:39:16+00:00,buy
66-67°F,,[],Atlanta,0xced875c81b33296989bfe995d068fce63a619746b73defe6ba312315f7b0eb17,True,highest-temperature-in-atlanta-on-march-29-2026,False,False,missing_quote_pair,yes,0.33502625,neg_risk_basket,buy,320.0,2026-03-28T21:39:40+00:00,buy
70-71°F,,[],Atlanta,0x1f8d4d707520da4359a481bd867d0ceb50dd70e831cffd139f2453331565fd25,True,highest-temperature-in-atlanta-on-march-29-2026,False,False,missing_quote_pair,no,0.879780085653105,unsupported_public_behavior,buy,467.0,2026-03-28T21:41:40+00:00,buy
82-83°F,,[],Dallas,0x73ef341954cf8fcd1863e3ba424f29a701c86b5c39f846dffe4d831c1c072ad2,True,highest-temperature-in-dallas-on-april-1-2026,False,False,missing_quote_pair,yes,0.0700000261347718,paired_under_par,buy,1.530528,2026-03-28T21:51:12+00:00,buy
82-83°F,,[],Dallas,0x73ef341954cf8fcd1863e3ba424f29a701c86b5c39f846dffe4d831c1c072ad2,True,highest-temperature-in-dallas-on-april-1-2026,False,False,missing_quote_pair,no,0.9026235294117647,paired_under_par,buy,67.49601,2026-03-28T21:51:12+00:00,buy
82-83°F,,[],Dallas,0x73ef341954cf8fcd1863e3ba424f29a701c86b5c39f846dffe4d831c1c072ad2,True,highest-temperature-in-dallas-on-april-1-2026,False,False,missing_quote_pair,yes,0.07000001524606385,paired_under_par,buy,1.311814,2026-03-28T21:51:12+00:00,buy
82-83°F,,[],Dallas,0x73ef341954cf8fcd1863e3ba424f29a701c86b5c39f846dffe4d831c1c072ad2,True,highest-temperature-in-dallas-on-april-1-2026,False,False,missing_quote_pair,yes,0.07000003795925959,paired_under_par,buy,1.580642,2026-03-28T21:51:14+00:00,buy
82-83°F,,[],Dallas,0x73ef341954cf8fcd1863e3ba424f29a701c86b5c39f846dffe4d831c1c072ad2,True,highest-temperature-in-dallas-on-april-1-2026,False,False,missing_quote_pair,yes,0.07000001550010307,paired_under_par,buy,1.290314,2026-03-28T21:51:14+00:00,buy
82-83°F,,[],Dallas,0x73ef341954cf8fcd1863e3ba424f29a701c86b5c39f846dffe4d831c1c072ad2,True,highest-temperature-in-dallas-on-april-1-2026,False,False,missing_quote_pair,yes,0.07,paired_under_par,buy,3.2043,2026-03-28T21:51:14+00:00,buy
82-83°F,,[],Dallas,0x73ef341954cf8fcd1863e3ba424f29a701c86b5c39f846dffe4d831c1c072ad2,True,highest-temperature-in-dallas-on-april-1-2026,False,False,missing_quote_pair,yes,0.07000000108139591,paired_under_par,buy,18.494614,2026-03-28T21:51:16+00:00,buy
82-83°F,,[],Dallas,0x73ef341954cf8fcd1863e3ba424f29a701c86b5c39f846dffe4d831c1c072ad2,True,highest-temperature-in-dallas-on-april-1-2026,False,False,missing_quote_pair,yes,0.07000000607844722,paired_under_par,buy,3.290314,2026-03-28T21:51:16+00:00,buy
82-83°F,,[],Dallas,0x73ef341954cf8fcd1863e3ba424f29a701c86b5c39f846dffe4d831c1c072ad2,True,highest-temperature-in-dallas-on-april-1-2026,False,False,missing_quote_pair,yes,0.07000003282379856,paired_under_par,buy,1.827942,2026-03-28T21:51:16+00:00,buy
82-83°F,,[],Dallas,0x73ef341954cf8fcd1863e3ba424f29a701c86b5c39f846dffe4d831c1c072ad2,True,highest-temperature-in-dallas-on-april-1-2026,False,False,missing_quote_pair,no,0.92,paired_under_par,buy,1.85,2026-03-28T21:51:34+00:00,buy
82-83°F,,[],Dallas,0x73ef341954cf8fcd1863e3ba424f29a701c86b5c39f846dffe4d831c1c072ad2,True,highest-temperature-in-dallas-on-april-1-2026,False,False,missing_quote_pair,yes,0.07,paired_under_par,buy,6.75,2026-03-28T21:51:34+00:00,buy
82-83°F,,[],Dallas,0x73ef341954cf8fcd1863e3ba424f29a701c86b5c39f846dffe4d831c1c072ad2,True,highest-temperature-in-dallas-on-april-1-2026,False,False,missing_quote_pair,yes,0.07,paired_under_par,buy,5.0,2026-03-28T21:51:36+00:00,buy
82-83°F,,[],Dallas,0x73ef341954cf8fcd1863e3ba424f29a701c86b5c39f846dffe4d831c1c072ad2,True,highest-temperature-in-dallas-on-april-1-2026,False,False,missing_quote_pair,yes,0.07000003282379856,paired_under_par,buy,1.827942,2026-03-28T21:51:36+00:00,buy
82-83°F,,[],Dallas,0x73ef341954cf8fcd1863e3ba424f29a701c86b5c39f846dffe4d831c1c072ad2,True,highest-temperature-in-dallas-on-april-1-2026,False,False,missing_quote_pair,yes,0.07,paired_under_par,buy,5.0,2026-03-28T21:51:36+00:00,buy
82-83°F,,[],Dallas,0x73ef341954cf8fcd1863e3ba424f29a701c86b5c39f846dffe4d831c1c072ad2,True,highest-temperature-in-dallas-on-april-1-2026,False,False,missing_quote_pair,yes,0.07,paired_under_par,buy,5.0,2026-03-28T21:51:36+00:00,buy
82-83°F,,[],Dallas,0x73ef341954cf8fcd1863e3ba424f29a701c86b5c39f846dffe4d831c1c072ad2,True,highest-temperature-in-dallas-on-april-1-2026,False,False,missing_quote_pair,yes,0.07,paired_under_par,buy,5.0,2026-03-28T21:51:36+00:00,buy
82-83°F,,[],Dallas,0x73ef341954cf8fcd1863e3ba424f29a701c86b5c39f846dffe4d831c1c072ad2,True,highest-temperature-in-dallas-on-april-1-2026,False,False,missing_quote_pair,yes,0.07,paired_under_par,buy,5.0,2026-03-28T21:51:36+00:00,buy
82-83°F,,[],Dallas,0x73ef341954cf8fcd1863e3ba424f29a701c86b5c39f846dffe4d831c1c072ad2,True,highest-temperature-in-dallas-on-april-1-2026,False,False,missing_quote_pair,yes,0.07,paired_under_par,buy,5.0,2026-03-28T21:51:50+00:00,buy
82-83°F,,[],Dallas,0x73ef341954cf8fcd1863e3ba424f29a701c86b5c39f846dffe4d831c1c072ad2,True,highest-temperature-in-dallas-on-april-1-2026,False,False,missing_quote_pair,yes,0.08,paired_under_par,buy,155.23993000000002,2026-03-28T21:52:00+00:00,buy
82-83°F,,[],Dallas,0x73ef341954cf8fcd1863e3ba424f29a701c86b5c39f846dffe4d831c1c072ad2,True,highest-temperature-in-dallas-on-april-1-2026,False,False,missing_quote_pair,yes,0.09635613540197462,paired_under_par,buy,140.75395,2026-03-28T21:52:10+00:00,buy
80-81°F,,[],Dallas,0x21e679503465f7f609a31862105795194bd85731363b3d90e93dec9e7091df3f,True,highest-temperature-in-dallas-on-april-1-2026,False,False,missing_quote_pair,no,0.88,asymmetric_paired_accumulation,buy,23.80503,2026-03-28T21:53:04+00:00,buy
80-81°F,,[],Dallas,0x21e679503465f7f609a31862105795194bd85731363b3d90e93dec9e7091df3f,True,highest-temperature-in-dallas-on-april-1-2026,False,False,missing_quote_pair,no,0.87,asymmetric_paired_accumulation,buy,9.91593,2026-03-28T21:53:06+00:00,buy
80-81°F,,[],Dallas,0x21e679503465f7f609a31862105795194bd85731363b3d90e93dec9e7091df3f,True,highest-temperature-in-dallas-on-april-1-2026,False,False,missing_quote_pair,no,0.85,asymmetric_paired_accumulation,buy,19.02861,2026-03-28T21:53:34+00:00,buy
80-81°F,,[],Dallas,0x21e679503465f7f609a31862105795194bd85731363b3d90e93dec9e7091df3f,True,highest-temperature-in-dallas-on-april-1-2026,False,False,missing_quote_pair,yes,0.12,asymmetric_paired_accumulation,buy,9.9,2026-03-28T21:53:36+00:00,buy
80-81°F,,[],Dallas,0x21e679503465f7f609a31862105795194bd85731363b3d90e93dec9e7091df3f,True,highest-temperature-in-dallas-on-april-1-2026,False,False,missing_quote_pair,yes,0.12000004319034091,asymmetric_paired_accumulation,buy,1.852266,2026-03-28T21:53:38+00:00,buy
80-81°F,,[],Dallas,0x21e679503465f7f609a31862105795194bd85731363b3d90e93dec9e7091df3f,True,highest-temperature-in-dallas-on-april-1-2026,False,False,missing_quote_pair,yes,0.12,asymmetric_paired_accumulation,buy,1.42045,2026-03-28T21:53:38+00:00,buy
80-81°F,,[],Dallas,0x21e679503465f7f609a31862105795194bd85731363b3d90e93dec9e7091df3f,True,highest-temperature-in-dallas-on-april-1-2026,False,False,missing_quote_pair,yes,0.12,asymmetric_paired_accumulation,buy,1.9,2026-03-28T21:53:54+00:00,buy
80-81°F,,[],Dallas,0x21e679503465f7f609a31862105795194bd85731363b3d90e93dec9e7091df3f,True,highest-temperature-in-dallas-on-april-1-2026,False,False,missing_quote_pair,no,0.87,asymmetric_paired_accumulation,buy,8.0,2026-03-28T21:54:16+00:00,buy
80-81°F,,[],Dallas,0x21e679503465f7f609a31862105795194bd85731363b3d90e93dec9e7091df3f,True,highest-temperature-in-dallas-on-april-1-2026,False,False,missing_quote_pair,yes,0.12,asymmetric_paired_accumulation,buy,1.25,2026-03-28T21:54:16+00:00,buy
80-81°F,,[],Dallas,0x21e679503465f7f609a31862105795194bd85731363b3d90e93dec9e7091df3f,True,highest-temperature-in-dallas-on-april-1-2026,False,False,missing_quote_pair,yes,0.12000000404597932,paired_under_par,buy,9.886358,2026-03-28T21:58:38+00:00,buy
80-81°F,,[],Dallas,0x21e679503465f7f609a31862105795194bd85731363b3d90e93dec9e7091df3f,True,highest-temperature-in-dallas-on-april-1-2026,False,False,missing_quote_pair,yes,0.12,paired_under_par,buy,24.0,2026-03-28T21:58:38+00:00,buy
80-81°F,,[],Dallas,0x21e679503465f7f609a31862105795194bd85731363b3d90e93dec9e7091df3f,True,highest-temperature-in-dallas-on-april-1-2026,False,False,missing_quote_pair,yes,0.12000000505747632,paired_under_par,buy,7.909083,2026-03-28T21:58:40+00:00,buy
80-81°F,,[],Dallas,0x21e679503465f7f609a31862105795194bd85731363b3d90e93dec9e7091df3f,True,highest-temperature-in-dallas-on-april-1-2026,False,False,missing_quote_pair,yes,0.12,paired_under_par,buy,1.772725,2026-03-28T21:58:40+00:00,buy
80-81°F,,[],Dallas,0x21e679503465f7f609a31862105795194bd85731363b3d90e93dec9e7091df3f,True,highest-temperature-in-dallas-on-april-1-2026,False,False,missing_quote_pair,yes,0.12,paired_under_par,buy,18.54545,2026-03-28T21:58:40+00:00,buy
80-81°F,,[],Dallas,0x21e679503465f7f609a31862105795194bd85731363b3d90e93dec9e7091df3f,True,highest-temperature-in-dallas-on-april-1-2026,False,False,missing_quote_pair,no,0.8700001187214883,paired_under_par,buy,6.73846,2026-03-28T21:58:40+00:00,buy
80-81°F,,[],Dallas,0x21e679503465f7f609a31862105795194bd85731363b3d90e93dec9e7091df3f,True,highest-temperature-in-dallas-on-april-1-2026,False,False,missing_quote_pair,no,0.87,paired_under_par,buy,1.8,2026-03-28T21:58:40+00:00,buy
80-81°F,,[],Dallas,0x21e679503465f7f609a31862105795194bd85731363b3d90e93dec9e7091df3f,True,highest-temperature-in-dallas-on-april-1-2026,False,False,missing_quote_pair,yes,0.12000000600683307,paired_under_par,buy,6.659083,2026-03-28T21:59:12+00:00,buy
80-81°F,,[],Dallas,0x21e679503465f7f609a31862105795194bd85731363b3d90e93dec9e7091df3f,True,highest-temperature-in-dallas-on-april-1-2026,False,False,missing_quote_pair,no,0.87,paired_under_par,buy,2.4,2026-03-28T21:59:12+00:00,buy
80-81°F,,[],Dallas,0x21e679503465f7f609a31862105795194bd85731363b3d90e93dec9e7091df3f,True,highest-temperature-in-dallas-on-april-1-2026,False,False,missing_quote_pair,yes,0.120000016923101,paired_under_par,buy,2.363633,2026-03-28T21:59:14+00:00,buy
80-81°F,,[],Dallas,0x21e679503465f7f609a31862105795194bd85731363b3d90e93dec9e7091df3f,True,highest-temperature-in-dallas-on-april-1-2026,False,False,missing_quote_pair,yes,0.12000006769243267,paired_under_par,buy,1.181816,2026-03-28T21:59:14+00:00,buy
80-81°F,,[],Dallas,0x21e679503465f7f609a31862105795194bd85731363b3d90e93dec9e7091df3f,True,highest-temperature-in-dallas-on-april-1-2026,False,False,missing_quote_pair,no,0.87,paired_under_par,buy,0.86,2026-03-28T21:59:14+00:00,buy
80-81°F,,[],Dallas,0x21e679503465f7f609a31862105795194bd85731363b3d90e93dec9e7091df3f,True,highest-temperature-in-dallas-on-april-1-2026,False,False,missing_quote_pair,yes,0.12,paired_under_par,buy,2.375,2026-03-28T21:59:38+00:00,buy
80-81°F,,[],Dallas,0x21e679503465f7f609a31862105795194bd85731363b3d90e93dec9e7091df3f,True,highest-temperature-in-dallas-on-april-1-2026,False,False,missing_quote_pair,yes,0.12,paired_under_par,buy,5.0,2026-03-28T22:02:12+00:00,buy
80-81°F,,[],Dallas,0x21e679503465f7f609a31862105795194bd85731363b3d90e93dec9e7091df3f,True,highest-temperature-in-dallas-on-april-1-2026,False,False,missing_quote_pair,yes,0.12,paired_under_par,buy,14.19,2026-03-28T22:03:52+00:00,buy
80-81°F,,[],Dallas,0x21e679503465f7f609a31862105795194bd85731363b3d90e93dec9e7091df3f,True,highest-temperature-in-dallas-on-april-1-2026,False,False,missing_quote_pair,no,0.87,paired_under_par,buy,1.42,2026-03-28T22:04:22+00:00,buy
80-81°F,,[],Dallas,0x21e679503465f7f609a31862105795194bd85731363b3d90e93dec9e7091df3f,True,highest-temperature-in-dallas-on-april-1-2026,False,False,missing_quote_pair,yes,0.12000002838725611,paired_under_par,buy,1.409083,2026-03-28T22:04:50+00:00,buy
80-81°F,,[],Dallas,0x21e679503465f7f609a31862105795194bd85731363b3d90e93dec9e7091df3f,True,highest-temperature-in-dallas-on-april-1-2026,False,False,missing_quote_pair,yes,0.12,paired_under_par,buy,14.19,2026-03-28T22:06:12+00:00,buy
80-81°F,,[],Dallas,0x21e679503465f7f609a31862105795194bd85731363b3d90e93dec9e7091df3f,True,highest-temperature-in-dallas-on-april-1-2026,False,False,missing_quote_pair,no,0.87,paired_under_par,buy,1.42,2026-03-28T22:06:22+00:00,buy
80-81°F,,[],Dallas,0x21e679503465f7f609a31862105795194bd85731363b3d90e93dec9e7091df3f,True,highest-temperature-in-dallas-on-april-1-2026,False,False,missing_quote_pair,yes,0.12000002838725611,paired_under_par,buy,1.409083,2026-03-28T22:06:58+00:00,buy
80-81°F,,[],Dallas,0x21e679503465f7f609a31862105795194bd85731363b3d90e93dec9e7091df3f,True,highest-temperature-in-dallas-on-april-1-2026,False,False,missing_quote_pair,yes,0.12,paired_under_par,buy,14.19,2026-03-28T22:08:40+00:00,buy
80-81°F,,[],Dallas,0x21e679503465f7f609a31862105795194bd85731363b3d90e93dec9e7091df3f,True,highest-temperature-in-dallas-on-april-1-2026,False,False,missing_quote_pair,no,0.87,paired_under_par,buy,1.42,2026-03-28T22:09:02+00:00,buy
80-81°F,,[],Dallas,0x21e679503465f7f609a31862105795194bd85731363b3d90e93dec9e7091df3f,True,highest-temperature-in-dallas-on-april-1-2026,False,False,missing_quote_pair,yes,0.12000006769243267,paired_under_par,buy,1.181816,2026-03-28T22:09:06+00:00,buy
80-81°F,,[],Dallas,0x21e679503465f7f609a31862105795194bd85731363b3d90e93dec9e7091df3f,True,highest-temperature-in-dallas-on-april-1-2026,False,False,missing_quote_pair,yes,0.12000002838725611,paired_under_par,buy,1.409083,2026-03-28T22:09:36+00:00,buy
8°C or higher,,[],Toronto,0xd12e44ac856272c2af6825b545bb08a983bb4aa39f90fe6355b62fa3480ad2d7,True,highest-temperature-in-toronto-on-march-31-2026,False,False,missing_quote_pair,no,0.01400001800877027,asymmetric_paired_accumulation,buy,0.555285,2026-03-28T22:10:24+00:00,buy
8°C or higher,,[],Toronto,0xd12e44ac856272c2af6825b545bb08a983bb4aa39f90fe6355b62fa3480ad2d7,True,highest-temperature-in-toronto-on-march-31-2026,False,False,missing_quote_pair,yes,0.986,asymmetric_paired_accumulation,buy,12.0,2026-03-28T22:10:24+00:00,buy
8°C or higher,,[],Toronto,0xd12e44ac856272c2af6825b545bb08a983bb4aa39f90fe6355b62fa3480ad2d7,True,highest-temperature-in-toronto-on-march-31-2026,False,False,missing_quote_pair,no,0.014000000555500469,asymmetric_paired_accumulation,buy,3.600357,2026-03-28T22:10:30+00:00,buy
8°C or higher,,[],Toronto,0xd12e44ac856272c2af6825b545bb08a983bb4aa39f90fe6355b62fa3480ad2d7,True,highest-temperature-in-toronto-on-march-31-2026,False,False,missing_quote_pair,no,0.014000000666781798,asymmetric_paired_accumulation,buy,11.997928,2026-03-28T22:10:40+00:00,buy
8°C or higher,,[],Toronto,0xd12e44ac856272c2af6825b545bb08a983bb4aa39f90fe6355b62fa3480ad2d7,True,highest-temperature-in-toronto-on-march-31-2026,False,False,missing_quote_pair,no,0.014,asymmetric_paired_accumulation,buy,1.2,2026-03-28T22:11:02+00:00,buy
8°C or higher,,[],Toronto,0xd12e44ac856272c2af6825b545bb08a983bb4aa39f90fe6355b62fa3480ad2d7,True,highest-temperature-in-toronto-on-march-31-2026,False,False,missing_quote_pair,yes,0.985,asymmetric_paired_accumulation,buy,1.2,2026-03-28T22:11:04+00:00,buy
8°C or higher,,[],Toronto,0xd12e44ac856272c2af6825b545bb08a983bb4aa39f90fe6355b62fa3480ad2d7,True,highest-temperature-in-toronto-on-march-31-2026,False,False,missing_quote_pair,no,0.014000009130043779,asymmetric_paired_accumulation,buy,1.095285,2026-03-28T22:11:04+00:00,buy
80-81°F,,[],Dallas,0x21e679503465f7f609a31862105795194bd85731363b3d90e93dec9e7091df3f,True,highest-temperature-in-dallas-on-april-1-2026,False,False,missing_quote_pair,yes,0.12,paired_under_par,buy,14.19,2026-03-28T22:11:18+00:00,buy
80-81°F,,[],Dallas,0x21e679503465f7f609a31862105795194bd85731363b3d90e93dec9e7091df3f,True,highest-temperature-in-dallas-on-april-1-2026,False,False,missing_quote_pair,no,0.87,paired_under_par,buy,1.42,2026-03-28T22:11:44+00:00,buy
8°C or higher,,[],Toronto,0xd12e44ac856272c2af6825b545bb08a983bb4aa39f90fe6355b62fa3480ad2d7,True,highest-temperature-in-toronto-on-march-31-2026,False,False,missing_quote_pair,no,0.014000003342486175,asymmetric_paired_accumulation,buy,1.196714,2026-03-28T22:11:44+00:00,buy
80-81°F,,[],Dallas,0x21e679503465f7f609a31862105795194bd85731363b3d90e93dec9e7091df3f,True,highest-temperature-in-dallas-on-april-1-2026,False,False,missing_quote_pair,yes,0.12000002838725611,paired_under_par,buy,1.409083,2026-03-28T22:12:18+00:00,buy
80-81°F,,[],Dallas,0x21e679503465f7f609a31862105795194bd85731363b3d90e93dec9e7091df3f,True,highest-temperature-in-dallas-on-april-1-2026,False,False,missing_quote_pair,yes,0.12,paired_under_par,buy,14.19,2026-03-28T22:14:06+00:00,buy
80-81°F,,[],Dallas,0x21e679503465f7f609a31862105795194bd85731363b3d90e93dec9e7091df3f,True,highest-temperature-in-dallas-on-april-1-2026,False,False,missing_quote_pair,no,0.87,paired_under_par,buy,1.42,2026-03-28T22:14:22+00:00,buy
80-81°F,,[],Dallas,0x21e679503465f7f609a31862105795194bd85731363b3d90e93dec9e7091df3f,True,highest-temperature-in-dallas-on-april-1-2026,False,False,missing_quote_pair,yes,0.12000002838725611,paired_under_par,buy,1.409083,2026-03-28T22:14:40+00:00,buy
8°C or higher,,[],Toronto,0xd12e44ac856272c2af6825b545bb08a983bb4aa39f90fe6355b62fa3480ad2d7,True,highest-temperature-in-toronto-on-march-31-2026,False,False,missing_quote_pair,no,0.014,tail_bucket_accumulation,buy,5.0,2026-03-28T22:19:50+00:00,buy
23°C,,[],Mexico City,0x9815d8a0a736bd3f2bd05e1d0c0b7fd7872aedaa1ef65754f080af06c14455dd,True,highest-temperature-in-mexico-city-on-april-1-2026,False,False,missing_quote_pair,no,0.6683142639206713,asymmetric_paired_accumulation,buy,129.55689999999998,2026-03-28T22:19:56+00:00,buy
23°C,,[],Mexico City,0x9815d8a0a736bd3f2bd05e1d0c0b7fd7872aedaa1ef65754f080af06c14455dd,True,highest-temperature-in-mexico-city-on-april-1-2026,False,False,missing_quote_pair,no,0.9014333333333333,asymmetric_paired_accumulation,buy,14.88823,2026-03-28T22:20:30+00:00,buy
23°C,,[],Mexico City,0x9815d8a0a736bd3f2bd05e1d0c0b7fd7872aedaa1ef65754f080af06c14455dd,True,highest-temperature-in-mexico-city-on-april-1-2026,False,False,missing_quote_pair,no,0.95,asymmetric_paired_accumulation,buy,0.57,2026-03-28T22:20:34+00:00,buy
23°C,,[],Mexico City,0x9815d8a0a736bd3f2bd05e1d0c0b7fd7872aedaa1ef65754f080af06c14455dd,True,highest-temperature-in-mexico-city-on-april-1-2026,False,False,missing_quote_pair,no,0.95,asymmetric_paired_accumulation,buy,3.66,2026-03-28T22:20:34+00:00,buy
23°C,,[],Mexico City,0x9815d8a0a736bd3f2bd05e1d0c0b7fd7872aedaa1ef65754f080af06c14455dd,True,highest-temperature-in-mexico-city-on-april-1-2026,False,False,missing_quote_pair,no,0.95,asymmetric_paired_accumulation,buy,0.77,2026-03-28T22:20:34+00:00,buy
23°C,,[],Mexico City,0x9815d8a0a736bd3f2bd05e1d0c0b7fd7872aedaa1ef65754f080af06c14455dd,True,highest-temperature-in-mexico-city-on-april-1-2026,False,False,missing_quote_pair,no,0.95,asymmetric_paired_accumulation,buy,5.61,2026-03-28T22:21:04+00:00,buy
23°C,,[],Mexico City,0x9815d8a0a736bd3f2bd05e1d0c0b7fd7872aedaa1ef65754f080af06c14455dd,True,highest-temperature-in-mexico-city-on-april-1-2026,False,False,missing_quote_pair,yes,0.05,asymmetric_paired_accumulation,buy,1.13684,2026-03-28T22:21:04+00:00,buy
23°C,,[],Mexico City,0x9815d8a0a736bd3f2bd05e1d0c0b7fd7872aedaa1ef65754f080af06c14455dd,True,highest-temperature-in-mexico-city-on-april-1-2026,False,False,missing_quote_pair,yes,0.05,asymmetric_paired_accumulation,buy,1.15788,2026-03-28T22:21:06+00:00,buy
23°C,,[],Mexico City,0x9815d8a0a736bd3f2bd05e1d0c0b7fd7872aedaa1ef65754f080af06c14455dd,True,highest-temperature-in-mexico-city-on-april-1-2026,False,False,missing_quote_pair,yes,0.05,asymmetric_paired_accumulation,buy,2.31578,2026-03-28T22:21:06+00:00,buy
23°C,,[],Mexico City,0x9815d8a0a736bd3f2bd05e1d0c0b7fd7872aedaa1ef65754f080af06c14455dd,True,highest-temperature-in-mexico-city-on-april-1-2026,False,False,missing_quote_pair,yes,0.05,asymmetric_paired_accumulation,buy,5.61,2026-03-28T22:21:10+00:00,buy
23°C,,[],Mexico City,0x9815d8a0a736bd3f2bd05e1d0c0b7fd7872aedaa1ef65754f080af06c14455dd,True,highest-temperature-in-mexico-city-on-april-1-2026,False,False,missing_quote_pair,yes,0.05,asymmetric_paired_accumulation,buy,1.6842,2026-03-28T22:21:10+00:00,buy
23°C,,[],Mexico City,0x9815d8a0a736bd3f2bd05e1d0c0b7fd7872aedaa1ef65754f080af06c14455dd,True,highest-temperature-in-mexico-city-on-april-1-2026,False,False,missing_quote_pair,no,0.94,asymmetric_paired_accumulation,buy,1.25,2026-03-28T22:21:12+00:00,buy
80-81°F,,[],Dallas,0x21e679503465f7f609a31862105795194bd85731363b3d90e93dec9e7091df3f,True,highest-temperature-in-dallas-on-april-1-2026,False,False,missing_quote_pair,yes,0.12,paired_under_par,buy,22.73,2026-03-28T22:21:18+00:00,buy
80-81°F,,[],Dallas,0x21e679503465f7f609a31862105795194bd85731363b3d90e93dec9e7091df3f,True,highest-temperature-in-dallas-on-april-1-2026,False,False,missing_quote_pair,no,0.87,paired_under_par,buy,2.27,2026-03-28T22:21:44+00:00,buy
80-81°F,,[],Dallas,0x21e679503465f7f609a31862105795194bd85731363b3d90e93dec9e7091df3f,True,highest-temperature-in-dallas-on-april-1-2026,False,False,missing_quote_pair,yes,0.12,paired_under_par,buy,2.01,2026-03-28T22:21:56+00:00,buy
26°C,,[],Mexico City,0x119c547bc32881d00596275d5e0a9c0e9ee869896858b936fd3713c22fa66d9c,True,highest-temperature-in-mexico-city-on-april-1-2026,False,False,missing_quote_pair,yes,0.05074144685296422,cheap_bucket_accumulation,buy,38.07992,2026-03-28T22:22:04+00:00,buy
8°C or higher,,[],Toronto,0xd12e44ac856272c2af6825b545bb08a983bb4aa39f90fe6355b62fa3480ad2d7,True,highest-temperature-in-toronto-on-march-31-2026,False,False,missing_quote_pair,yes,0.985,high_prob_bucket_accumulation,buy,8.8,2026-03-28T22:39:38+00:00,buy
23°C,,[],Mexico City,0x9815d8a0a736bd3f2bd05e1d0c0b7fd7872aedaa1ef65754f080af06c14455dd,True,highest-temperature-in-mexico-city-on-april-1-2026,False,False,missing_quote_pair,yes,0.05,asymmetric_paired_accumulation,buy,2.76842,2026-03-28T22:48:40+00:00,buy
23°C,,[],Mexico City,0x9815d8a0a736bd3f2bd05e1d0c0b7fd7872aedaa1ef65754f080af06c14455dd,True,highest-temperature-in-mexico-city-on-april-1-2026,False,False,missing_quote_pair,yes,0.05,asymmetric_paired_accumulation,buy,2.76842,2026-03-28T22:48:40+00:00,buy
23°C,,[],Mexico City,0x9815d8a0a736bd3f2bd05e1d0c0b7fd7872aedaa1ef65754f080af06c14455dd,True,highest-temperature-in-mexico-city-on-april-1-2026,False,False,missing_quote_pair,yes,0.05,asymmetric_paired_accumulation,buy,1.15788,2026-03-28T22:48:42+00:00,buy
23°C,,[],Mexico City,0x9815d8a0a736bd3f2bd05e1d0c0b7fd7872aedaa1ef65754f080af06c14455dd,True,highest-temperature-in-mexico-city-on-april-1-2026,False,False,missing_quote_pair,no,0.94,asymmetric_paired_accumulation,buy,8.75,2026-03-28T22:48:42+00:00,buy
23°C,,[],Mexico City,0x9815d8a0a736bd3f2bd05e1d0c0b7fd7872aedaa1ef65754f080af06c14455dd,True,highest-temperature-in-mexico-city-on-april-1-2026,False,False,missing_quote_pair,yes,0.05,asymmetric_paired_accumulation,buy,1.15788,2026-03-28T22:48:42+00:00,buy
23°C,,[],Mexico City,0x9815d8a0a736bd3f2bd05e1d0c0b7fd7872aedaa1ef65754f080af06c14455dd,True,highest-temperature-in-mexico-city-on-april-1-2026,False,False,missing_quote_pair,yes,0.05,asymmetric_paired_accumulation,buy,1.15788,2026-03-28T22:48:42+00:00,buy
23°C,,[],Mexico City,0x9815d8a0a736bd3f2bd05e1d0c0b7fd7872aedaa1ef65754f080af06c14455dd,True,highest-temperature-in-mexico-city-on-april-1-2026,False,False,missing_quote_pair,yes,0.05,asymmetric_paired_accumulation,buy,2.76842,2026-03-28T22:48:46+00:00,buy
23°C,,[],Mexico City,0x9815d8a0a736bd3f2bd05e1d0c0b7fd7872aedaa1ef65754f080af06c14455dd,True,highest-temperature-in-mexico-city-on-april-1-2026,False,False,missing_quote_pair,yes,0.05,asymmetric_paired_accumulation,buy,8.65262,2026-03-28T22:49:00+00:00,buy
80-81°F,,[],Dallas,0x21e679503465f7f609a31862105795194bd85731363b3d90e93dec9e7091df3f,True,highest-temperature-in-dallas-on-april-1-2026,False,False,missing_quote_pair,no,0.87,unsupported_public_behavior,buy,0.63,2026-03-28T23:07:06+00:00,buy
70-71°F,,[],Atlanta,0x1f8d4d707520da4359a481bd867d0ceb50dd70e831cffd139f2453331565fd25,True,highest-temperature-in-atlanta-on-march-29-2026,False,False,missing_quote_pair,no,0.9443901840490797,high_prob_bucket_accumulation,buy,203.75,2026-03-29T07:50:58+00:00,buy
33°C,,[],Singapore,0x8f70b0e50a68afd1f221c84b1762f35150a820290ca87af707a84354727bf93c,True,highest-temperature-in-singapore-on-march-29-2026,False,False,missing_quote_pair,yes,0.01503434161924728,asymmetric_paired_accumulation,buy,100.17,2026-03-29T08:07:02+00:00,buy
33°C,,[],Singapore,0x8f70b0e50a68afd1f221c84b1762f35150a820290ca87af707a84354727bf93c,True,highest-temperature-in-singapore-on-march-29-2026,False,False,missing_quote_pair,yes,0.038000003913222974,asymmetric_paired_accumulation,buy,9.199578,2026-03-29T08:07:08+00:00,buy
33°C,,[],Singapore,0x8f70b0e50a68afd1f221c84b1762f35150a820290ca87af707a84354727bf93c,True,highest-temperature-in-singapore-on-march-29-2026,False,False,missing_quote_pair,yes,0.038,asymmetric_paired_accumulation,buy,19.8,2026-03-29T08:07:10+00:00,buy
33°C,,[],Singapore,0x8f70b0e50a68afd1f221c84b1762f35150a820290ca87af707a84354727bf93c,True,highest-temperature-in-singapore-on-march-29-2026,False,False,missing_quote_pair,yes,0.038,asymmetric_paired_accumulation,buy,20.83,2026-03-29T08:07:10+00:00,buy
33°C,,[],Singapore,0x8f70b0e50a68afd1f221c84b1762f35150a820290ca87af707a84354727bf93c,True,highest-temperature-in-singapore-on-march-29-2026,False,False,missing_quote_pair,no,0.9610000719865631,asymmetric_paired_accumulation,buy,13.044101,2026-03-29T08:07:12+00:00,buy
33°C,,[],Singapore,0x8f70b0e50a68afd1f221c84b1762f35150a820290ca87af707a84354727bf93c,True,highest-temperature-in-singapore-on-march-29-2026,False,False,missing_quote_pair,no,0.9610000337881832,asymmetric_paired_accumulation,buy,28.205127,2026-03-29T08:07:12+00:00,buy
33°C,,[],Singapore,0x8f70b0e50a68afd1f221c84b1762f35150a820290ca87af707a84354727bf93c,True,highest-temperature-in-singapore-on-march-29-2026,False,False,missing_quote_pair,no,0.9610000337881832,asymmetric_paired_accumulation,buy,28.205127,2026-03-29T08:07:14+00:00,buy
33°C,,[],Singapore,0x8f70b0e50a68afd1f221c84b1762f35150a820290ca87af707a84354727bf93c,True,highest-temperature-in-singapore-on-march-29-2026,False,False,missing_quote_pair,no,0.9610000569860301,asymmetric_paired_accumulation,buy,16.512819,2026-03-29T08:07:14+00:00,buy
33°C,,[],Singapore,0x8f70b0e50a68afd1f221c84b1762f35150a820290ca87af707a84354727bf93c,True,highest-temperature-in-singapore-on-march-29-2026,False,False,missing_quote_pair,no,0.9610000365040023,asymmetric_paired_accumulation,buy,25.641024,2026-03-29T08:07:16+00:00,buy
33°C,,[],Singapore,0x8f70b0e50a68afd1f221c84b1762f35150a820290ca87af707a84354727bf93c,True,highest-temperature-in-singapore-on-march-29-2026,False,False,missing_quote_pair,yes,0.036402390438247015,asymmetric_paired_accumulation,buy,20.08,2026-03-29T08:07:16+00:00,buy
33°C,,[],Singapore,0x8f70b0e50a68afd1f221c84b1762f35150a820290ca87af707a84354727bf93c,True,highest-temperature-in-singapore-on-march-29-2026,False,False,missing_quote_pair,yes,0.038,asymmetric_paired_accumulation,buy,5.1975,2026-03-29T08:07:18+00:00,buy
33°C,,[],Singapore,0x8f70b0e50a68afd1f221c84b1762f35150a820290ca87af707a84354727bf93c,True,highest-temperature-in-singapore-on-march-29-2026,False,False,missing_quote_pair,yes,0.038,asymmetric_paired_accumulation,buy,1.34,2026-03-29T08:07:18+00:00,buy
33°C,,[],Singapore,0x8f70b0e50a68afd1f221c84b1762f35150a820290ca87af707a84354727bf93c,True,highest-temperature-in-singapore-on-march-29-2026,False,False,missing_quote_pair,yes,0.038000004259811586,asymmetric_paired_accumulation,buy,2.817026,2026-03-29T08:07:18+00:00,buy
33°C,,[],Singapore,0x8f70b0e50a68afd1f221c84b1762f35150a820290ca87af707a84354727bf93c,True,highest-temperature-in-singapore-on-march-29-2026,False,False,missing_quote_pair,yes,0.038000017048284394,asymmetric_paired_accumulation,buy,1.642394,2026-03-29T08:07:18+00:00,buy
33°C,,[],Singapore,0x8f70b0e50a68afd1f221c84b1762f35150a820290ca87af707a84354727bf93c,True,highest-temperature-in-singapore-on-march-29-2026,False,False,missing_quote_pair,yes,0.03800001224368073,asymmetric_paired_accumulation,buy,1.143447,2026-03-29T08:07:18+00:00,buy
33°C,,[],Singapore,0x8f70b0e50a68afd1f221c84b1762f35150a820290ca87af707a84354727bf93c,True,highest-temperature-in-singapore-on-march-29-2026,False,False,missing_quote_pair,yes,0.03800001224368073,asymmetric_paired_accumulation,buy,1.143447,2026-03-29T08:07:18+00:00,buy
33°C,,[],Singapore,0x8f70b0e50a68afd1f221c84b1762f35150a820290ca87af707a84354727bf93c,True,highest-temperature-in-singapore-on-march-29-2026,False,False,missing_quote_pair,yes,0.03800002137795149,asymmetric_paired_accumulation,buy,1.403315,2026-03-29T08:07:18+00:00,buy
33°C,,[],Singapore,0x8f70b0e50a68afd1f221c84b1762f35150a820290ca87af707a84354727bf93c,True,highest-temperature-in-singapore-on-march-29-2026,False,False,missing_quote_pair,yes,0.038,asymmetric_paired_accumulation,buy,5.1975,2026-03-29T08:07:18+00:00,buy
33°C,,[],Singapore,0x8f70b0e50a68afd1f221c84b1762f35150a820290ca87af707a84354727bf93c,True,highest-temperature-in-singapore-on-march-29-2026,False,False,missing_quote_pair,yes,0.03800001414717304,asymmetric_paired_accumulation,buy,1.41371,2026-03-29T08:07:20+00:00,buy
33°C,,[],Singapore,0x8f70b0e50a68afd1f221c84b1762f35150a820290ca87af707a84354727bf93c,True,highest-temperature-in-singapore-on-march-29-2026,False,False,missing_quote_pair,yes,0.03800001414717304,asymmetric_paired_accumulation,buy,1.41371,2026-03-29T08:07:20+00:00,buy
33°C,,[],Singapore,0x8f70b0e50a68afd1f221c84b1762f35150a820290ca87af707a84354727bf93c,True,highest-temperature-in-singapore-on-march-29-2026,False,False,missing_quote_pair,no,0.9610000337881832,asymmetric_paired_accumulation,buy,28.205127,2026-03-29T08:07:20+00:00,buy
33°C,,[],Singapore,0x8f70b0e50a68afd1f221c84b1762f35150a820290ca87af707a84354727bf93c,True,highest-temperature-in-singapore-on-march-29-2026,False,False,missing_quote_pair,yes,0.038000024388955056,asymmetric_paired_accumulation,buy,1.476078,2026-03-29T08:07:20+00:00,buy
33°C,,[],Singapore,0x8f70b0e50a68afd1f221c84b1762f35150a820290ca87af707a84354727bf93c,True,highest-temperature-in-singapore-on-march-29-2026,False,False,missing_quote_pair,yes,0.03800001224368073,asymmetric_paired_accumulation,buy,1.143447,2026-03-29T08:07:20+00:00,buy
33°C,,[],Singapore,0x8f70b0e50a68afd1f221c84b1762f35150a820290ca87af707a84354727bf93c,True,highest-temperature-in-singapore-on-march-29-2026,False,False,missing_quote_pair,no,0.9610000337881832,asymmetric_paired_accumulation,buy,28.205127,2026-03-29T08:07:20+00:00,buy
33°C,,[],Singapore,0x8f70b0e50a68afd1f221c84b1762f35150a820290ca87af707a84354727bf93c,True,highest-temperature-in-singapore-on-march-29-2026,False,False,missing_quote_pair,no,0.9610000337881832,asymmetric_paired_accumulation,buy,28.205127,2026-03-29T08:07:20+00:00,buy
33°C,,[],Singapore,0x8f70b0e50a68afd1f221c84b1762f35150a820290ca87af707a84354727bf93c,True,highest-temperature-in-singapore-on-march-29-2026,False,False,missing_quote_pair,yes,0.03800000260320187,asymmetric_paired_accumulation,buy,8.451131,2026-03-29T08:07:20+00:00,buy
33°C,,[],Singapore,0x8f70b0e50a68afd1f221c84b1762f35150a820290ca87af707a84354727bf93c,True,highest-temperature-in-singapore-on-march-29-2026,False,False,missing_quote_pair,yes,0.038,asymmetric_paired_accumulation,buy,1.0395,2026-03-29T08:07:20+00:00,buy
33°C,,[],Singapore,0x8f70b0e50a68afd1f221c84b1762f35150a820290ca87af707a84354727bf93c,True,highest-temperature-in-singapore-on-march-29-2026,False,False,missing_quote_pair,yes,0.038000001435831605,asymmetric_paired_accumulation,buy,1.392921,2026-03-29T08:07:22+00:00,buy
33°C,,[],Singapore,0x8f70b0e50a68afd1f221c84b1762f35150a820290ca87af707a84354727bf93c,True,highest-temperature-in-singapore-on-march-29-2026,False,False,missing_quote_pair,yes,0.03800001414717304,asymmetric_paired_accumulation,buy,1.41371,2026-03-29T08:07:24+00:00,buy
33°C,,[],Singapore,0x8f70b0e50a68afd1f221c84b1762f35150a820290ca87af707a84354727bf93c,True,highest-temperature-in-singapore-on-march-29-2026,False,False,missing_quote_pair,yes,0.03800000430746803,asymmetric_paired_accumulation,buy,4.178789,2026-03-29T08:07:24+00:00,buy
33°C,,[],Singapore,0x8f70b0e50a68afd1f221c84b1762f35150a820290ca87af707a84354727bf93c,True,highest-temperature-in-singapore-on-march-29-2026,False,False,missing_quote_pair,yes,0.03800001414717304,asymmetric_paired_accumulation,buy,1.41371,2026-03-29T08:07:24+00:00,buy
33°C,,[],Singapore,0x8f70b0e50a68afd1f221c84b1762f35150a820290ca87af707a84354727bf93c,True,highest-temperature-in-singapore-on-march-29-2026,False,False,missing_quote_pair,yes,0.038,asymmetric_paired_accumulation,buy,1.07,2026-03-29T08:07:24+00:00,buy
33°C,,[],Singapore,0x8f70b0e50a68afd1f221c84b1762f35150a820290ca87af707a84354727bf93c,True,highest-temperature-in-singapore-on-march-29-2026,False,False,missing_quote_pair,yes,0.038000645688132634,asymmetric_paired_accumulation,buy,0.052657,2026-03-29T08:07:24+00:00,buy
33°C,,[],Singapore,0x8f70b0e50a68afd1f221c84b1762f35150a820290ca87af707a84354727bf93c,True,highest-temperature-in-singapore-on-march-29-2026,False,False,missing_quote_pair,yes,0.03800000430746803,asymmetric_paired_accumulation,buy,4.178789,2026-03-29T08:07:24+00:00,buy
33°C,,[],Singapore,0x8f70b0e50a68afd1f221c84b1762f35150a820290ca87af707a84354727bf93c,True,highest-temperature-in-singapore-on-march-29-2026,False,False,missing_quote_pair,yes,0.038,asymmetric_paired_accumulation,buy,8.74,2026-03-29T08:07:24+00:00,buy
33°C,,[],Singapore,0x8f70b0e50a68afd1f221c84b1762f35150a820290ca87af707a84354727bf93c,True,highest-temperature-in-singapore-on-march-29-2026,False,False,missing_quote_pair,yes,0.036,asymmetric_paired_accumulation,buy,50.0,2026-03-29T08:07:42+00:00,buy
33°C,,[],Singapore,0x8f70b0e50a68afd1f221c84b1762f35150a820290ca87af707a84354727bf93c,True,highest-temperature-in-singapore-on-march-29-2026,False,False,missing_quote_pair,no,0.9929982896237172,asymmetric_paired_accumulation,buy,87.7,2026-03-29T08:08:12+00:00,buy
25°C,,[],Wuhan,0xa37c6cc2ad526063beaebf332a2c45035a5ed3d712bbe2cd057582b05121c790,True,highest-temperature-in-wuhan-on-march-29-2026,False,False,missing_quote_pair,yes,0.024508450704225353,cheap_bucket_accumulation,buy,71.0,2026-03-29T08:13:08+00:00,buy
25°C,,[],Wuhan,0xa37c6cc2ad526063beaebf332a2c45035a5ed3d712bbe2cd057582b05121c790,True,highest-temperature-in-wuhan-on-march-29-2026,False,False,missing_quote_pair,no,0.9897394136807818,high_prob_bucket_accumulation,buy,491.2,2026-03-29T08:13:22+00:00,buy
10°C,,[],Istanbul,0xa6923d6db10f8d2a0e731f246b2ba4bfaaf1283b8ef514194a7ca2299ba3f452,True,highest-temperature-in-istanbul-on-march-31-2026,False,False,missing_quote_pair,yes,0.06,asymmetric_paired_accumulation,buy,20.87532,2026-03-29T08:31:24+00:00,buy
10°C,,[],Istanbul,0xa6923d6db10f8d2a0e731f246b2ba4bfaaf1283b8ef514194a7ca2299ba3f452,True,highest-temperature-in-istanbul-on-march-31-2026,False,False,missing_quote_pair,no,0.9400000501818219,asymmetric_paired_accumulation,buy,18.333332,2026-03-29T08:31:26+00:00,buy
10°C,,[],Istanbul,0xa6923d6db10f8d2a0e731f246b2ba4bfaaf1283b8ef514194a7ca2299ba3f452,True,highest-temperature-in-istanbul-on-march-31-2026,False,False,missing_quote_pair,no,0.9400000501818219,asymmetric_paired_accumulation,buy,18.333332,2026-03-29T08:31:26+00:00,buy
10°C,,[],Istanbul,0xa6923d6db10f8d2a0e731f246b2ba4bfaaf1283b8ef514194a7ca2299ba3f452,True,highest-temperature-in-istanbul-on-march-31-2026,False,False,missing_quote_pair,no,0.9400000501818219,asymmetric_paired_accumulation,buy,18.333332,2026-03-29T08:31:26+00:00,buy
10°C,,[],Istanbul,0xa6923d6db10f8d2a0e731f246b2ba4bfaaf1283b8ef514194a7ca2299ba3f452,True,highest-temperature-in-istanbul-on-march-31-2026,False,False,missing_quote_pair,yes,0.05,asymmetric_paired_accumulation,buy,11.497020000000001,2026-03-29T08:31:34+00:00,buy
10°C,,[],Istanbul,0xa6923d6db10f8d2a0e731f246b2ba4bfaaf1283b8ef514194a7ca2299ba3f452,True,highest-temperature-in-istanbul-on-march-31-2026,False,False,missing_quote_pair,yes,0.05,asymmetric_paired_accumulation,buy,6.34736,2026-03-29T08:31:34+00:00,buy
10°C,,[],Istanbul,0xa6923d6db10f8d2a0e731f246b2ba4bfaaf1283b8ef514194a7ca2299ba3f452,True,highest-temperature-in-istanbul-on-march-31-2026,False,False,missing_quote_pair,yes,0.05,asymmetric_paired_accumulation,buy,1.05262,2026-03-29T08:31:34+00:00,buy
10°C,,[],Istanbul,0xa6923d6db10f8d2a0e731f246b2ba4bfaaf1283b8ef514194a7ca2299ba3f452,True,highest-temperature-in-istanbul-on-march-31-2026,False,False,missing_quote_pair,no,0.9400000501818219,asymmetric_paired_accumulation,buy,18.333332,2026-03-29T08:31:34+00:00,buy
10°C,,[],Istanbul,0xa6923d6db10f8d2a0e731f246b2ba4bfaaf1283b8ef514194a7ca2299ba3f452,True,highest-temperature-in-istanbul-on-march-31-2026,False,False,missing_quote_pair,yes,0.05,asymmetric_paired_accumulation,buy,1.05262,2026-03-29T08:31:36+00:00,buy
10°C,,[],Istanbul,0xa6923d6db10f8d2a0e731f246b2ba4bfaaf1283b8ef514194a7ca2299ba3f452,True,highest-temperature-in-istanbul-on-march-31-2026,False,False,missing_quote_pair,yes,0.05,asymmetric_paired_accumulation,buy,1.54,2026-03-29T08:31:36+00:00,buy
10°C,,[],Istanbul,0xa6923d6db10f8d2a0e731f246b2ba4bfaaf1283b8ef514194a7ca2299ba3f452,True,highest-temperature-in-istanbul-on-march-31-2026,False,False,missing_quote_pair,yes,0.05,asymmetric_paired_accumulation,buy,4.4421,2026-03-29T08:31:36+00:00,buy
10°C,,[],Istanbul,0xa6923d6db10f8d2a0e731f246b2ba4bfaaf1283b8ef514194a7ca2299ba3f452,True,highest-temperature-in-istanbul-on-march-31-2026,False,False,missing_quote_pair,yes,0.05,asymmetric_paired_accumulation,buy,2.6842,2026-03-29T08:31:36+00:00,buy
10°C,,[],Istanbul,0xa6923d6db10f8d2a0e731f246b2ba4bfaaf1283b8ef514194a7ca2299ba3f452,True,highest-temperature-in-istanbul-on-march-31-2026,False,False,missing_quote_pair,yes,0.05,asymmetric_paired_accumulation,buy,2.6842,2026-03-29T08:31:36+00:00,buy
10°C,,[],Istanbul,0xa6923d6db10f8d2a0e731f246b2ba4bfaaf1283b8ef514194a7ca2299ba3f452,True,highest-temperature-in-istanbul-on-march-31-2026,False,False,missing_quote_pair,no,0.9400000501818219,asymmetric_paired_accumulation,buy,18.333332,2026-03-29T08:31:36+00:00,buy
10°C,,[],Istanbul,0xa6923d6db10f8d2a0e731f246b2ba4bfaaf1283b8ef514194a7ca2299ba3f452,True,highest-temperature-in-istanbul-on-march-31-2026,False,False,missing_quote_pair,yes,0.05,asymmetric_paired_accumulation,buy,6.34736,2026-03-29T08:31:36+00:00,buy
10°C,,[],Istanbul,0xa6923d6db10f8d2a0e731f246b2ba4bfaaf1283b8ef514194a7ca2299ba3f452,True,highest-temperature-in-istanbul-on-march-31-2026,False,False,missing_quote_pair,yes,0.05,asymmetric_paired_accumulation,buy,1.05262,2026-03-29T08:31:36+00:00,buy
10°C,,[],Istanbul,0xa6923d6db10f8d2a0e731f246b2ba4bfaaf1283b8ef514194a7ca2299ba3f452,True,highest-temperature-in-istanbul-on-march-31-2026,False,False,missing_quote_pair,yes,0.05,asymmetric_paired_accumulation,buy,5.0,2026-03-29T08:31:36+00:00,buy
10°C,,[],Istanbul,0xa6923d6db10f8d2a0e731f246b2ba4bfaaf1283b8ef514194a7ca2299ba3f452,True,highest-temperature-in-istanbul-on-march-31-2026,False,False,missing_quote_pair,yes,0.05,asymmetric_paired_accumulation,buy,1.15788,2026-03-29T08:31:36+00:00,buy
10°C,,[],Istanbul,0xa6923d6db10f8d2a0e731f246b2ba4bfaaf1283b8ef514194a7ca2299ba3f452,True,highest-temperature-in-istanbul-on-march-31-2026,False,False,missing_quote_pair,yes,0.05,asymmetric_paired_accumulation,buy,5.26314,2026-03-29T08:31:36+00:00,buy
10°C,,[],Istanbul,0xa6923d6db10f8d2a0e731f246b2ba4bfaaf1283b8ef514194a7ca2299ba3f452,True,highest-temperature-in-istanbul-on-march-31-2026,False,False,missing_quote_pair,yes,0.05,asymmetric_paired_accumulation,buy,2.6842,2026-03-29T08:31:36+00:00,buy
10°C,,[],Istanbul,0xa6923d6db10f8d2a0e731f246b2ba4bfaaf1283b8ef514194a7ca2299ba3f452,True,highest-temperature-in-istanbul-on-march-31-2026,False,False,missing_quote_pair,yes,0.05,asymmetric_paired_accumulation,buy,9.06314,2026-03-29T08:31:36+00:00,buy
10°C,,[],Istanbul,0xa6923d6db10f8d2a0e731f246b2ba4bfaaf1283b8ef514194a7ca2299ba3f452,True,highest-temperature-in-istanbul-on-march-31-2026,False,False,missing_quote_pair,yes,0.04,asymmetric_paired_accumulation,buy,14.92652,2026-03-29T08:31:56+00:00,buy
10°C,,[],Istanbul,0xa6923d6db10f8d2a0e731f246b2ba4bfaaf1283b8ef514194a7ca2299ba3f452,True,highest-temperature-in-istanbul-on-march-31-2026,False,False,missing_quote_pair,yes,0.05,asymmetric_paired_accumulation,buy,9.02104,2026-03-29T08:31:58+00:00,buy
10°C,,[],Istanbul,0xa6923d6db10f8d2a0e731f246b2ba4bfaaf1283b8ef514194a7ca2299ba3f452,True,highest-temperature-in-istanbul-on-march-31-2026,False,False,missing_quote_pair,yes,0.05,asymmetric_paired_accumulation,buy,5.74736,2026-03-29T08:31:58+00:00,buy
10°C,,[],Istanbul,0xa6923d6db10f8d2a0e731f246b2ba4bfaaf1283b8ef514194a7ca2299ba3f452,True,highest-temperature-in-istanbul-on-march-31-2026,False,False,missing_quote_pair,yes,0.05,asymmetric_paired_accumulation,buy,9.02104,2026-03-29T08:32:00+00:00,buy
10°C,,[],Istanbul,0xa6923d6db10f8d2a0e731f246b2ba4bfaaf1283b8ef514194a7ca2299ba3f452,True,highest-temperature-in-istanbul-on-march-31-2026,False,False,missing_quote_pair,yes,0.05,asymmetric_paired_accumulation,buy,6.19,2026-03-29T08:32:02+00:00,buy
10°C,,[],Istanbul,0xa6923d6db10f8d2a0e731f246b2ba4bfaaf1283b8ef514194a7ca2299ba3f452,True,highest-temperature-in-istanbul-on-march-31-2026,False,False,missing_quote_pair,yes,0.05,asymmetric_paired_accumulation,buy,7.38946,2026-03-29T08:32:04+00:00,buy
10°C,,[],Istanbul,0xa6923d6db10f8d2a0e731f246b2ba4bfaaf1283b8ef514194a7ca2299ba3f452,True,highest-temperature-in-istanbul-on-march-31-2026,False,False,missing_quote_pair,yes,0.05,asymmetric_paired_accumulation,buy,2.9263,2026-03-29T08:32:04+00:00,buy
10°C,,[],Istanbul,0xa6923d6db10f8d2a0e731f246b2ba4bfaaf1283b8ef514194a7ca2299ba3f452,True,highest-temperature-in-istanbul-on-march-31-2026,False,False,missing_quote_pair,yes,0.05,asymmetric_paired_accumulation,buy,9.02104,2026-03-29T08:32:06+00:00,buy
10°C,,[],Istanbul,0xa6923d6db10f8d2a0e731f246b2ba4bfaaf1283b8ef514194a7ca2299ba3f452,True,highest-temperature-in-istanbul-on-march-31-2026,False,False,missing_quote_pair,yes,0.05,asymmetric_paired_accumulation,buy,1.83,2026-03-29T08:32:10+00:00,buy
10°C,,[],Istanbul,0xa6923d6db10f8d2a0e731f246b2ba4bfaaf1283b8ef514194a7ca2299ba3f452,True,highest-temperature-in-istanbul-on-march-31-2026,False,False,missing_quote_pair,yes,0.05,asymmetric_paired_accumulation,buy,1.83,2026-03-29T08:32:10+00:00,buy
10°C,,[],Istanbul,0xa6923d6db10f8d2a0e731f246b2ba4bfaaf1283b8ef514194a7ca2299ba3f452,True,highest-temperature-in-istanbul-on-march-31-2026,False,False,missing_quote_pair,yes,0.05,asymmetric_paired_accumulation,buy,1.83,2026-03-29T08:32:10+00:00,buy
10°C,,[],Istanbul,0xa6923d6db10f8d2a0e731f246b2ba4bfaaf1283b8ef514194a7ca2299ba3f452,True,highest-temperature-in-istanbul-on-march-31-2026,False,False,missing_quote_pair,yes,0.05,asymmetric_paired_accumulation,buy,1.05262,2026-03-29T08:32:10+00:00,buy
10°C,,[],Istanbul,0xa6923d6db10f8d2a0e731f246b2ba4bfaaf1283b8ef514194a7ca2299ba3f452,True,highest-temperature-in-istanbul-on-march-31-2026,False,False,missing_quote_pair,no,0.94,asymmetric_paired_accumulation,buy,2.09,2026-03-29T08:32:10+00:00,buy
10°C,,[],Istanbul,0xa6923d6db10f8d2a0e731f246b2ba4bfaaf1283b8ef514194a7ca2299ba3f452,True,highest-temperature-in-istanbul-on-march-31-2026,False,False,missing_quote_pair,yes,0.05,asymmetric_paired_accumulation,buy,1.83,2026-03-29T08:32:12+00:00,buy
10°C,,[],Istanbul,0xa6923d6db10f8d2a0e731f246b2ba4bfaaf1283b8ef514194a7ca2299ba3f452,True,highest-temperature-in-istanbul-on-march-31-2026,False,False,missing_quote_pair,no,0.94,asymmetric_paired_accumulation,buy,1.14,2026-03-29T08:32:12+00:00,buy
10°C,,[],Istanbul,0xa6923d6db10f8d2a0e731f246b2ba4bfaaf1283b8ef514194a7ca2299ba3f452,True,highest-temperature-in-istanbul-on-march-31-2026,False,False,missing_quote_pair,yes,0.05,asymmetric_paired_accumulation,buy,1.83,2026-03-29T08:32:12+00:00,buy
10°C,,[],Istanbul,0xa6923d6db10f8d2a0e731f246b2ba4bfaaf1283b8ef514194a7ca2299ba3f452,True,highest-temperature-in-istanbul-on-march-31-2026,False,False,missing_quote_pair,yes,0.05,asymmetric_paired_accumulation,buy,1.06314,2026-03-29T08:32:16+00:00,buy
10°C,,[],Istanbul,0xa6923d6db10f8d2a0e731f246b2ba4bfaaf1283b8ef514194a7ca2299ba3f452,True,highest-temperature-in-istanbul-on-march-31-2026,False,False,missing_quote_pair,no,0.94,asymmetric_paired_accumulation,buy,1.49,2026-03-29T08:32:30+00:00,buy
10°C,,[],Istanbul,0xa6923d6db10f8d2a0e731f246b2ba4bfaaf1283b8ef514194a7ca2299ba3f452,True,highest-temperature-in-istanbul-on-march-31-2026,False,False,missing_quote_pair,yes,0.05,asymmetric_paired_accumulation,buy,1.63156,2026-03-29T08:32:38+00:00,buy
10°C,,[],Istanbul,0xa6923d6db10f8d2a0e731f246b2ba4bfaaf1283b8ef514194a7ca2299ba3f452,True,highest-temperature-in-istanbul-on-march-31-2026,False,False,missing_quote_pair,yes,0.05,asymmetric_paired_accumulation,buy,2.74578,2026-03-29T08:32:38+00:00,buy
10°C,,[],Istanbul,0xa6923d6db10f8d2a0e731f246b2ba4bfaaf1283b8ef514194a7ca2299ba3f452,True,highest-temperature-in-istanbul-on-march-31-2026,False,False,missing_quote_pair,yes,0.05,asymmetric_paired_accumulation,buy,9.37,2026-03-29T08:32:38+00:00,buy
10°C,,[],Istanbul,0xa6923d6db10f8d2a0e731f246b2ba4bfaaf1283b8ef514194a7ca2299ba3f452,True,highest-temperature-in-istanbul-on-march-31-2026,False,False,missing_quote_pair,yes,0.05,asymmetric_paired_accumulation,buy,5.26,2026-03-29T08:32:38+00:00,buy
10°C,,[],Istanbul,0xa6923d6db10f8d2a0e731f246b2ba4bfaaf1283b8ef514194a7ca2299ba3f452,True,highest-temperature-in-istanbul-on-march-31-2026,False,False,missing_quote_pair,yes,0.05,asymmetric_paired_accumulation,buy,20.0,2026-03-29T08:32:38+00:00,buy
10°C,,[],Istanbul,0xa6923d6db10f8d2a0e731f246b2ba4bfaaf1283b8ef514194a7ca2299ba3f452,True,highest-temperature-in-istanbul-on-march-31-2026,False,False,missing_quote_pair,yes,0.05,asymmetric_paired_accumulation,buy,1.55788,2026-03-29T08:32:38+00:00,buy
10°C,,[],Istanbul,0xa6923d6db10f8d2a0e731f246b2ba4bfaaf1283b8ef514194a7ca2299ba3f452,True,highest-temperature-in-istanbul-on-march-31-2026,False,False,missing_quote_pair,yes,0.05,asymmetric_paired_accumulation,buy,2.10526,2026-03-29T08:32:38+00:00,buy
10°C,,[],Istanbul,0xa6923d6db10f8d2a0e731f246b2ba4bfaaf1283b8ef514194a7ca2299ba3f452,True,highest-temperature-in-istanbul-on-march-31-2026,False,False,missing_quote_pair,yes,0.05,asymmetric_paired_accumulation,buy,5.21052,2026-03-29T08:32:38+00:00,buy
10°C,,[],Istanbul,0xa6923d6db10f8d2a0e731f246b2ba4bfaaf1283b8ef514194a7ca2299ba3f452,True,highest-temperature-in-istanbul-on-march-31-2026,False,False,missing_quote_pair,yes,0.05,asymmetric_paired_accumulation,buy,1.95788,2026-03-29T08:32:38+00:00,buy
10°C,,[],Istanbul,0xa6923d6db10f8d2a0e731f246b2ba4bfaaf1283b8ef514194a7ca2299ba3f452,True,highest-temperature-in-istanbul-on-march-31-2026,False,False,missing_quote_pair,yes,0.05,asymmetric_paired_accumulation,buy,28.56842,2026-03-29T08:32:38+00:00,buy
10°C,,[],Istanbul,0xa6923d6db10f8d2a0e731f246b2ba4bfaaf1283b8ef514194a7ca2299ba3f452,True,highest-temperature-in-istanbul-on-march-31-2026,False,False,missing_quote_pair,yes,0.05,asymmetric_paired_accumulation,buy,4.0842,2026-03-29T08:32:38+00:00,buy
10°C,,[],Istanbul,0xa6923d6db10f8d2a0e731f246b2ba4bfaaf1283b8ef514194a7ca2299ba3f452,True,highest-temperature-in-istanbul-on-march-31-2026,False,False,missing_quote_pair,yes,0.05,asymmetric_paired_accumulation,buy,1.15788,2026-03-29T08:32:38+00:00,buy
10°C,,[],Istanbul,0xa6923d6db10f8d2a0e731f246b2ba4bfaaf1283b8ef514194a7ca2299ba3f452,True,highest-temperature-in-istanbul-on-march-31-2026,False,False,missing_quote_pair,yes,0.05,asymmetric_paired_accumulation,buy,5.2,2026-03-29T08:32:38+00:00,buy
10°C,,[],Istanbul,0xa6923d6db10f8d2a0e731f246b2ba4bfaaf1283b8ef514194a7ca2299ba3f452,True,highest-temperature-in-istanbul-on-march-31-2026,False,False,missing_quote_pair,no,0.94,asymmetric_paired_accumulation,buy,82.5,2026-03-29T08:32:38+00:00,buy
10°C,,[],Istanbul,0xa6923d6db10f8d2a0e731f246b2ba4bfaaf1283b8ef514194a7ca2299ba3f452,True,highest-temperature-in-istanbul-on-march-31-2026,False,False,missing_quote_pair,yes,0.05,asymmetric_paired_accumulation,buy,2.4421,2026-03-29T08:32:38+00:00,buy
10°C,,[],Istanbul,0xa6923d6db10f8d2a0e731f246b2ba4bfaaf1283b8ef514194a7ca2299ba3f452,True,highest-temperature-in-istanbul-on-march-31-2026,False,False,missing_quote_pair,yes,0.05,asymmetric_paired_accumulation,buy,18.03,2026-03-29T08:32:40+00:00,buy
10°C,,[],Istanbul,0xa6923d6db10f8d2a0e731f246b2ba4bfaaf1283b8ef514194a7ca2299ba3f452,True,highest-temperature-in-istanbul-on-march-31-2026,False,False,missing_quote_pair,no,0.94,asymmetric_paired_accumulation,buy,16.41,2026-03-29T08:35:28+00:00,buy
10°C,,[],Istanbul,0xa6923d6db10f8d2a0e731f246b2ba4bfaaf1283b8ef514194a7ca2299ba3f452,True,highest-temperature-in-istanbul-on-march-31-2026,False,False,missing_quote_pair,yes,0.04,asymmetric_paired_accumulation,buy,4.97551,2026-03-29T08:35:40+00:00,buy
10°C,,[],Istanbul,0xa6923d6db10f8d2a0e731f246b2ba4bfaaf1283b8ef514194a7ca2299ba3f452,True,highest-temperature-in-istanbul-on-march-31-2026,False,False,missing_quote_pair,no,0.94,asymmetric_paired_accumulation,buy,2013.46,2026-03-29T08:35:40+00:00,buy
10°C,,[],Istanbul,0xa6923d6db10f8d2a0e731f246b2ba4bfaaf1283b8ef514194a7ca2299ba3f452,True,highest-temperature-in-istanbul-on-march-31-2026,False,False,missing_quote_pair,no,0.94,asymmetric_paired_accumulation,buy,211.94,2026-03-29T08:35:40+00:00,buy
10°C,,[],Istanbul,0xa6923d6db10f8d2a0e731f246b2ba4bfaaf1283b8ef514194a7ca2299ba3f452,True,highest-temperature-in-istanbul-on-march-31-2026,False,False,missing_quote_pair,yes,0.05,asymmetric_paired_accumulation,buy,3.02,2026-03-29T08:35:40+00:00,buy
10°C,,[],Istanbul,0xa6923d6db10f8d2a0e731f246b2ba4bfaaf1283b8ef514194a7ca2299ba3f452,True,highest-temperature-in-istanbul-on-march-31-2026,False,False,missing_quote_pair,yes,0.05,asymmetric_paired_accumulation,buy,31.97894,2026-03-29T08:35:42+00:00,buy
10°C,,[],Istanbul,0xa6923d6db10f8d2a0e731f246b2ba4bfaaf1283b8ef514194a7ca2299ba3f452,True,highest-temperature-in-istanbul-on-march-31-2026,False,False,missing_quote_pair,yes,0.04235782747603834,asymmetric_paired_accumulation,buy,18.68545,2026-03-29T08:35:56+00:00,buy
10°C,,[],Istanbul,0xa6923d6db10f8d2a0e731f246b2ba4bfaaf1283b8ef514194a7ca2299ba3f452,True,highest-temperature-in-istanbul-on-march-31-2026,False,False,missing_quote_pair,yes,0.05,asymmetric_paired_accumulation,buy,11.22,2026-03-29T08:35:56+00:00,buy
10°C,,[],Istanbul,0xa6923d6db10f8d2a0e731f246b2ba4bfaaf1283b8ef514194a7ca2299ba3f452,True,highest-temperature-in-istanbul-on-march-31-2026,False,False,missing_quote_pair,yes,0.059,asymmetric_paired_accumulation,buy,22.06923,2026-03-29T08:36:12+00:00,buy
10°C,,[],Istanbul,0xa6923d6db10f8d2a0e731f246b2ba4bfaaf1283b8ef514194a7ca2299ba3f452,True,highest-temperature-in-istanbul-on-march-31-2026,False,False,missing_quote_pair,no,0.94,asymmetric_paired_accumulation,buy,10.67,2026-03-29T08:36:26+00:00,buy
10°C,,[],Istanbul,0xa6923d6db10f8d2a0e731f246b2ba4bfaaf1283b8ef514194a7ca2299ba3f452,True,highest-temperature-in-istanbul-on-march-31-2026,False,False,missing_quote_pair,yes,0.05900000650285341,asymmetric_paired_accumulation,buy,2.614237,2026-03-29T08:36:26+00:00,buy
10°C,,[],Istanbul,0xa6923d6db10f8d2a0e731f246b2ba4bfaaf1283b8ef514194a7ca2299ba3f452,True,highest-temperature-in-istanbul-on-march-31-2026,False,False,missing_quote_pair,yes,0.05900001260030986,asymmetric_paired_accumulation,buy,3.730067,2026-03-29T08:36:26+00:00,buy
10°C,,[],Istanbul,0xa6923d6db10f8d2a0e731f246b2ba4bfaaf1283b8ef514194a7ca2299ba3f452,True,highest-temperature-in-istanbul-on-march-31-2026,False,False,missing_quote_pair,yes,0.059,asymmetric_paired_accumulation,buy,5.0,2026-03-29T08:36:28+00:00,buy
10°C,,[],Istanbul,0xa6923d6db10f8d2a0e731f246b2ba4bfaaf1283b8ef514194a7ca2299ba3f452,True,highest-temperature-in-istanbul-on-march-31-2026,False,False,missing_quote_pair,yes,0.059000050814251324,asymmetric_paired_accumulation,buy,1.062694,2026-03-29T08:36:28+00:00,buy
10°C,,[],Istanbul,0xa6923d6db10f8d2a0e731f246b2ba4bfaaf1283b8ef514194a7ca2299ba3f452,True,highest-temperature-in-istanbul-on-march-31-2026,False,False,missing_quote_pair,yes,0.05900000189336206,asymmetric_paired_accumulation,buy,5.28161,2026-03-29T08:36:30+00:00,buy
10°C,,[],Istanbul,0xa6923d6db10f8d2a0e731f246b2ba4bfaaf1283b8ef514194a7ca2299ba3f452,True,highest-temperature-in-istanbul-on-march-31-2026,False,False,missing_quote_pair,no,0.94,asymmetric_paired_accumulation,buy,2.21,2026-03-29T08:36:30+00:00,buy
10°C,,[],Istanbul,0xa6923d6db10f8d2a0e731f246b2ba4bfaaf1283b8ef514194a7ca2299ba3f452,True,highest-temperature-in-istanbul-on-march-31-2026,False,False,missing_quote_pair,yes,0.059000050814251324,asymmetric_paired_accumulation,buy,1.062694,2026-03-29T08:36:30+00:00,buy
10°C,,[],Istanbul,0xa6923d6db10f8d2a0e731f246b2ba4bfaaf1283b8ef514194a7ca2299ba3f452,True,highest-temperature-in-istanbul-on-march-31-2026,False,False,missing_quote_pair,yes,0.059,asymmetric_paired_accumulation,buy,7.01,2026-03-29T08:36:36+00:00,buy
10°C,,[],Istanbul,0xa6923d6db10f8d2a0e731f246b2ba4bfaaf1283b8ef514194a7ca2299ba3f452,True,highest-temperature-in-istanbul-on-march-31-2026,False,False,missing_quote_pair,yes,0.059,asymmetric_paired_accumulation,buy,30.0,2026-03-29T08:36:36+00:00,buy
10°C,,[],Istanbul,0xa6923d6db10f8d2a0e731f246b2ba4bfaaf1283b8ef514194a7ca2299ba3f452,True,highest-temperature-in-istanbul-on-march-31-2026,False,False,missing_quote_pair,yes,0.05900000225164708,asymmetric_paired_accumulation,buy,10.658864,2026-03-29T08:37:04+00:00,buy
10°C,,[],Istanbul,0xa6923d6db10f8d2a0e731f246b2ba4bfaaf1283b8ef514194a7ca2299ba3f452,True,highest-temperature-in-istanbul-on-march-31-2026,False,False,missing_quote_pair,yes,0.0590000208106565,asymmetric_paired_accumulation,buy,2.210406,2026-03-29T08:37:06+00:00,buy
10°C,,[],Istanbul,0xa6923d6db10f8d2a0e731f246b2ba4bfaaf1283b8ef514194a7ca2299ba3f452,True,highest-temperature-in-istanbul-on-march-31-2026,False,False,missing_quote_pair,yes,0.059000015318616275,asymmetric_paired_accumulation,buy,1.370881,2026-03-29T08:37:34+00:00,buy
10°C,,[],Istanbul,0xa6923d6db10f8d2a0e731f246b2ba4bfaaf1283b8ef514194a7ca2299ba3f452,True,highest-temperature-in-istanbul-on-march-31-2026,False,False,missing_quote_pair,no,0.94,asymmetric_paired_accumulation,buy,5.62,2026-03-29T08:37:34+00:00,buy
10°C,,[],Istanbul,0xa6923d6db10f8d2a0e731f246b2ba4bfaaf1283b8ef514194a7ca2299ba3f452,True,highest-temperature-in-istanbul-on-march-31-2026,False,False,missing_quote_pair,yes,0.05900002977874393,asymmetric_paired_accumulation,buy,1.67905,2026-03-29T08:37:34+00:00,buy
10°C,,[],Istanbul,0xa6923d6db10f8d2a0e731f246b2ba4bfaaf1283b8ef514194a7ca2299ba3f452,True,highest-temperature-in-istanbul-on-march-31-2026,False,False,missing_quote_pair,yes,0.059000050814251324,asymmetric_paired_accumulation,buy,1.062694,2026-03-29T08:37:34+00:00,buy
10°C,,[],Istanbul,0xa6923d6db10f8d2a0e731f246b2ba4bfaaf1283b8ef514194a7ca2299ba3f452,True,highest-temperature-in-istanbul-on-march-31-2026,False,False,missing_quote_pair,yes,0.05900000152595419,asymmetric_paired_accumulation,buy,1.965983,2026-03-29T08:37:34+00:00,buy
10°C,,[],Istanbul,0xa6923d6db10f8d2a0e731f246b2ba4bfaaf1283b8ef514194a7ca2299ba3f452,True,highest-temperature-in-istanbul-on-march-31-2026,False,False,missing_quote_pair,yes,0.059,asymmetric_paired_accumulation,buy,5.0,2026-03-29T08:37:34+00:00,buy
10°C,,[],Istanbul,0xa6923d6db10f8d2a0e731f246b2ba4bfaaf1283b8ef514194a7ca2299ba3f452,True,highest-temperature-in-istanbul-on-march-31-2026,False,False,missing_quote_pair,yes,0.05900000395076485,asymmetric_paired_accumulation,buy,2.784271,2026-03-29T08:37:36+00:00,buy
10°C,,[],Istanbul,0xa6923d6db10f8d2a0e731f246b2ba4bfaaf1283b8ef514194a7ca2299ba3f452,True,highest-temperature-in-istanbul-on-march-31-2026,False,False,missing_quote_pair,yes,0.059000050814251324,asymmetric_paired_accumulation,buy,1.062694,2026-03-29T08:37:50+00:00,buy
10°C,,[],Istanbul,0xa6923d6db10f8d2a0e731f246b2ba4bfaaf1283b8ef514194a7ca2299ba3f452,True,highest-temperature-in-istanbul-on-march-31-2026,False,False,missing_quote_pair,no,0.94,asymmetric_paired_accumulation,buy,1.07,2026-03-29T08:37:50+00:00,buy
10°C,,[],Istanbul,0xa6923d6db10f8d2a0e731f246b2ba4bfaaf1283b8ef514194a7ca2299ba3f452,True,highest-temperature-in-istanbul-on-march-31-2026,False,False,missing_quote_pair,yes,0.059,asymmetric_paired_accumulation,buy,2.16,2026-03-29T08:37:54+00:00,buy
9°C,,[],Istanbul,0x026bf1d5ab0fbe78376bd712fad9e535664e647a16700752bee0bbac379aa0e5,True,highest-temperature-in-istanbul-on-march-31-2026,False,False,missing_quote_pair,yes,0.039000000248964245,asymmetric_paired_accumulation,buy,4.016641,2026-03-29T08:41:54+00:00,buy
9°C,,[],Istanbul,0x026bf1d5ab0fbe78376bd712fad9e535664e647a16700752bee0bbac379aa0e5,True,highest-temperature-in-istanbul-on-march-31-2026,False,False,missing_quote_pair,no,0.96,asymmetric_paired_accumulation,buy,19.17,2026-03-29T08:41:54+00:00,buy
9°C,,[],Istanbul,0x026bf1d5ab0fbe78376bd712fad9e535664e647a16700752bee0bbac379aa0e5,True,highest-temperature-in-istanbul-on-march-31-2026,False,False,missing_quote_pair,yes,0.03900000384406918,asymmetric_paired_accumulation,buy,1.040564,2026-03-29T08:41:54+00:00,buy
9°C,,[],Istanbul,0x026bf1d5ab0fbe78376bd712fad9e535664e647a16700752bee0bbac379aa0e5,True,highest-temperature-in-istanbul-on-march-31-2026,False,False,missing_quote_pair,yes,0.021451715850439305,asymmetric_paired_accumulation,buy,252.89068,2026-03-29T08:41:54+00:00,buy
9°C,,[],Istanbul,0x026bf1d5ab0fbe78376bd712fad9e535664e647a16700752bee0bbac379aa0e5,True,highest-temperature-in-istanbul-on-march-31-2026,False,False,missing_quote_pair,yes,0.039000003267410446,asymmetric_paired_accumulation,buy,5.202897,2026-03-29T08:41:56+00:00,buy
9°C,,[],Istanbul,0x026bf1d5ab0fbe78376bd712fad9e535664e647a16700752bee0bbac379aa0e5,True,highest-temperature-in-istanbul-on-march-31-2026,False,False,missing_quote_pair,no,0.96,asymmetric_paired_accumulation,buy,27.5,2026-03-29T08:41:56+00:00,buy
9°C,,[],Istanbul,0x026bf1d5ab0fbe78376bd712fad9e535664e647a16700752bee0bbac379aa0e5,True,highest-temperature-in-istanbul-on-march-31-2026,False,False,missing_quote_pair,no,0.96,asymmetric_paired_accumulation,buy,27.5,2026-03-29T08:41:56+00:00,buy
9°C,,[],Istanbul,0x026bf1d5ab0fbe78376bd712fad9e535664e647a16700752bee0bbac379aa0e5,True,highest-temperature-in-istanbul-on-march-31-2026,False,False,missing_quote_pair,yes,0.03900000532705451,asymmetric_paired_accumulation,buy,4.693025,2026-03-29T08:41:56+00:00,buy
9°C,,[],Istanbul,0x026bf1d5ab0fbe78376bd712fad9e535664e647a16700752bee0bbac379aa0e5,True,highest-temperature-in-istanbul-on-march-31-2026,False,False,missing_quote_pair,no,0.96,asymmetric_paired_accumulation,buy,63.25,2026-03-29T08:41:56+00:00,buy
9°C,,[],Istanbul,0x026bf1d5ab0fbe78376bd712fad9e535664e647a16700752bee0bbac379aa0e5,True,highest-temperature-in-istanbul-on-march-31-2026,False,False,missing_quote_pair,yes,0.039,asymmetric_paired_accumulation,buy,30.63,2026-03-29T08:41:56+00:00,buy
9°C,,[],Istanbul,0x026bf1d5ab0fbe78376bd712fad9e535664e647a16700752bee0bbac379aa0e5,True,highest-temperature-in-istanbul-on-march-31-2026,False,False,missing_quote_pair,yes,0.03900000145606218,asymmetric_paired_accumulation,buy,9.614974,2026-03-29T08:41:56+00:00,buy
9°C,,[],Istanbul,0x026bf1d5ab0fbe78376bd712fad9e535664e647a16700752bee0bbac379aa0e5,True,highest-temperature-in-istanbul-on-march-31-2026,False,False,missing_quote_pair,yes,0.03900000059412729,asymmetric_paired_accumulation,buy,6.732564,2026-03-29T08:41:56+00:00,buy
9°C,,[],Istanbul,0x026bf1d5ab0fbe78376bd712fad9e535664e647a16700752bee0bbac379aa0e5,True,highest-temperature-in-istanbul-on-march-31-2026,False,False,missing_quote_pair,yes,0.03900000145606218,asymmetric_paired_accumulation,buy,9.614974,2026-03-29T08:41:56+00:00,buy
9°C,,[],Istanbul,0x026bf1d5ab0fbe78376bd712fad9e535664e647a16700752bee0bbac379aa0e5,True,highest-temperature-in-istanbul-on-march-31-2026,False,False,missing_quote_pair,yes,0.03900000384406918,asymmetric_paired_accumulation,buy,1.040564,2026-03-29T08:41:56+00:00,buy
9°C,,[],Istanbul,0x026bf1d5ab0fbe78376bd712fad9e535664e647a16700752bee0bbac379aa0e5,True,highest-temperature-in-istanbul-on-march-31-2026,False,False,missing_quote_pair,yes,0.03900000384406918,asymmetric_paired_accumulation,buy,1.040564,2026-03-29T08:41:56+00:00,buy
9°C,,[],Istanbul,0x026bf1d5ab0fbe78376bd712fad9e535664e647a16700752bee0bbac379aa0e5,True,highest-temperature-in-istanbul-on-march-31-2026,False,False,missing_quote_pair,yes,0.03900000059412729,asymmetric_paired_accumulation,buy,6.732564,2026-03-29T08:41:56+00:00,buy
9°C,,[],Istanbul,0x026bf1d5ab0fbe78376bd712fad9e535664e647a16700752bee0bbac379aa0e5,True,highest-temperature-in-istanbul-on-march-31-2026,False,False,missing_quote_pair,no,0.96,asymmetric_paired_accumulation,buy,27.5,2026-03-29T08:41:56+00:00,buy
9°C,,[],Istanbul,0x026bf1d5ab0fbe78376bd712fad9e535664e647a16700752bee0bbac379aa0e5,True,highest-temperature-in-istanbul-on-march-31-2026,False,False,missing_quote_pair,yes,0.03900000291213224,asymmetric_paired_accumulation,buy,1.373564,2026-03-29T08:41:56+00:00,buy
9°C,,[],Istanbul,0x026bf1d5ab0fbe78376bd712fad9e535664e647a16700752bee0bbac379aa0e5,True,highest-temperature-in-istanbul-on-march-31-2026,False,False,missing_quote_pair,yes,0.03900000384406918,asymmetric_paired_accumulation,buy,1.040564,2026-03-29T08:41:56+00:00,buy
9°C,,[],Istanbul,0x026bf1d5ab0fbe78376bd712fad9e535664e647a16700752bee0bbac379aa0e5,True,highest-temperature-in-istanbul-on-march-31-2026,False,False,missing_quote_pair,yes,0.03900000193991255,asymmetric_paired_accumulation,buy,6.701333,2026-03-29T08:41:56+00:00,buy
9°C,,[],Istanbul,0x026bf1d5ab0fbe78376bd712fad9e535664e647a16700752bee0bbac379aa0e5,True,highest-temperature-in-istanbul-on-march-31-2026,False,False,missing_quote_pair,yes,0.03900000145606218,asymmetric_paired_accumulation,buy,9.614974,2026-03-29T08:41:58+00:00,buy
9°C,,[],Istanbul,0x026bf1d5ab0fbe78376bd712fad9e535664e647a16700752bee0bbac379aa0e5,True,highest-temperature-in-istanbul-on-march-31-2026,False,False,missing_quote_pair,yes,0.03900000291213224,asymmetric_paired_accumulation,buy,1.373564,2026-03-29T08:41:58+00:00,buy
9°C,,[],Istanbul,0x026bf1d5ab0fbe78376bd712fad9e535664e647a16700752bee0bbac379aa0e5,True,highest-temperature-in-istanbul-on-march-31-2026,False,False,missing_quote_pair,yes,0.0390000029279674,asymmetric_paired_accumulation,buy,9.562948,2026-03-29T08:41:58+00:00,buy
9°C,,[],Istanbul,0x026bf1d5ab0fbe78376bd712fad9e535664e647a16700752bee0bbac379aa0e5,True,highest-temperature-in-istanbul-on-march-31-2026,False,False,missing_quote_pair,no,0.96,asymmetric_paired_accumulation,buy,17.275,2026-03-29T08:41:58+00:00,buy
9°C,,[],Istanbul,0x026bf1d5ab0fbe78376bd712fad9e535664e647a16700752bee0bbac379aa0e5,True,highest-temperature-in-istanbul-on-march-31-2026,False,False,missing_quote_pair,yes,0.03900001201255122,asymmetric_paired_accumulation,buy,3.163358,2026-03-29T08:42:00+00:00,buy
9°C,,[],Istanbul,0x026bf1d5ab0fbe78376bd712fad9e535664e647a16700752bee0bbac379aa0e5,True,highest-temperature-in-istanbul-on-march-31-2026,False,False,missing_quote_pair,yes,0.03900001325539163,asymmetric_paired_accumulation,buy,1.50882,2026-03-29T08:42:00+00:00,buy
9°C,,[],Istanbul,0x026bf1d5ab0fbe78376bd712fad9e535664e647a16700752bee0bbac379aa0e5,True,highest-temperature-in-istanbul-on-march-31-2026,False,False,missing_quote_pair,yes,0.039,asymmetric_paired_accumulation,buy,5.744,2026-03-29T08:42:00+00:00,buy
9°C,,[],Istanbul,0x026bf1d5ab0fbe78376bd712fad9e535664e647a16700752bee0bbac379aa0e5,True,highest-temperature-in-istanbul-on-march-31-2026,False,False,missing_quote_pair,yes,0.0390000114756544,asymmetric_paired_accumulation,buy,0.87141,2026-03-29T08:42:00+00:00,buy
9°C,,[],Istanbul,0x026bf1d5ab0fbe78376bd712fad9e535664e647a16700752bee0bbac379aa0e5,True,highest-temperature-in-istanbul-on-march-31-2026,False,False,missing_quote_pair,yes,0.039,asymmetric_paired_accumulation,buy,7.37,2026-03-29T08:42:00+00:00,buy
9°C,,[],Istanbul,0x026bf1d5ab0fbe78376bd712fad9e535664e647a16700752bee0bbac379aa0e5,True,highest-temperature-in-istanbul-on-march-31-2026,False,False,missing_quote_pair,yes,0.03900000961005596,asymmetric_paired_accumulation,buy,1.248692,2026-03-29T08:42:00+00:00,buy
9°C,,[],Istanbul,0x026bf1d5ab0fbe78376bd712fad9e535664e647a16700752bee0bbac379aa0e5,True,highest-temperature-in-istanbul-on-march-31-2026,False,False,missing_quote_pair,no,0.96,asymmetric_paired_accumulation,buy,25.0,2026-03-29T08:42:00+00:00,buy
9°C,,[],Istanbul,0x026bf1d5ab0fbe78376bd712fad9e535664e647a16700752bee0bbac379aa0e5,True,highest-temperature-in-istanbul-on-march-31-2026,False,False,missing_quote_pair,yes,0.039000000803268514,asymmetric_paired_accumulation,buy,13.694051,2026-03-29T08:42:02+00:00,buy
9°C,,[],Istanbul,0x026bf1d5ab0fbe78376bd712fad9e535664e647a16700752bee0bbac379aa0e5,True,highest-temperature-in-istanbul-on-march-31-2026,False,False,missing_quote_pair,yes,0.03900002420858113,asymmetric_paired_accumulation,buy,1.363153,2026-03-29T08:42:02+00:00,buy
9°C,,[],Istanbul,0x026bf1d5ab0fbe78376bd712fad9e535664e647a16700752bee0bbac379aa0e5,True,highest-temperature-in-istanbul-on-march-31-2026,False,False,missing_quote_pair,yes,0.03900000291213224,asymmetric_paired_accumulation,buy,1.373564,2026-03-29T08:42:02+00:00,buy
9°C,,[],Istanbul,0x026bf1d5ab0fbe78376bd712fad9e535664e647a16700752bee0bbac379aa0e5,True,highest-temperature-in-istanbul-on-march-31-2026,False,False,missing_quote_pair,yes,0.039000006831798835,asymmetric_paired_accumulation,buy,2.195615,2026-03-29T08:42:02+00:00,buy
9°C,,[],Istanbul,0x026bf1d5ab0fbe78376bd712fad9e535664e647a16700752bee0bbac379aa0e5,True,highest-temperature-in-istanbul-on-march-31-2026,False,False,missing_quote_pair,yes,0.0390000012133846,asymmetric_paired_accumulation,buy,8.24141,2026-03-29T08:42:04+00:00,buy
9°C,,[],Istanbul,0x026bf1d5ab0fbe78376bd712fad9e535664e647a16700752bee0bbac379aa0e5,True,highest-temperature-in-istanbul-on-march-31-2026,False,False,missing_quote_pair,yes,0.03900002420858113,asymmetric_paired_accumulation,buy,1.363153,2026-03-29T08:42:04+00:00,buy
9°C,,[],Istanbul,0x026bf1d5ab0fbe78376bd712fad9e535664e647a16700752bee0bbac379aa0e5,True,highest-temperature-in-istanbul-on-march-31-2026,False,False,missing_quote_pair,yes,0.0390000012133846,asymmetric_paired_accumulation,buy,8.24141,2026-03-29T08:42:04+00:00,buy
9°C,,[],Istanbul,0x026bf1d5ab0fbe78376bd712fad9e535664e647a16700752bee0bbac379aa0e5,True,highest-temperature-in-istanbul-on-march-31-2026,False,False,missing_quote_pair,yes,0.039000000803268514,asymmetric_paired_accumulation,buy,13.694051,2026-03-29T08:42:04+00:00,buy
9°C,,[],Istanbul,0x026bf1d5ab0fbe78376bd712fad9e535664e647a16700752bee0bbac379aa0e5,True,highest-temperature-in-istanbul-on-march-31-2026,False,False,missing_quote_pair,yes,0.03900002420858113,asymmetric_paired_accumulation,buy,1.363153,2026-03-29T08:42:06+00:00,buy
9°C,,[],Istanbul,0x026bf1d5ab0fbe78376bd712fad9e535664e647a16700752bee0bbac379aa0e5,True,highest-temperature-in-istanbul-on-march-31-2026,False,False,missing_quote_pair,yes,0.03900000237047029,asymmetric_paired_accumulation,buy,15.608717,2026-03-29T08:42:06+00:00,buy
9°C,,[],Istanbul,0x026bf1d5ab0fbe78376bd712fad9e535664e647a16700752bee0bbac379aa0e5,True,highest-temperature-in-istanbul-on-march-31-2026,False,False,missing_quote_pair,yes,0.039000000803268514,asymmetric_paired_accumulation,buy,13.694051,2026-03-29T08:42:06+00:00,buy
9°C,,[],Istanbul,0x026bf1d5ab0fbe78376bd712fad9e535664e647a16700752bee0bbac379aa0e5,True,highest-temperature-in-istanbul-on-march-31-2026,False,False,missing_quote_pair,yes,0.039,asymmetric_paired_accumulation,buy,1.86,2026-03-29T08:42:08+00:00,buy
9°C,,[],Istanbul,0x026bf1d5ab0fbe78376bd712fad9e535664e647a16700752bee0bbac379aa0e5,True,highest-temperature-in-istanbul-on-march-31-2026,False,False,missing_quote_pair,yes,0.03900000059412729,asymmetric_paired_accumulation,buy,6.732564,2026-03-29T08:42:08+00:00,buy
9°C,,[],Istanbul,0x026bf1d5ab0fbe78376bd712fad9e535664e647a16700752bee0bbac379aa0e5,True,highest-temperature-in-istanbul-on-march-31-2026,False,False,missing_quote_pair,yes,0.03900000145606218,asymmetric_paired_accumulation,buy,9.614974,2026-03-29T08:42:08+00:00,buy
9°C,,[],Istanbul,0x026bf1d5ab0fbe78376bd712fad9e535664e647a16700752bee0bbac379aa0e5,True,highest-temperature-in-istanbul-on-march-31-2026,False,False,missing_quote_pair,no,0.96,asymmetric_paired_accumulation,buy,8.0,2026-03-29T08:42:12+00:00,buy
9°C,,[],Istanbul,0x026bf1d5ab0fbe78376bd712fad9e535664e647a16700752bee0bbac379aa0e5,True,highest-temperature-in-istanbul-on-march-31-2026,False,False,missing_quote_pair,yes,0.02,asymmetric_paired_accumulation,buy,4.9825,2026-03-29T08:42:18+00:00,buy
9°C,,[],Istanbul,0x026bf1d5ab0fbe78376bd712fad9e535664e647a16700752bee0bbac379aa0e5,True,highest-temperature-in-istanbul-on-march-31-2026,False,False,missing_quote_pair,yes,0.039,asymmetric_paired_accumulation,buy,5.0,2026-03-29T08:42:26+00:00,buy
9°C,,[],Istanbul,0x026bf1d5ab0fbe78376bd712fad9e535664e647a16700752bee0bbac379aa0e5,True,highest-temperature-in-istanbul-on-march-31-2026,False,False,missing_quote_pair,yes,0.039,asymmetric_paired_accumulation,buy,20.0,2026-03-29T08:42:28+00:00,buy
22°C,,[],Tel Aviv,0xa605c17afd9c6781c95b3fa63c22abecac66a569ed06fe119ddfecd237d44219,True,highest-temperature-in-tel-aviv-on-march-29-2026,False,False,missing_quote_pair,yes,0.9,high_prob_bucket_accumulation,buy,437.22,2026-03-29T08:56:42+00:00,buy
8°C,,[],Paris,0x6a4b670cc9db62915d93c30e9dc56d55ffb4eeaa2de8051c09377002bc9b1649,True,highest-temperature-in-paris-on-march-29-2026,False,False,missing_quote_pair,yes,0.010618340531731833,asymmetric_paired_accumulation,buy,877.51,2026-03-29T08:59:00+00:00,buy
8°C,,[],Paris,0x6a4b670cc9db62915d93c30e9dc56d55ffb4eeaa2de8051c09377002bc9b1649,True,highest-temperature-in-paris-on-march-29-2026,False,False,missing_quote_pair,yes,0.03900000126622948,asymmetric_paired_accumulation,buy,15.005179,2026-03-29T08:59:04+00:00,buy
8°C,,[],Paris,0x6a4b670cc9db62915d93c30e9dc56d55ffb4eeaa2de8051c09377002bc9b1649,True,highest-temperature-in-paris-on-march-29-2026,False,False,missing_quote_pair,yes,0.039,asymmetric_paired_accumulation,buy,15.6,2026-03-29T08:59:04+00:00,buy
8°C,,[],Paris,0x6a4b670cc9db62915d93c30e9dc56d55ffb4eeaa2de8051c09377002bc9b1649,True,highest-temperature-in-paris-on-march-29-2026,False,False,missing_quote_pair,yes,0.039,asymmetric_paired_accumulation,buy,13.0,2026-03-29T08:59:04+00:00,buy
8°C,,[],Paris,0x6a4b670cc9db62915d93c30e9dc56d55ffb4eeaa2de8051c09377002bc9b1649,True,highest-temperature-in-paris-on-march-29-2026,False,False,missing_quote_pair,no,0.96,asymmetric_paired_accumulation,buy,27.5,2026-03-29T08:59:06+00:00,buy
8°C,,[],Paris,0x6a4b670cc9db62915d93c30e9dc56d55ffb4eeaa2de8051c09377002bc9b1649,True,highest-temperature-in-paris-on-march-29-2026,False,False,missing_quote_pair,no,0.96,asymmetric_paired_accumulation,buy,27.5,2026-03-29T08:59:08+00:00,buy
8°C,,[],Paris,0x6a4b670cc9db62915d93c30e9dc56d55ffb4eeaa2de8051c09377002bc9b1649,True,highest-temperature-in-paris-on-march-29-2026,False,False,missing_quote_pair,yes,0.039,asymmetric_paired_accumulation,buy,5.88,2026-03-29T08:59:08+00:00,buy
8°C,,[],Paris,0x6a4b670cc9db62915d93c30e9dc56d55ffb4eeaa2de8051c09377002bc9b1649,True,highest-temperature-in-paris-on-march-29-2026,False,False,missing_quote_pair,yes,0.03900000991243118,asymmetric_paired_accumulation,buy,3.329153,2026-03-29T08:59:08+00:00,buy
8°C,,[],Paris,0x6a4b670cc9db62915d93c30e9dc56d55ffb4eeaa2de8051c09377002bc9b1649,True,highest-temperature-in-paris-on-march-29-2026,False,False,missing_quote_pair,no,0.96,asymmetric_paired_accumulation,buy,27.5,2026-03-29T08:59:08+00:00,buy
8°C,,[],Paris,0x6a4b670cc9db62915d93c30e9dc56d55ffb4eeaa2de8051c09377002bc9b1649,True,highest-temperature-in-paris-on-march-29-2026,False,False,missing_quote_pair,no,0.96,asymmetric_paired_accumulation,buy,25.0,2026-03-29T08:59:08+00:00,buy
8°C,,[],Paris,0x6a4b670cc9db62915d93c30e9dc56d55ffb4eeaa2de8051c09377002bc9b1649,True,highest-temperature-in-paris-on-march-29-2026,False,False,missing_quote_pair,yes,0.03900000291213224,asymmetric_paired_accumulation,buy,1.373564,2026-03-29T08:59:10+00:00,buy
8°C,,[],Paris,0x6a4b670cc9db62915d93c30e9dc56d55ffb4eeaa2de8051c09377002bc9b1649,True,highest-temperature-in-paris-on-march-29-2026,False,False,missing_quote_pair,yes,0.03900000291213224,asymmetric_paired_accumulation,buy,1.373564,2026-03-29T08:59:10+00:00,buy
8°C,,[],Paris,0x6a4b670cc9db62915d93c30e9dc56d55ffb4eeaa2de8051c09377002bc9b1649,True,highest-temperature-in-paris-on-march-29-2026,False,False,missing_quote_pair,yes,0.03900000145606218,asymmetric_paired_accumulation,buy,9.614974,2026-03-29T08:59:10+00:00,buy
8°C,,[],Paris,0x6a4b670cc9db62915d93c30e9dc56d55ffb4eeaa2de8051c09377002bc9b1649,True,highest-temperature-in-paris-on-march-29-2026,False,False,missing_quote_pair,yes,0.039000003267410446,asymmetric_paired_accumulation,buy,5.202897,2026-03-29T08:59:10+00:00,buy
8°C,,[],Paris,0x6a4b670cc9db62915d93c30e9dc56d55ffb4eeaa2de8051c09377002bc9b1649,True,highest-temperature-in-paris-on-march-29-2026,False,False,missing_quote_pair,yes,0.03900000291213224,asymmetric_paired_accumulation,buy,1.373564,2026-03-29T08:59:10+00:00,buy
8°C,,[],Paris,0x6a4b670cc9db62915d93c30e9dc56d55ffb4eeaa2de8051c09377002bc9b1649,True,highest-temperature-in-paris-on-march-29-2026,False,False,missing_quote_pair,no,0.96,asymmetric_paired_accumulation,buy,25.0,2026-03-29T08:59:12+00:00,buy
8°C,,[],Paris,0x6a4b670cc9db62915d93c30e9dc56d55ffb4eeaa2de8051c09377002bc9b1649,True,highest-temperature-in-paris-on-march-29-2026,False,False,missing_quote_pair,yes,0.039,asymmetric_paired_accumulation,buy,2.23,2026-03-29T08:59:12+00:00,buy
8°C,,[],Paris,0x6a4b670cc9db62915d93c30e9dc56d55ffb4eeaa2de8051c09377002bc9b1649,True,highest-temperature-in-paris-on-march-29-2026,False,False,missing_quote_pair,yes,0.03900000088838271,asymmetric_paired_accumulation,buy,4.502564,2026-03-29T08:59:12+00:00,buy
8°C,,[],Paris,0x6a4b670cc9db62915d93c30e9dc56d55ffb4eeaa2de8051c09377002bc9b1649,True,highest-temperature-in-paris-on-march-29-2026,False,False,missing_quote_pair,yes,0.03900000961005596,asymmetric_paired_accumulation,buy,1.248692,2026-03-29T08:59:12+00:00,buy
8°C,,[],Paris,0x6a4b670cc9db62915d93c30e9dc56d55ffb4eeaa2de8051c09377002bc9b1649,True,highest-temperature-in-paris-on-march-29-2026,False,False,missing_quote_pair,yes,0.039,asymmetric_paired_accumulation,buy,1.85,2026-03-29T08:59:12+00:00,buy
8°C,,[],Paris,0x6a4b670cc9db62915d93c30e9dc56d55ffb4eeaa2de8051c09377002bc9b1649,True,highest-temperature-in-paris-on-march-29-2026,False,False,missing_quote_pair,yes,0.039000001802968046,asymmetric_paired_accumulation,buy,7.764974,2026-03-29T08:59:12+00:00,buy
8°C,,[],Paris,0x6a4b670cc9db62915d93c30e9dc56d55ffb4eeaa2de8051c09377002bc9b1649,True,highest-temperature-in-paris-on-march-29-2026,False,False,missing_quote_pair,yes,0.03900000961005596,asymmetric_paired_accumulation,buy,1.248692,2026-03-29T08:59:14+00:00,buy
8°C,,[],Paris,0x6a4b670cc9db62915d93c30e9dc56d55ffb4eeaa2de8051c09377002bc9b1649,True,highest-temperature-in-paris-on-march-29-2026,False,False,missing_quote_pair,yes,0.039,asymmetric_paired_accumulation,buy,4.61,2026-03-29T08:59:14+00:00,buy
8°C,,[],Paris,0x6a4b670cc9db62915d93c30e9dc56d55ffb4eeaa2de8051c09377002bc9b1649,True,highest-temperature-in-paris-on-march-29-2026,False,False,missing_quote_pair,yes,0.039,asymmetric_paired_accumulation,buy,4.339,2026-03-29T08:59:14+00:00,buy
8°C,,[],Paris,0x6a4b670cc9db62915d93c30e9dc56d55ffb4eeaa2de8051c09377002bc9b1649,True,highest-temperature-in-paris-on-march-29-2026,False,False,missing_quote_pair,yes,0.03900000961005596,asymmetric_paired_accumulation,buy,1.248692,2026-03-29T08:59:14+00:00,buy
8°C,,[],Paris,0x6a4b670cc9db62915d93c30e9dc56d55ffb4eeaa2de8051c09377002bc9b1649,True,highest-temperature-in-paris-on-march-29-2026,False,False,missing_quote_pair,yes,0.03900000291213224,asymmetric_paired_accumulation,buy,1.373564,2026-03-29T08:59:14+00:00,buy
8°C,,[],Paris,0x6a4b670cc9db62915d93c30e9dc56d55ffb4eeaa2de8051c09377002bc9b1649,True,highest-temperature-in-paris-on-march-29-2026,False,False,missing_quote_pair,yes,0.0390000012133846,asymmetric_paired_accumulation,buy,8.24141,2026-03-29T08:59:14+00:00,buy
8°C,,[],Paris,0x6a4b670cc9db62915d93c30e9dc56d55ffb4eeaa2de8051c09377002bc9b1649,True,highest-temperature-in-paris-on-march-29-2026,False,False,missing_quote_pair,yes,0.03900000291213224,asymmetric_paired_accumulation,buy,1.373564,2026-03-29T08:59:14+00:00,buy
8°C,,[],Paris,0x6a4b670cc9db62915d93c30e9dc56d55ffb4eeaa2de8051c09377002bc9b1649,True,highest-temperature-in-paris-on-march-29-2026,False,False,missing_quote_pair,yes,0.039,asymmetric_paired_accumulation,buy,5.53,2026-03-29T08:59:16+00:00,buy
8°C,,[],Paris,0x6a4b670cc9db62915d93c30e9dc56d55ffb4eeaa2de8051c09377002bc9b1649,True,highest-temperature-in-paris-on-march-29-2026,False,False,missing_quote_pair,yes,0.039000003427194396,asymmetric_paired_accumulation,buy,4.084974,2026-03-29T08:59:16+00:00,buy
8°C,,[],Paris,0x6a4b670cc9db62915d93c30e9dc56d55ffb4eeaa2de8051c09377002bc9b1649,True,highest-temperature-in-paris-on-march-29-2026,False,False,missing_quote_pair,yes,0.03900000253597785,asymmetric_paired_accumulation,buy,7.492179,2026-03-29T08:59:16+00:00,buy
8°C,,[],Paris,0x6a4b670cc9db62915d93c30e9dc56d55ffb4eeaa2de8051c09377002bc9b1649,True,highest-temperature-in-paris-on-march-29-2026,False,False,missing_quote_pair,yes,0.0390000012133846,asymmetric_paired_accumulation,buy,8.24141,2026-03-29T08:59:16+00:00,buy
8°C,,[],Paris,0x6a4b670cc9db62915d93c30e9dc56d55ffb4eeaa2de8051c09377002bc9b1649,True,highest-temperature-in-paris-on-march-29-2026,False,False,missing_quote_pair,yes,0.03900000253597785,asymmetric_paired_accumulation,buy,7.492179,2026-03-29T08:59:20+00:00,buy
8°C,,[],Paris,0x6a4b670cc9db62915d93c30e9dc56d55ffb4eeaa2de8051c09377002bc9b1649,True,highest-temperature-in-paris-on-march-29-2026,False,False,missing_quote_pair,no,0.96,asymmetric_paired_accumulation,buy,1.5,2026-03-29T08:59:34+00:00,buy
8°C,,[],Paris,0x6a4b670cc9db62915d93c30e9dc56d55ffb4eeaa2de8051c09377002bc9b1649,True,highest-temperature-in-paris-on-march-29-2026,False,False,missing_quote_pair,no,0.96,asymmetric_paired_accumulation,buy,1.56,2026-03-29T08:59:34+00:00,buy
8°C,,[],Paris,0x6a4b670cc9db62915d93c30e9dc56d55ffb4eeaa2de8051c09377002bc9b1649,True,highest-temperature-in-paris-on-march-29-2026,False,False,missing_quote_pair,no,0.96,asymmetric_paired_accumulation,buy,1.3,2026-03-29T08:59:34+00:00,buy
8°C,,[],Paris,0x6a4b670cc9db62915d93c30e9dc56d55ffb4eeaa2de8051c09377002bc9b1649,True,highest-temperature-in-paris-on-march-29-2026,False,False,missing_quote_pair,yes,0.039,asymmetric_paired_accumulation,buy,0.16,2026-03-29T08:59:34+00:00,buy
8°C,,[],Paris,0x6a4b670cc9db62915d93c30e9dc56d55ffb4eeaa2de8051c09377002bc9b1649,True,highest-temperature-in-paris-on-march-29-2026,False,False,missing_quote_pair,no,0.96,asymmetric_paired_accumulation,buy,8.0,2026-03-29T08:59:34+00:00,buy
8°C,,[],Paris,0x6a4b670cc9db62915d93c30e9dc56d55ffb4eeaa2de8051c09377002bc9b1649,True,highest-temperature-in-paris-on-march-29-2026,False,False,missing_quote_pair,no,0.9987639504386362,asymmetric_paired_accumulation,buy,442.28,2026-03-29T09:00:18+00:00,buy
